{"type":"FeatureCollection","attribution":"\u00a9 OpenStreetMap contributors, ODbL","features":[{"type":"Feature","properties":{"class":"public","name":"Sant'Ignazio di Loyola a Campo Marzio","name:en":"Church of St. Ignatius of Loyola at Campus Martius"},"geometry":{"type":"Polygon","coordinates":[[[12.4797823,41.8984706],[12.4797419,41.8984659],[12.4795757,41.8984463],[12.4794852,41.8988498],[12.4794271,41.899123],[12.4794526,41.8991449],[12.4797199,41.8991736],[12.4799967,41.8992033],[12.4800397,41.8990289],[12.4800801,41.898865],[12.4801332,41.8986495],[12.4801396,41.8986234],[12.4800877,41.8986176],[12.4800981,41.8985765],[12.4801085,41.8985276],[12.480114,41.8985019],[12.4800248,41.8984942],[12.4799841,41.8984891],[12.4799826,41.8984618],[12.4799712,41.8984395],[12.479951,41.8984211],[12.4799242,41.8984082],[12.4798933,41.8984021],[12.4798614,41.8984036],[12.4798317,41.8984123],[12.4798071,41.8984274],[12.4797901,41.8984476],[12.4797823,41.8984706]]]}},{"type":"Feature","properties":{"class":"ruin","name":"Monte Testaccio","name:en":null},"geometry":{"type":"Polygon","coordinates":[[[12.4738733,41.8761738],[12.4738789,41.8760199],[12.4738955,41.8758496],[12.473985,41.8757026],[12.4741022,41.8755357],[12.4742175,41.8754226],[12.4743909,41.8752914],[12.4744992,41.8752419],[12.474612,41.8752217],[12.4749192,41.8751258],[12.4751702,41.8748697],[12.4753863,41.87463],[12.4755765,41.8745651],[12.4757758,41.8745878],[12.4759733,41.8746369],[12.4761524,41.8747307],[12.4762983,41.8748724],[12.4764911,41.8752156],[12.4765088,41.8753527],[12.4764643,41.8755834],[12.4763648,41.8757583],[12.4762206,41.8760889],[12.4761585,41.8760797],[12.4761079,41.8762948],[12.4760335,41.8764974],[12.4760137,41.8766546],[12.476083,41.8768193],[12.4760046,41.8771071],[12.4767779,41.8781112],[12.4758592,41.8773284],[12.4738983,41.8765323],[12.4738739,41.8763879],[12.4738733,41.8761738]]]}},{"type":"Feature","properties":{"class":"ruin","name":"Basilica costantiniana di S. Agnese","name:en":null},"geometry":{"type":"Polygon","coordinates":[[[12.5177792,41.9230826],[12.5171499,41.9234444],[12.516984,41.9234342],[12.5168624,41.9233511],[12.5168366,41.9232426],[12.5168863,41.9231507],[12.5173808,41.9228512],[12.5174766,41.9227932],[12.5175066,41.9228233],[12.5177792,41.9230826]]]}},{"type":"Feature","properties":{"class":"public","name":null,"name:en":null},"geometry":{"type":"Polygon","coordinates":[[[12.4573505,41.9314111],[12.4575106,41.9314004],[12.4575056,41.9313589],[12.4582493,41.9313071],[12.458256,41.9313605],[12.4583343,41.9313552],[12.4583433,41.9314395],[12.4582767,41.9314444],[12.4576325,41.9314879],[12.457528,41.9314932],[12.4575459,41.9316434],[12.4573764,41.9316542],[12.4573505,41.9314111]]]}},{"type":"Feature","properties":{"class":"ruin","name":"Largo di Torre Argentina","name:en":null},"geometry":{"type":"Polygon","coordinates":[[[12.4772454,41.8951923],[12.4771732,41.8951888],[12.477184,41.8950671],[12.4771154,41.8950621],[12.4771152,41.8949659],[12.4770821,41.8949663],[12.4767959,41.8949652],[12.4765813,41.8949658],[12.476581,41.8949825],[12.4765527,41.8949829],[12.4765527,41.8949916],[12.4765527,41.8950105],[12.4765528,41.8950316],[12.4765629,41.8950316],[12.476563,41.895069],[12.4765504,41.895069],[12.4765505,41.8950812],[12.4765505,41.8951259],[12.4765506,41.8951591],[12.4765273,41.8951591],[12.4765279,41.8952126],[12.4765314,41.89543],[12.4765366,41.8957531],[12.4765414,41.8957729],[12.476553,41.8957895],[12.4765691,41.8958006],[12.4765879,41.8958079],[12.4766104,41.8958114],[12.4770106,41.8958251],[12.4771063,41.8958284],[12.4771323,41.8958247],[12.4771529,41.895816],[12.4771659,41.8958075],[12.4771743,41.8957976],[12.4771789,41.8957844],[12.477207,41.8955216],[12.4772177,41.8954215],[12.4772414,41.8952281],[12.4772454,41.8951923]]]}},{"type":"Feature","properties":{"class":"ruin","name":"Sepolcro di Annia Regilla","name:en":null},"geometry":{"type":"Polygon","coordinates":[[[12.5164272,41.8652072],[12.5163879,41.8651347],[12.5164908,41.8651038],[12.51653,41.8651762],[12.5164272,41.8652072]]]}},{"type":"Feature","properties":{"class":"public","name":"Chiesa di Nostra Signora del Santissimo Sacramento e dei Santi Martiri Canadesi","name:en":null},"geometry":{"type":"Polygon","coordinates":[[[12.5185713,41.91743],[12.5189964,41.9177503],[12.5191601,41.9176306],[12.5188677,41.917406],[12.5189321,41.9173601],[12.5189549,41.9173761],[12.5190769,41.9172823],[12.5189643,41.9172015],[12.5188234,41.9172973],[12.5185512,41.9170947],[12.5183581,41.9172424],[12.5185887,41.917415],[12.5185713,41.91743]]]}},{"type":"Feature","properties":{"class":"public","name":"Chiesa di San Saturnino","name:en":null},"geometry":{"type":"Polygon","coordinates":[[[12.5075084,41.9224923],[12.5076939,41.9226692],[12.5076486,41.9226954],[12.5077436,41.9227863],[12.5077842,41.9227629],[12.5078217,41.9227988],[12.5080219,41.9226836],[12.507987,41.92265],[12.5080276,41.9226267],[12.5079369,41.9225391],[12.5078915,41.9225651],[12.5076844,41.9223646],[12.5077254,41.922342],[12.5077013,41.9223179],[12.5077228,41.9223056],[12.5077239,41.9222742],[12.5078074,41.9222756],[12.5078068,41.9222944],[12.5078778,41.9222956],[12.5078798,41.9222291],[12.5078614,41.9222287],[12.5078633,41.9221619],[12.5078845,41.9221621],[12.5078854,41.9220942],[12.5076636,41.9220924],[12.5076623,41.9221796],[12.5077103,41.92218],[12.5077099,41.9222088],[12.5076645,41.9222084],[12.5076594,41.922222],[12.5075741,41.9222221],[12.50753,41.922248],[12.5075157,41.9222345],[12.5073772,41.9223156],[12.5074136,41.92235],[12.5073842,41.9223671],[12.5074117,41.9223933],[12.5073654,41.9224202],[12.5074667,41.9225166],[12.5075084,41.9224923]]]}},{"type":"Feature","properties":{"class":"public","name":"Palazzina Samoggia","name:en":null},"geometry":{"type":"Polygon","coordinates":[[[12.5174688,41.8881436],[12.5174859,41.8881642],[12.5164473,41.88859],[12.5163615,41.888474],[12.5164559,41.8884353],[12.516474,41.88846],[12.5168214,41.8883181],[12.516803,41.8882932],[12.5170116,41.888208],[12.5170265,41.8882282],[12.5173503,41.8880958],[12.5173341,41.8880739],[12.5173966,41.8880483],[12.5174688,41.8881436]]]}},{"type":"Feature","properties":{"class":"public","name":null,"name:en":null},"geometry":{"type":"Polygon","coordinates":[[[12.517536,41.8882319],[12.5176067,41.8882027],[12.5177295,41.888152],[12.5177595,41.8881929],[12.5177394,41.8882011],[12.5179252,41.888454],[12.517953,41.8884524],[12.5180724,41.888595],[12.5180696,41.8886197],[12.5182403,41.8888585],[12.5182554,41.8888524],[12.5183032,41.8889183],[12.5181573,41.888977],[12.5181047,41.8889982],[12.5180095,41.8888684],[12.517536,41.8882319]]]}},{"type":"Feature","properties":{"class":"public","name":null,"name:en":null},"geometry":{"type":"Polygon","coordinates":[[[12.5174688,41.8881436],[12.5174859,41.8881642],[12.517536,41.8882319],[12.5176067,41.8882027],[12.5175328,41.8881142],[12.5174688,41.8881436]]]}},{"type":"Feature","properties":{"class":"ruin","name":null,"name:en":null},"geometry":{"type":"Polygon","coordinates":[[[12.5093287,41.8988236],[12.5095452,41.8989139],[12.5085645,41.9004737],[12.5084439,41.9004476],[12.5093287,41.8988236]]]}},{"type":"Feature","properties":{"class":"public","name":"Basilica di Santa Maria sopra Minerva","name:en":null},"geometry":{"type":"Polygon","coordinates":[[[12.4789237,41.8979587],[12.4789304,41.8978525],[12.4788546,41.8978504],[12.4787825,41.8978488],[12.4787305,41.8978478],[12.4786172,41.8978446],[12.4785015,41.8978405],[12.4785022,41.8978192],[12.4784583,41.8978166],[12.4784599,41.8977898],[12.4783251,41.8977815],[12.4783223,41.8978063],[12.4777767,41.8977981],[12.4777695,41.8979751],[12.4777689,41.8979919],[12.4777646,41.8981076],[12.477761,41.8981791],[12.4778301,41.8981813],[12.47784,41.8981149],[12.4780784,41.8981234],[12.4780951,41.8981914],[12.4781663,41.8981923],[12.4781718,41.8981484],[12.4785032,41.898165],[12.478501,41.8981923],[12.4787012,41.8982009],[12.4788211,41.8982018],[12.4788252,41.8981589],[12.4788957,41.898161],[12.4788987,41.8981399],[12.4789054,41.8980941],[12.4789334,41.8980822],[12.4789551,41.8980644],[12.4789681,41.8980425],[12.4789714,41.8980186],[12.4789644,41.8979952],[12.478948,41.8979745],[12.4789237,41.8979587]]]}},{"type":"Feature","properties":{"class":"public","name":"Chiesa del Ges\u00f9","name:en":null},"geometry":{"type":"Polygon","coordinates":[[[12.4794146,41.8956454],[12.4793947,41.8956958],[12.4793482,41.8958138],[12.4793057,41.8959216],[12.479277,41.8959944],[12.4796793,41.8960823],[12.4799399,41.8961393],[12.480199,41.8961959],[12.4803366,41.8958468],[12.4800672,41.895788],[12.4798056,41.8957308],[12.4794146,41.8956454]]]}},{"type":"Feature","properties":{"class":"public","name":"Basilica di Sant'Andrea della Valle","name:en":null},"geometry":{"type":"Polygon","coordinates":[[[12.4741994,41.8957185],[12.4741992,41.8958093],[12.4740543,41.8958092],[12.474054,41.8960227],[12.4741094,41.8960228],[12.4741089,41.8963929],[12.4742282,41.896393],[12.474335,41.8963931],[12.4744413,41.8963931],[12.474548,41.8963932],[12.474548,41.8963698],[12.4745484,41.8960474],[12.4745485,41.8960171],[12.4746115,41.8960171],[12.4746116,41.8959494],[12.4746118,41.8958228],[12.4746118,41.8958093],[12.4744637,41.8958092],[12.4744638,41.8957206],[12.4744608,41.895688],[12.4744434,41.8956584],[12.4744141,41.8956346],[12.4743761,41.8956191],[12.4743334,41.8956136],[12.4742905,41.8956186],[12.4742522,41.8956336],[12.4742224,41.8956571],[12.4742043,41.8956864],[12.4741994,41.8957185]]]}},{"type":"Feature","properties":{"class":"public","name":"Santa Maria in Aracoeli","name:en":null},"geometry":{"type":"Polygon","coordinates":[[[12.4827451,41.8940392],[12.4827309,41.8940946],[12.4831979,41.8941835],[12.4832035,41.8941929],[12.483254,41.8942007],[12.4832801,41.8942049],[12.4834065,41.8942264],[12.4834176,41.8941903],[12.4834548,41.8940684],[12.4836069,41.8940941],[12.4836521,41.8939458],[12.4836075,41.8939383],[12.483618,41.8939038],[12.4835741,41.8938964],[12.4835905,41.8938423],[12.483593,41.8938318],[12.4835132,41.893821],[12.4835301,41.8937515],[12.4833561,41.893728],[12.4833493,41.8937562],[12.4833355,41.8938057],[12.4833101,41.8938018],[12.4830722,41.893765],[12.483076,41.8937514],[12.483074,41.8937392],[12.4830657,41.8937303],[12.4830465,41.893721],[12.4830252,41.8937202],[12.4830049,41.8937268],[12.4829938,41.8937386],[12.4829889,41.8937533],[12.4828944,41.8937258],[12.4828379,41.893739],[12.4828158,41.8937655],[12.4827802,41.8939174],[12.4827451,41.8940392]]]}},{"type":"Feature","properties":{"class":"public","name":"Palazzo Nuovo","name:en":null},"geometry":{"type":"Polygon","coordinates":[[[12.483394,41.893405],[12.4831175,41.8934973],[12.4828099,41.8936046],[12.4828944,41.8937258],[12.4830745,41.8936676],[12.4832707,41.8936007],[12.483321,41.8936825],[12.4833255,41.8936966],[12.4834021,41.8936725],[12.4835262,41.8936329],[12.4834657,41.8935294],[12.483394,41.893405]]]}},{"type":"Feature","properties":{"class":"public","name":"Chiesa di San Giovanni a Porta Latina","name:en":"Saint John at the Latin Gate"},"geometry":{"type":"Polygon","coordinates":[[[12.5019155,41.877371],[12.5017949,41.8772441],[12.5018848,41.8771967],[12.5018718,41.877183],[12.5019266,41.8771542],[12.5019058,41.8771323],[12.501982,41.8770922],[12.5020158,41.8771277],[12.502033,41.8771436],[12.5020444,41.8771438],[12.5020511,41.8771588],[12.5020847,41.8771593],[12.5020999,41.8771706],[12.5021122,41.8771835],[12.5021142,41.8772052],[12.5021189,41.8772257],[12.5021405,41.8772525],[12.5019155,41.877371]]]}},{"type":"Feature","properties":{"class":"ruin","name":"Foro Boario","name:en":"Forum Boarium"},"geometry":{"type":"Polygon","coordinates":[[[12.4809758,41.8894938],[12.4806357,41.8894077],[12.480603,41.8893828],[12.4805633,41.8893473],[12.4805257,41.8893134],[12.4804954,41.8892726],[12.4804772,41.889225],[12.4804729,41.8891984],[12.4804704,41.8891685],[12.4804725,41.8891128],[12.4804784,41.8889807],[12.4805053,41.8887382],[12.4805208,41.8886704],[12.4805421,41.8886372],[12.48057,41.8886096],[12.4805957,41.8885946],[12.4806378,41.8885771],[12.4806835,41.8885658],[12.4807394,41.8885587],[12.4808019,41.8885561],[12.4809718,41.8882747],[12.4810284,41.8882221],[12.4811325,41.8882118],[12.4812102,41.8883078],[12.4812408,41.8883584],[12.4812719,41.8884201],[12.4812799,41.8884447],[12.4812957,41.8884705],[12.4813152,41.8885121],[12.4813172,41.8885536],[12.4813115,41.8885715],[12.4813,41.8886471],[12.4812891,41.8887155],[12.4812802,41.8887465],[12.4812705,41.8887833],[12.4812395,41.8888585],[12.4812057,41.8889408],[12.4811626,41.8890456],[12.4810783,41.8892505],[12.4809758,41.8894938]]]}},{"type":"Feature","properties":{"class":"public","name":"Chiesa di Santa Francesca Romana","name:en":null},"geometry":{"type":"Polygon","coordinates":[[[12.5016912,41.8622874],[12.5016769,41.8622023],[12.5016587,41.8622016],[12.5016671,41.8620845],[12.5016993,41.862085],[12.501701,41.8620543],[12.5020636,41.8620668],[12.5022054,41.8620745],[12.5022322,41.8620977],[12.5023078,41.8620997],[12.5023042,41.8621399],[12.5023119,41.8621401],[12.502308,41.8621832],[12.5023011,41.8622572],[12.5022023,41.8622501],[12.5021982,41.8623074],[12.5017491,41.8622897],[12.5016912,41.8622874]]]}},{"type":"Feature","properties":{"class":"public","name":"Chiesa Nuova","name:en":null},"geometry":{"type":"Polygon","coordinates":[[[12.4693258,41.8987034],[12.4694009,41.8986965],[12.469454,41.8986894],[12.4693524,41.8981713],[12.4693287,41.8981734],[12.4691456,41.89819],[12.4689413,41.8982084],[12.4690054,41.8985393],[12.4689813,41.8985417],[12.4690117,41.8986849],[12.4691173,41.8986707],[12.4691304,41.8987302],[12.4691443,41.8987514],[12.4691665,41.8987683],[12.4691947,41.8987792],[12.469226,41.8987829],[12.4692574,41.8987791],[12.4692855,41.8987682],[12.4693077,41.8987513],[12.4693216,41.8987301],[12.4693258,41.8987034]]]}},{"type":"Feature","properties":{"class":"public","name":"Casino del Bel Respiro","name:en":null},"geometry":{"type":"Polygon","coordinates":[[[12.4503701,41.8878857],[12.4506907,41.8878819],[12.4506861,41.8876709],[12.4506073,41.8876721],[12.4506063,41.8876351],[12.4504186,41.8876378],[12.4504195,41.8876756],[12.4503656,41.8876764],[12.4503701,41.8878857]]]}},{"type":"Feature","properties":{"class":"public","name":"Edificio di Fisiologia Umana","name:en":null},"geometry":{"type":"Polygon","coordinates":[[[12.5156221,41.9052595],[12.5158292,41.9052264],[12.5158058,41.905145],[12.5157639,41.9051501],[12.5157143,41.9050014],[12.5157398,41.9049974],[12.5157143,41.9049136],[12.5156915,41.9049176],[12.5156513,41.9048001],[12.515719,41.9047893],[12.5156796,41.9046526],[12.5154372,41.9046912],[12.5154707,41.9048075],[12.5152456,41.9048434],[12.5152757,41.9049479],[12.5151966,41.9049605],[12.515241,41.9051149],[12.5153296,41.9051008],[12.5153535,41.9051839],[12.5155895,41.9051463],[12.5156221,41.9052595]]]}},{"type":"Feature","properties":{"class":"public","name":"Istituto Guido Castelnuovo (Matematica)","name:en":null},"geometry":{"type":"Polygon","coordinates":[[[12.5148379,41.9014929],[12.5149823,41.9015349],[12.5149278,41.9016447],[12.5153265,41.9017598],[12.5153845,41.90165],[12.5155116,41.9016846],[12.5156044,41.9015281],[12.5156172,41.9014985],[12.5156224,41.901473],[12.5156244,41.90144],[12.5156171,41.9014065],[12.5156107,41.9013813],[12.5155996,41.9013538],[12.5155706,41.9013088],[12.515536,41.9013235],[12.5154911,41.9012783],[12.515595,41.9012161],[12.5155512,41.9011834],[12.5155074,41.9011553],[12.5154669,41.9011396],[12.5154234,41.9011255],[12.5153722,41.9011122],[12.5153144,41.901106],[12.5152631,41.9011041],[12.515211,41.901108],[12.5152287,41.9012074],[12.5151627,41.9012147],[12.5151477,41.9011806],[12.5150559,41.9012105],[12.5149938,41.9012532],[12.5149575,41.9012921],[12.5149194,41.9013459],[12.5148379,41.9014929]]]}},{"type":"Feature","properties":{"class":"public","name":"Mausoleo di Costanza","name:en":null},"geometry":{"type":"Polygon","coordinates":[[[12.5173692,41.9227459],[12.5173207,41.9227402],[12.5172759,41.9227252],[12.5172381,41.922702],[12.5172099,41.9226721],[12.5171933,41.9226377],[12.5171895,41.9226013],[12.5171988,41.9225655],[12.5172204,41.9225327],[12.517253,41.9225054],[12.517294,41.9224854],[12.5173408,41.9224742],[12.5173898,41.9224726],[12.5174376,41.9224807],[12.5174809,41.9224979],[12.5175165,41.9225231],[12.5175419,41.9225543],[12.5175554,41.9225894],[12.5175559,41.9226259],[12.5175433,41.9226612],[12.5175132,41.9226841],[12.5174796,41.9227057],[12.5174444,41.9227256],[12.5174179,41.9227418],[12.5173692,41.9227459]]]}},{"type":"Feature","properties":{"class":"ruin","name":null,"name:en":null},"geometry":{"type":"Polygon","coordinates":[[[12.4301823,41.8679224],[12.4305383,41.8679104],[12.4308661,41.867941],[12.4307819,41.8689583],[12.4307023,41.8690577],[12.4305331,41.869109],[12.4303118,41.8690965],[12.4301823,41.8690312],[12.4301196,41.8689254],[12.4301823,41.8679224]]]}},{"type":"Feature","properties":{"class":"public","name":null,"name:en":null},"geometry":{"type":"Polygon","coordinates":[[[12.4665744,41.8718253],[12.4665622,41.8716943],[12.4665573,41.871622],[12.4667186,41.8716151],[12.4667913,41.8716111],[12.4668038,41.8717737],[12.4669111,41.8717685],[12.4669225,41.8718993],[12.4667554,41.8719041],[12.4667468,41.8718177],[12.4665744,41.8718253]]]}},{"type":"Feature","properties":{"class":"public","name":"Istituto Giapponese di Cultura","name:en":null},"geometry":{"type":"Polygon","coordinates":[[[12.4791724,41.9189354],[12.4789269,41.9186244],[12.47938,41.9184204],[12.4795449,41.9186241],[12.4792742,41.9187421],[12.4793637,41.9188568],[12.4791724,41.9189354]]]}},{"type":"Feature","properties":{"class":"public","name":"Direzione Radio Vaticana","name:en":"Vatican Radio Offices"},"geometry":{"type":"Polygon","coordinates":[[[12.4505212,41.9038093],[12.4501023,41.9038066],[12.4500613,41.9037733],[12.4500826,41.9037584],[12.4499638,41.9036637],[12.4498411,41.9037515],[12.4498544,41.9037626],[12.449851,41.903765],[12.4499561,41.9038493],[12.4499475,41.9038607],[12.4499428,41.9038699],[12.4499401,41.9038789],[12.4499388,41.9038871],[12.4499388,41.9038971],[12.4499412,41.9039079],[12.4499441,41.9039177],[12.4499485,41.9039288],[12.4499554,41.9039373],[12.4499648,41.9039473],[12.4499777,41.9039569],[12.4499914,41.9039646],[12.4500054,41.9039704],[12.450021,41.9039749],[12.4500372,41.9039776],[12.4500517,41.9039782],[12.4500655,41.9039776],[12.4500792,41.9039754],[12.4500942,41.9039715],[12.4501066,41.9039672],[12.4501203,41.9039611],[12.4501307,41.9039556],[12.4501389,41.903949],[12.4501464,41.9039413],[12.4501522,41.9039339],[12.4501565,41.9039266],[12.4501595,41.9039197],[12.4501628,41.9039064],[12.4502198,41.9039072],[12.4502197,41.9039284],[12.4504629,41.9039286],[12.4504639,41.9038906],[12.450519,41.9038901],[12.4505197,41.9038777],[12.4505298,41.9038774],[12.450531,41.9038408],[12.4505215,41.90384],[12.4505212,41.9038093]]]}},{"type":"Feature","properties":{"class":"ruin","name":"Giardino Pantalica","name:en":null},"geometry":{"type":"Polygon","coordinates":[[[12.5064312,41.8744819],[12.5064827,41.874516],[12.5065094,41.8745312],[12.5065421,41.8745348],[12.5065464,41.8745537],[12.5061673,41.8745877],[12.5061395,41.8745811],[12.5061119,41.8745543],[12.5061113,41.8745253],[12.5062397,41.8743183],[12.5062623,41.8742771],[12.5062884,41.8742748],[12.506311,41.874289],[12.5063847,41.874414],[12.5064312,41.8744819]]]}},{"type":"Feature","properties":{"class":"public","name":"Basilica di Santa Prassede","name:en":null},"geometry":{"type":"Polygon","coordinates":[[[12.4987645,41.8964855],[12.4987794,41.8964676],[12.4988295,41.8964077],[12.4988418,41.8963909],[12.4988654,41.8964026],[12.4989158,41.8963433],[12.4989281,41.8963485],[12.4989544,41.8963148],[12.4989433,41.8963098],[12.4990235,41.8962225],[12.4990565,41.8961866],[12.4989887,41.8961585],[12.4990127,41.8961266],[12.4989523,41.8961016],[12.4988741,41.8960682],[12.4987964,41.896035],[12.4987314,41.8960073],[12.498717,41.8960241],[12.498649,41.8959952],[12.4986038,41.8960576],[12.4985616,41.8960392],[12.4985405,41.8960301],[12.4985338,41.8960387],[12.4984336,41.8961646],[12.4984225,41.896164],[12.4984066,41.8961693],[12.4983939,41.896177],[12.4983868,41.8961918],[12.4983873,41.8962001],[12.4983512,41.896231],[12.4983301,41.8962527],[12.4984111,41.8962977],[12.4984426,41.8963143],[12.4984344,41.8963262],[12.4987645,41.8964855]]]}},{"type":"Feature","properties":{"class":"public","name":"Chiesa dei Santi Gioacchino e Anna ai Monti","name:en":null},"geometry":{"type":"Polygon","coordinates":[[[12.4938755,41.8946452],[12.4939232,41.8946421],[12.4939245,41.894653],[12.4940618,41.8946442],[12.4940606,41.8946333],[12.4941029,41.8946306],[12.4941022,41.894625],[12.4940804,41.894475],[12.4940743,41.8944206],[12.4940666,41.8943807],[12.4940511,41.8943722],[12.4939909,41.8943392],[12.493899,41.8943473],[12.4938519,41.8943998],[12.4938557,41.8944397],[12.4938755,41.8946452]]]}},{"type":"Feature","properties":{"class":"public","name":"Sacristia","name:en":"Sacristy"},"geometry":{"type":"Polygon","coordinates":[[[12.4536645,41.9015076],[12.4537264,41.901509],[12.4537323,41.9014925],[12.4537454,41.9014857],[12.4537609,41.9014821],[12.453761,41.9015323],[12.4539621,41.9015323],[12.453962,41.901482],[12.453985,41.9014866],[12.454,41.9015027],[12.4540543,41.9015034],[12.4540557,41.9014334],[12.4541284,41.9014334],[12.454129,41.9014141],[12.4541537,41.9013968],[12.4542207,41.9013957],[12.4542187,41.9013624],[12.4542221,41.901251],[12.4541364,41.9012441],[12.4541382,41.9009498],[12.4540021,41.9009493],[12.4539276,41.9009488],[12.4538001,41.9009487],[12.4537294,41.9009475],[12.4536727,41.9009477],[12.4535787,41.9009474],[12.4535769,41.9012426],[12.4534898,41.9012437],[12.4534889,41.901392],[12.4535561,41.9013922],[12.4535867,41.9014096],[12.4535867,41.9014259],[12.4536618,41.9014277],[12.4536645,41.9015076]]]}},{"type":"Feature","properties":{"class":"public","name":"Chiesa di Santa Maria Regina della Famiglia","name:en":"St Mary's Church"},"geometry":{"type":"Polygon","coordinates":[[[12.4507648,41.9025279],[12.4508504,41.9025179],[12.4508737,41.9025333],[12.450922,41.9025275],[12.4509414,41.9025071],[12.4509361,41.9024816],[12.4509599,41.9024788],[12.4509549,41.902455],[12.4509409,41.9023851],[12.4509321,41.9023452],[12.4509069,41.9022253],[12.4507602,41.9022425],[12.4507661,41.9022707],[12.450751,41.9022725],[12.4507938,41.9024742],[12.4507543,41.9024788],[12.4507648,41.9025279]]]}},{"type":"Feature","properties":{"class":"wall","name":"Mura Aureliane","name:en":"Aurelian Walls"},"geometry":{"type":"LineString","coordinates":[[12.5104801,41.8972367],[12.5103929,41.89733],[12.510368,41.8973639],[12.5103964,41.897376],[12.5103555,41.8974412],[12.5103087,41.8974512],[12.5103101,41.897465],[12.5103141,41.8975305],[12.5103284,41.8975338],[12.5103325,41.897604],[12.5102752,41.8976055],[12.5102803,41.8976364],[12.5102756,41.8977148],[12.5102353,41.8977854],[12.5101462,41.8979234],[12.5100896,41.8979715],[12.510132,41.897989],[12.5100928,41.8980617],[12.5100585,41.8980468],[12.509926,41.8982784],[12.5099611,41.8982932],[12.5099233,41.8983559],[12.5098878,41.898345],[12.5098003,41.8984862],[12.5096867,41.8986656],[12.5096579,41.8986581],[12.509602,41.8987395],[12.5095558,41.8988072],[12.5094976,41.8988987],[12.5095472,41.8989126],[12.509501,41.8989895],[12.5094614,41.8989765],[12.5093273,41.8992036],[12.5093568,41.8992136],[12.5093079,41.8992945],[12.5092602,41.899275],[12.5091201,41.8994866],[12.509167,41.8995056],[12.5091114,41.8995884],[12.5090584,41.8995695],[12.5088921,41.8998335],[12.5087196,41.9000987],[12.508756,41.9001145],[12.5087184,41.9001799],[12.5086762,41.9001674],[12.5086393,41.9002008],[12.5085314,41.900383],[12.5085736,41.9003935],[12.5085421,41.9004619],[12.5085012,41.9004519]]}},{"type":"Feature","properties":{"class":"wall","name":"Mura Aureliane","name:en":"Aurelian Walls"},"geometry":{"type":"LineString","coordinates":[[12.5090579,41.907081],[12.5090086,41.9071926],[12.5089493,41.9073183],[12.5089149,41.9073944],[12.5088842,41.9074538],[12.5084992,41.9082551],[12.5084345,41.9083886],[12.5083051,41.9086675],[12.5082077,41.9088706],[12.5081768,41.9089352],[12.5081553,41.9089532],[12.5081307,41.9089699],[12.5081112,41.9089782],[12.5081162,41.908987],[12.5080598,41.9090051],[12.5080532,41.9089963],[12.5080214,41.9089995],[12.5079775,41.9089999],[12.5079325,41.9089954],[12.5078435,41.9089689],[12.5076752,41.9089188],[12.5072368,41.9087882],[12.50693,41.9087017],[12.5060836,41.9084632],[12.5057809,41.908378],[12.5053034,41.9082436],[12.5047663,41.9080922]]}},{"type":"Feature","properties":{"class":"wall","name":"Mura Aureliane","name:en":"Aurelian Walls"},"geometry":{"type":"LineString","coordinates":[[12.4978605,41.9107726],[12.4975715,41.910732],[12.4970773,41.9107444],[12.4967822,41.9107586],[12.4967786,41.9107761],[12.4967716,41.9107888],[12.4967544,41.9107978],[12.4967337,41.9108],[12.4967139,41.9108],[12.4966964,41.9107933],[12.4966833,41.9107816],[12.496676,41.9107696],[12.4966749,41.9107594],[12.4964848,41.9107622],[12.4964768,41.9108133],[12.4963678,41.9108038],[12.4963785,41.9107544],[12.4963115,41.9107414],[12.4961968,41.9107444],[12.496196,41.9107283]]}},{"type":"Feature","properties":{"class":"wall","name":"Mura Aureliane","name:en":"Aurelian Walls"},"geometry":{"type":"LineString","coordinates":[[12.4960429,41.9107351],[12.4960452,41.9107865],[12.4959528,41.9107905],[12.4959487,41.9107589],[12.4955958,41.9107736],[12.4955938,41.910804],[12.4955083,41.910804],[12.4955102,41.9107736],[12.4951501,41.9108023],[12.4951501,41.9108313],[12.4950562,41.9108382],[12.4950508,41.9108043],[12.4947638,41.9108233],[12.4947115,41.9108253],[12.4947115,41.9108637],[12.4946106,41.9108664],[12.4946089,41.910788],[12.4943887,41.9108153],[12.4942609,41.9108173],[12.4942622,41.9108517],[12.4941697,41.9108532],[12.4941657,41.9108218],[12.493988,41.9108223],[12.4939866,41.9107928]]}},{"type":"Feature","properties":{"class":"wall","name":"Mura Aureliane","name:en":"Aurelian Walls"},"geometry":{"type":"LineString","coordinates":[[12.4938091,41.9108204],[12.4938098,41.9108537],[12.4937203,41.9108519],[12.4937209,41.9108178],[12.4933565,41.9108061],[12.4933529,41.9108361],[12.4932642,41.9108323],[12.4932671,41.9108002],[12.4929591,41.9107595],[12.4929085,41.9107506],[12.4929041,41.9107624],[12.4928591,41.9107564],[12.492815,41.9107501],[12.4928183,41.9107359],[12.492773,41.9107277],[12.4924836,41.9106672],[12.4924693,41.9106884],[12.4923834,41.91067],[12.4923927,41.9106428],[12.4922416,41.9106082],[12.4920713,41.9105453],[12.4920492,41.9105792],[12.491966,41.9105448],[12.4919912,41.9105136],[12.4919245,41.9104862]]}},{"type":"Feature","properties":{"class":"public","name":"Chiesa di Santa Maria Mediatrice","name:en":null},"geometry":{"type":"Polygon","coordinates":[[[12.4452181,41.898356],[12.4452049,41.8984333],[12.4452731,41.8985017],[12.4453654,41.8985212],[12.44559,41.8984156],[12.4456457,41.8984695],[12.445824,41.8983726],[12.4455836,41.8981067],[12.445387,41.898202],[12.4454359,41.8982535],[12.4452181,41.898356]]]}},{"type":"Feature","properties":{"class":"public","name":"Basilica di San Bartolomeo all'Isola","name:en":"Basilica of St. Bartholomew on the Island"},"geometry":{"type":"Polygon","coordinates":[[[12.4785302,41.8901091],[12.4784262,41.8901578],[12.478397,41.8901262],[12.4783054,41.8901686],[12.4783322,41.8901999],[12.4781149,41.8903023],[12.4780839,41.8902651],[12.4780103,41.8902978],[12.4780769,41.8903825],[12.4781337,41.8904543],[12.4781511,41.8904466],[12.478205,41.890422],[12.4781798,41.890392],[12.4782348,41.8903665],[12.4784048,41.8902896],[12.4784341,41.8903242],[12.4785265,41.8902781],[12.4784881,41.8902276],[12.4786075,41.8901433],[12.4785785,41.8900938],[12.4785302,41.8901091]]]}},{"type":"Feature","properties":{"class":"public","name":"Chiesa del Domine Quo Vadis","name:en":"The Church of Domine Quo Vadis"},"geometry":{"type":"Polygon","coordinates":[[[12.5036031,41.8664586],[12.5036602,41.8664249],[12.5037117,41.8664093],[12.5038289,41.8665033],[12.5037306,41.8665689],[12.5037122,41.8665529],[12.5036203,41.8664734],[12.5036031,41.8664586]]]}},{"type":"Feature","properties":{"class":"public","name":"Casino Nobile di Villa Borghese","name:en":null},"geometry":{"type":"Polygon","coordinates":[[[12.4922823,41.9139497],[12.4920611,41.9140828],[12.4918576,41.9142053],[12.4919532,41.9142933],[12.4919611,41.9143006],[12.4920252,41.9143596],[12.4919689,41.9143935],[12.4920711,41.9144876],[12.4926048,41.9141665],[12.4925039,41.9140736],[12.4924513,41.9141052],[12.4922823,41.9139497]]]}},{"type":"Feature","properties":{"class":"public","name":"Chiesa di Santa Maria della Pace","name:en":null},"geometry":{"type":"Polygon","coordinates":[[[12.4715748,41.8997135],[12.4715833,41.8997088],[12.4716665,41.899774],[12.4716781,41.8997826],[12.4717414,41.8998223],[12.4717801,41.8998179],[12.471825,41.899851],[12.4718244,41.8999263],[12.4718099,41.8999368],[12.4717487,41.8999802],[12.4716475,41.8999749],[12.4715884,41.8999243],[12.4715952,41.8998599],[12.4715546,41.8998258],[12.4715348,41.8998369],[12.4714781,41.8997887],[12.4714865,41.8997821],[12.4714788,41.8997739],[12.4714741,41.8997627],[12.4714761,41.8997506],[12.4714822,41.8997362],[12.4714908,41.8997269],[12.4715036,41.8997175],[12.4715169,41.89971],[12.4715363,41.8997052],[12.471555,41.8997039],[12.4715664,41.8997076],[12.4715748,41.8997135]]]}},{"type":"Feature","properties":{"class":"public","name":"Basilica dei Santi Bonifacio ed Alessio all\u2019Aventino","name:en":null},"geometry":{"type":"Polygon","coordinates":[[[12.4783905,41.8839725],[12.4783643,41.8840011],[12.4783604,41.8840368],[12.4783898,41.8840642],[12.4784271,41.8840687],[12.4784903,41.8840541],[12.4785362,41.8840874],[12.4789947,41.8837374],[12.4789662,41.8837168],[12.4788882,41.8836551],[12.4787762,41.8835788],[12.4784131,41.8838559],[12.4783239,41.8839241],[12.4783905,41.8839725]]]}},{"type":"Feature","properties":{"class":"public","name":"Chiesa di San Callisto","name:en":null},"geometry":{"type":"Polygon","coordinates":[[[12.4701974,41.8890122],[12.4701623,41.889013],[12.4701663,41.8891003],[12.4703412,41.8890959],[12.4704798,41.8890925],[12.4704785,41.8890341],[12.4704749,41.8889834],[12.47036,41.8889863],[12.4703591,41.8889678],[12.4702961,41.8889694],[12.4702969,41.8889879],[12.4701964,41.8889904],[12.4701974,41.8890122]]]}},{"type":"Feature","properties":{"class":"public","name":"Basilica di Santa Maria in Trastevere","name:en":null},"geometry":{"type":"Polygon","coordinates":[[[12.4691593,41.8895089],[12.469137,41.8894946],[12.469127,41.8894777],[12.4691276,41.889461],[12.469143,41.8894288],[12.4690692,41.8894304],[12.469065,41.8893198],[12.4691221,41.8893186],[12.4691198,41.8892577],[12.4694184,41.8892503],[12.4697871,41.8892411],[12.4697917,41.889345],[12.4699303,41.8893416],[12.4699329,41.8894169],[12.4699333,41.8894383],[12.4699346,41.88946],[12.4699384,41.8895004],[12.469943,41.8895525],[12.4698,41.8895536],[12.4697475,41.8895547],[12.4697492,41.8895972],[12.469604,41.8896003],[12.4695617,41.8896012],[12.4694831,41.8896028],[12.4694023,41.8896046],[12.4692078,41.8896085],[12.4690646,41.8896117],[12.4690641,41.8895982],[12.4690476,41.8895985],[12.4690451,41.8895316],[12.4690639,41.8895312],[12.4690631,41.889511],[12.4691593,41.8895089]]]}},{"type":"Feature","properties":{"class":"public","name":"Basilica di Santa Balbina","name:en":null},"geometry":{"type":"Polygon","coordinates":[[[12.4895266,41.8804439],[12.4894808,41.8804384],[12.4894383,41.8804536],[12.4894248,41.8804776],[12.4894262,41.8805056],[12.4898401,41.8806775],[12.4899176,41.8805784],[12.4898126,41.8805305],[12.4898262,41.8805133],[12.4895628,41.880398],[12.4895416,41.8804248],[12.4895266,41.8804439]]]}},{"type":"Feature","properties":{"class":"public","name":"Santa Susanna alle Terme di Diocleziano","name:en":null},"geometry":{"type":"Polygon","coordinates":[[[12.4935756,41.9040444],[12.4939821,41.9043244],[12.4938479,41.9044296],[12.4937839,41.9043882],[12.493712,41.9044567],[12.4936471,41.9044339],[12.4935808,41.904495],[12.4935552,41.9044921],[12.4935122,41.9044982],[12.4934857,41.9044974],[12.4934593,41.9044843],[12.4934421,41.9044673],[12.493431,41.9044454],[12.4933756,41.9044151],[12.4933434,41.9043977],[12.4933109,41.9043802],[12.4934414,41.9042536],[12.4933883,41.9042194],[12.4934183,41.9041914],[12.4935756,41.9040444]]]}},{"type":"Feature","properties":{"class":"public","name":"Chiesa di Nostra Signora del Sacro Cuore","name:en":null},"geometry":{"type":"Polygon","coordinates":[[[12.4734593,41.8983612],[12.4734631,41.8983133],[12.4734698,41.8982275],[12.4734744,41.8981696],[12.473479,41.898111],[12.4738512,41.8981209],[12.4738228,41.8983753],[12.4734593,41.8983612]]]}},{"type":"Feature","properties":{"class":"public","name":"Chiesa di Sant'Agnese in Agone","name:en":null},"geometry":{"type":"Polygon","coordinates":[[[12.4726115,41.8990036],[12.4726169,41.8989579],[12.4725039,41.8989525],[12.4723467,41.8989476],[12.4723674,41.8985255],[12.4723699,41.8984905],[12.4723714,41.8984614],[12.472469,41.8984652],[12.4726249,41.8984712],[12.4728159,41.8984786],[12.4728015,41.8986408],[12.4727754,41.8986403],[12.4727628,41.898649],[12.4727529,41.8986651],[12.4727466,41.8987107],[12.472745,41.8987289],[12.4727583,41.8987308],[12.4727535,41.898784],[12.4727487,41.8988376],[12.4727353,41.8988381],[12.4727336,41.8988577],[12.4727324,41.8989035],[12.4727396,41.8989204],[12.4727507,41.8989301],[12.4727755,41.898932],[12.4727686,41.8990106],[12.4726115,41.8990036]]]}},{"type":"Feature","properties":{"class":"public","name":"Chiesa di Santa Maria dell'Anima","name:en":null},"geometry":{"type":"Polygon","coordinates":[[[12.4718862,41.8995806],[12.4719478,41.8995796],[12.4720388,41.8995794],[12.4720374,41.8996088],[12.472221,41.8996115],[12.4722226,41.8997225],[12.4722244,41.8998212],[12.4719866,41.8998612],[12.4719283,41.8998808],[12.4719004,41.8998497],[12.4719132,41.8998417],[12.4719007,41.8996882],[12.4718905,41.899602],[12.4718862,41.8995806]]]}},{"type":"Feature","properties":{"class":"public","name":"Chiesa di San Luigi dei Francesi","name:en":"Church of Saint Louis the French"},"geometry":{"type":"Polygon","coordinates":[[[12.474815,41.8997274],[12.4748258,41.8995707],[12.4748321,41.8994794],[12.4748344,41.8994608],[12.4748364,41.8994162],[12.4744571,41.8994224],[12.4744513,41.8994868],[12.4742675,41.8994907],[12.4742594,41.8996043],[12.4743568,41.8996101],[12.4743463,41.899707],[12.4744884,41.8997132],[12.474815,41.8997274]]]}},{"type":"Feature","properties":{"class":"public","name":"Basilica di Santa Maria del Popolo","name:en":"Basilica of Santa Maria del Popolo"},"geometry":{"type":"Polygon","coordinates":[[[12.4762846,41.9112289],[12.4762792,41.9112493],[12.476271,41.911278],[12.4762654,41.9113047],[12.4762442,41.9113022],[12.4762316,41.9113047],[12.4762204,41.9113092],[12.476207,41.9113188],[12.4761996,41.911329],[12.4761672,41.9114949],[12.4761648,41.911507],[12.4761706,41.911517],[12.4761798,41.911525],[12.4761919,41.9115299],[12.4762051,41.9115353],[12.4762256,41.9115437],[12.4762093,41.9115955],[12.4762333,41.9115995],[12.4762266,41.9116324],[12.4767711,41.9116933],[12.4768068,41.9115434],[12.4768644,41.9115507],[12.4769371,41.9114506],[12.4768341,41.9114386],[12.4768438,41.9113924],[12.4764705,41.9113488],[12.4764892,41.9112602],[12.4764941,41.9112367],[12.4763625,41.9112213],[12.4763592,41.911237],[12.4762846,41.9112289]]]}},{"type":"Feature","properties":{"class":"public","name":"Santa Maria della Vittoria","name:en":null},"geometry":{"type":"Polygon","coordinates":[[[12.4939614,41.9048046],[12.4942677,41.904549],[12.4943431,41.904599],[12.4944065,41.9046411],[12.4943904,41.9046545],[12.4942367,41.9047828],[12.4941737,41.9048354],[12.4941002,41.9048967],[12.4939614,41.9048046]]]}},{"type":"Feature","properties":{"class":"public","name":"San Marcello al Corso","name:en":null},"geometry":{"type":"Polygon","coordinates":[[[12.4822285,41.8987995],[12.4822197,41.8988228],[12.4821892,41.8988164],[12.4821828,41.8988333],[12.4821746,41.898855],[12.4817961,41.8987757],[12.4818106,41.8987373],[12.4817931,41.8987342],[12.4816593,41.8987101],[12.4817108,41.8985343],[12.4818252,41.8985585],[12.481844,41.8985094],[12.4819177,41.898525],[12.4818919,41.8985931],[12.4821622,41.8986498],[12.4821878,41.8985821],[12.4822983,41.8986054],[12.48227,41.8986804],[12.4822938,41.8986906],[12.4823115,41.8987056],[12.4823218,41.898724],[12.4823237,41.898744],[12.4823169,41.8987633],[12.4823023,41.8987801],[12.4822812,41.8987924],[12.4822559,41.8987992],[12.4822285,41.8987995]]]}},{"type":"Feature","properties":{"class":"public","name":"Chiesa evangelica luterana","name:en":null},"geometry":{"type":"Polygon","coordinates":[[[12.4916516,41.9088089],[12.4915337,41.9090809],[12.4916573,41.9091156],[12.4917285,41.9091356],[12.491763,41.909123],[12.4918831,41.9088695],[12.4916516,41.9088089]]]}},{"type":"Feature","properties":{"class":"public","name":"Basilica di San Martino ai Monti","name:en":null},"geometry":{"type":"Polygon","coordinates":[[[12.4979778,41.8947196],[12.4979736,41.8947597],[12.4979969,41.8947956],[12.4980499,41.8948132],[12.4980968,41.8948103],[12.4981428,41.8947837],[12.4981713,41.8948017],[12.4981978,41.8948184],[12.498524,41.8945256],[12.4983995,41.8944579],[12.4982766,41.894391],[12.4981399,41.8945024],[12.4980158,41.8946092],[12.4979459,41.8946622],[12.4979967,41.8946946],[12.4979778,41.8947196]]]}},{"type":"Feature","properties":{"class":"public","name":"Chiesa di San Nicola in Carcere","name:en":null},"geometry":{"type":"Polygon","coordinates":[[[12.4796991,41.8911432],[12.479712,41.8911223],[12.4796945,41.8911164],[12.4796875,41.8911028],[12.4796955,41.8910887],[12.479709,41.891084],[12.4797271,41.891088],[12.4797312,41.8910788],[12.4797163,41.8910753],[12.4797065,41.8910653],[12.4797034,41.891049],[12.4797086,41.8910341],[12.4797231,41.8910196],[12.4797582,41.8910164],[12.4797596,41.8910129],[12.479723,41.8910045],[12.479747,41.8909531],[12.4799707,41.8910082],[12.4799934,41.8909552],[12.4801115,41.8909842],[12.48009,41.8910311],[12.4802277,41.8910674],[12.4802154,41.8910938],[12.4801979,41.8911312],[12.4801414,41.8912563],[12.4798544,41.8911828],[12.4798234,41.8911751],[12.4796991,41.8911432]]]}},{"type":"Feature","properties":{"class":"public","name":"Santa Maria della Consolazione al Foro Romano","name:en":null},"geometry":{"type":"Polygon","coordinates":[[[12.4833476,41.8914081],[12.4833364,41.8914263],[12.4833483,41.8914515],[12.483346,41.8914695],[12.483331,41.8914868],[12.4833077,41.8914972],[12.4832833,41.8915012],[12.48326,41.8914976],[12.4832209,41.8915345],[12.4831614,41.891522],[12.4831486,41.8915332],[12.482882,41.8913856],[12.4829585,41.8913047],[12.4829997,41.8912612],[12.4830493,41.8912126],[12.4830674,41.8912218],[12.4833476,41.8914081]]]}},{"type":"Feature","properties":{"class":"public","name":"Dipartimento Scienze Statistiche","name:en":null},"geometry":{"type":"Polygon","coordinates":[[[12.5143401,41.9049629],[12.5147795,41.905096],[12.5148759,41.9048956],[12.5144299,41.9047714],[12.5143401,41.9049629]]]}},{"type":"Feature","properties":{"class":"public","name":"Basilica di Sant\u2019Apollinare alle Terme","name:en":null},"geometry":{"type":"Polygon","coordinates":[[[12.4733567,41.9010575],[12.4733696,41.9008459],[12.4738337,41.9008559],[12.4738313,41.9008999],[12.4740105,41.9009061],[12.4739908,41.9010786],[12.4733567,41.9010575]]]}},{"type":"Feature","properties":{"class":"public","name":"Chiesa di Santa Prisca","name:en":null},"geometry":{"type":"Polygon","coordinates":[[[12.4837462,41.8831098],[12.4840962,41.8832033],[12.4841293,41.8831454],[12.4841491,41.8831444],[12.4841672,41.8831402],[12.484182,41.883121],[12.4841736,41.8830974],[12.484159,41.8830785],[12.4841783,41.8830348],[12.4838393,41.8829447],[12.4838246,41.8829413],[12.4838087,41.8829792],[12.4837717,41.8830594],[12.4837462,41.8831098]]]}},{"type":"Feature","properties":{"class":"public","name":"Basilica di San Saba","name:en":null},"geometry":{"type":"Polygon","coordinates":[[[12.4852786,41.8786868],[12.4855101,41.8788142],[12.4855614,41.8787735],[12.4856014,41.8787988],[12.4856629,41.8787428],[12.4856244,41.8787209],[12.4857791,41.8785852],[12.4857312,41.8785603],[12.4857339,41.8785503],[12.4857352,41.8785413],[12.4857245,41.8785333],[12.4857124,41.8785323],[12.4856963,41.8785343],[12.4856869,41.8785234],[12.4856923,41.8785134],[12.4856936,41.8784984],[12.4856883,41.8784824],[12.4856731,41.8784744],[12.4856516,41.8784684],[12.4856333,41.8784674],[12.4856212,41.8784704],[12.4856051,41.8784744],[12.4855904,41.8784644],[12.4855877,41.8784505],[12.485581,41.8784435],[12.4855595,41.8784385],[12.4854916,41.8783929],[12.4854532,41.8784249],[12.4855125,41.8784598],[12.4852786,41.8786868]]]}},{"type":"Feature","properties":{"class":"public","name":"Chiesa di Trinit\u00e0 dei Monti","name:en":null},"geometry":{"type":"Polygon","coordinates":[[[12.4833694,41.9063285],[12.4834316,41.9063419],[12.4834386,41.9063239],[12.483512,41.9063402],[12.4839837,41.906444],[12.483995,41.9064156],[12.4840438,41.9064263],[12.4840864,41.906319],[12.4840913,41.9063067],[12.4839594,41.9062776],[12.4839712,41.9062478],[12.4839039,41.906233],[12.4839341,41.906157],[12.4838296,41.906134],[12.4837997,41.9062094],[12.4835107,41.9061458],[12.4835149,41.9061353],[12.4834135,41.906113],[12.4833817,41.9061931],[12.4834776,41.9062142],[12.4834651,41.9062541],[12.4833654,41.9062331],[12.4833321,41.9063207],[12.4833694,41.9063285]]]}},{"type":"Feature","properties":{"class":"public","name":null,"name:en":null},"geometry":{"type":"Polygon","coordinates":[[[12.4962268,41.8599444],[12.4965648,41.8599876],[12.4965523,41.8600419],[12.4965428,41.8600831],[12.4965696,41.8600866],[12.4965246,41.8602817],[12.4964978,41.8602782],[12.4964744,41.8603795],[12.4961364,41.8603362],[12.4961438,41.8603041],[12.4961624,41.8602236],[12.4961303,41.8602195],[12.4961337,41.8602046],[12.4961748,41.8600266],[12.4962069,41.8600307],[12.4962268,41.8599444]]]}},{"type":"Feature","properties":{"class":"public","name":null,"name:en":null},"geometry":{"type":"Polygon","coordinates":[[[12.5049019,41.8647239],[12.5049716,41.8646185],[12.5050519,41.86465],[12.5050076,41.8647129],[12.5050371,41.8647239],[12.5050118,41.8647617],[12.5049019,41.8647239]]]}},{"type":"Feature","properties":{"class":"public","name":"Chiesa di San Francesco Saverio alla Garbatella","name:en":null},"geometry":{"type":"Polygon","coordinates":[[[12.4891771,41.8620001],[12.4895555,41.862001],[12.4895554,41.8620328],[12.4896855,41.8620331],[12.4896849,41.8621482],[12.4897904,41.8621495],[12.4897919,41.8621406],[12.4897961,41.862015],[12.489795,41.8620031],[12.4897949,41.8619701],[12.4898132,41.8619689],[12.4898269,41.8619656],[12.4898431,41.8619587],[12.4898564,41.861949],[12.4898664,41.8619368],[12.4898719,41.8619231],[12.4898727,41.861912],[12.4898678,41.861897],[12.4898565,41.8618828],[12.4898367,41.8618715],[12.4898144,41.8618671],[12.4897907,41.8618642],[12.4897904,41.8618497],[12.4897902,41.8618339],[12.489794,41.8616939],[12.4897941,41.8616769],[12.4896887,41.8616767],[12.4896884,41.8617464],[12.4895619,41.8617461],[12.4895618,41.8617611],[12.4895396,41.8617611],[12.4895395,41.8617856],[12.489178,41.8617847],[12.4891771,41.8620001]]]}},{"type":"Feature","properties":{"class":"public","name":"Giurisprudenza Scienze Politiche Statistica","name:en":null},"geometry":{"type":"Polygon","coordinates":[[[12.5151471,41.9048493],[12.5144726,41.9046619],[12.5146022,41.9044036],[12.5147199,41.904169],[12.5150683,41.9042659],[12.5151082,41.9041864],[12.5151212,41.9041604],[12.5151859,41.9040316],[12.5148403,41.9039355],[12.5148837,41.9038491],[12.5145289,41.9037505],[12.5146133,41.9035823],[12.5146928,41.9034238],[12.5147013,41.9034069],[12.5148979,41.9034615],[12.5150403,41.9035011],[12.5155946,41.9036551],[12.5155221,41.9037995],[12.5150775,41.9036759],[12.5150474,41.9037358],[12.5150184,41.9037936],[12.5154545,41.9039148],[12.5153946,41.9040268],[12.5150807,41.9046599],[12.5152224,41.9046993],[12.5151471,41.9048493]]]}},{"type":"Feature","properties":{"class":"public","name":"Aule Blu","name:en":null},"geometry":{"type":"Polygon","coordinates":[[[12.5168512,41.9028232],[12.5171739,41.9028559],[12.5171476,41.9029995],[12.5168249,41.9029668],[12.5168512,41.9028232]]]}},{"type":"Feature","properties":{"class":"public","name":"Aula Magna","name:en":null},"geometry":{"type":"Polygon","coordinates":[[[12.5155725,41.9034723],[12.5156215,41.903377],[12.5156952,41.9032992],[12.5157384,41.9032377],[12.5157631,41.9031768],[12.5157866,41.9030556],[12.5158359,41.9029596],[12.5153753,41.9028285],[12.5153578,41.9028624],[12.5152189,41.9028227],[12.5151626,41.9029322],[12.5151221,41.9029207],[12.5150908,41.9029815],[12.5150463,41.9029689],[12.5150192,41.9030216],[12.5149906,41.9030773],[12.5150321,41.9030892],[12.5150003,41.903151],[12.5150425,41.903163],[12.5149867,41.9032716],[12.5151361,41.9033141],[12.5151209,41.9033437],[12.5155725,41.9034723]]]}},{"type":"Feature","properties":{"class":"public","name":"Nuovo Edificio di Chimica","name:en":null},"geometry":{"type":"Polygon","coordinates":[[[12.5167519,41.9017046],[12.5168493,41.9014916],[12.5167632,41.9014698],[12.5167295,41.9014827],[12.5164069,41.9013985],[12.5164274,41.9013571],[12.5163286,41.9013315],[12.5162887,41.9013077],[12.516148,41.9012601],[12.5160823,41.9013125],[12.5160571,41.9013547],[12.5160473,41.9013935],[12.5162548,41.9014343],[12.5162003,41.9015433],[12.5167519,41.9017046]]]}},{"type":"Feature","properties":{"class":"public","name":"Genetica","name:en":null},"geometry":{"type":"Polygon","coordinates":[[[12.5165393,41.9024537],[12.5167387,41.9025042],[12.5168886,41.9025356],[12.5170658,41.9025598],[12.5170922,41.9025625],[12.5172437,41.9025777],[12.5174105,41.9025843],[12.5176391,41.90258],[12.5176423,41.9027317],[12.517575,41.9027307],[12.5175862,41.9030058],[12.5174309,41.9030141],[12.5174171,41.9027379],[12.5171998,41.9027313],[12.517191,41.9027722],[12.5170436,41.9027563],[12.516888,41.9027395],[12.516899,41.9026987],[12.5166838,41.9026578],[12.5165565,41.9029045],[12.5164072,41.9028653],[12.5165261,41.9026414],[12.516539,41.902617],[12.5164713,41.9025994],[12.5165184,41.9024984],[12.5165393,41.9024537]]]}},{"type":"Feature","properties":{"class":"public","name":"Nuovo Edificio di Fisica","name:en":null},"geometry":{"type":"Polygon","coordinates":[[[12.5159761,41.9011837],[12.5160085,41.9013505],[12.5160137,41.9014446],[12.5159874,41.9015688],[12.5161648,41.9016054],[12.516149,41.9016904],[12.5160963,41.9017545],[12.5159241,41.9016904],[12.5159013,41.9017322],[12.5156537,41.9016708],[12.5157239,41.9015231],[12.5157397,41.9014172],[12.515731,41.9013335],[12.5157136,41.9012413],[12.5157081,41.901212],[12.5159761,41.9011837]]]}},{"type":"Feature","properties":{"class":"public","name":"Fisiologia Generale","name:en":null},"geometry":{"type":"Polygon","coordinates":[[[12.5164453,41.9046379],[12.5168405,41.9043323],[12.5166451,41.9041951],[12.5164827,41.9041019],[12.5162829,41.9040137],[12.5160965,41.903942],[12.5159053,41.903883],[12.5156528,41.9043617],[12.515936,41.9044663],[12.5160546,41.9043111],[12.515857,41.9042375],[12.5159843,41.9040055],[12.5161214,41.9040564],[12.5162466,41.9041063],[12.5161621,41.904236],[12.5161836,41.904259],[12.5162855,41.9043069],[12.5163271,41.9042979],[12.5164397,41.9041981],[12.5165331,41.9042478],[12.5166495,41.904329],[12.5166356,41.9043406],[12.5164914,41.9044614],[12.5163641,41.9043764],[12.5162302,41.9044843],[12.5164453,41.9046379]]]}},{"type":"Feature","properties":{"class":"public","name":"Vecchio Edificio di Chimica","name:en":null},"geometry":{"type":"Polygon","coordinates":[[[12.5132976,41.9022464],[12.5138282,41.9023981],[12.5139322,41.9024278],[12.5140205,41.9022568],[12.5143515,41.9023499],[12.5146316,41.9018025],[12.514353,41.9017235],[12.514217,41.9016876],[12.5141775,41.9016559],[12.5141319,41.901625],[12.5140741,41.9016012],[12.5140594,41.9016182],[12.5139981,41.9015978],[12.5139535,41.9015888],[12.5139606,41.9015722],[12.5139515,41.9015692],[12.513952,41.901562],[12.5138116,41.9015518],[12.513765,41.9015586],[12.5136746,41.9015293],[12.5135238,41.9018215],[12.5136123,41.9018468],[12.5135377,41.9019915],[12.5134431,41.9019644],[12.5132976,41.9022464]]]}},{"type":"Feature","properties":{"class":"public","name":"Cappella del Cimitero Acattolico","name:en":null},"geometry":{"type":"Polygon","coordinates":[[[12.4774255,41.8755984],[12.4775695,41.8756527],[12.4775857,41.875629],[12.4776656,41.8756592],[12.4777226,41.8755755],[12.4776839,41.8755609],[12.4776775,41.8755703],[12.4776363,41.8755547],[12.4776416,41.875547],[12.4774975,41.8754926],[12.4774255,41.8755984]]]}},{"type":"Feature","properties":{"class":"public","name":null,"name:en":null},"geometry":{"type":"Polygon","coordinates":[[[12.4882781,41.8607075],[12.4883113,41.860708],[12.4883875,41.8607092],[12.4884349,41.8607101],[12.4884329,41.8607837],[12.4884296,41.8608833],[12.4884282,41.8609758],[12.488271,41.8609741],[12.4882781,41.8607075]]]}},{"type":"Feature","properties":{"class":"public","name":"Chiesa di Sant'Andrea del Vignola","name:en":null},"geometry":{"type":"Polygon","coordinates":[[[12.4720755,41.9212605],[12.4722112,41.9212902],[12.4722497,41.9211928],[12.4721139,41.9211631],[12.4720948,41.9212114],[12.4720755,41.9212605]]]}},{"type":"Feature","properties":{"class":"public","name":"Santa Maria in Montesanto","name:en":null},"geometry":{"type":"Polygon","coordinates":[[[12.4767574,41.9100343],[12.4768503,41.9100615],[12.4769432,41.9100888],[12.4769864,41.910018],[12.4770476,41.9100014],[12.4770705,41.9100059],[12.4771792,41.9099048],[12.4771962,41.9098876],[12.4770886,41.9098529],[12.4770558,41.9097982],[12.4771369,41.9096995],[12.4770773,41.9096712],[12.477045,41.9096971],[12.477006,41.9096883],[12.4769769,41.9097504],[12.4769314,41.9097377],[12.476854,41.9097177],[12.4768306,41.9097705],[12.4767692,41.9099323],[12.4768088,41.9099482],[12.4767574,41.9100343]]]}},{"type":"Feature","properties":{"class":"public","name":"Chiesa di Santa Maria dei Miracoli","name:en":null},"geometry":{"type":"Polygon","coordinates":[[[12.4763141,41.9099545],[12.4764128,41.9099667],[12.4765116,41.909979],[12.4765302,41.9099001],[12.4765528,41.9098914],[12.4765898,41.9098925],[12.4766498,41.9097819],[12.4766768,41.9097266],[12.4766913,41.9097074],[12.4765102,41.9096533],[12.4765102,41.9096213],[12.4765319,41.9095966],[12.4764447,41.9095782],[12.4764179,41.9096431],[12.4762745,41.9097111],[12.4762884,41.9098598],[12.4763325,41.9098598],[12.4763141,41.9099545]]]}},{"type":"Feature","properties":{"class":"public","name":"Santa Maria Porta Paradisi","name:en":null},"geometry":{"type":"Polygon","coordinates":[[[12.4759391,41.9075161],[12.4760392,41.9075157],[12.4760391,41.907503],[12.4761186,41.9075028],[12.476118,41.9073993],[12.4760579,41.9073995],[12.4760578,41.9073858],[12.4759929,41.907386],[12.4759929,41.9073967],[12.4759257,41.9073984],[12.4759341,41.9075159],[12.4759391,41.9075161]]]}},{"type":"Feature","properties":{"class":"public","name":"San Giacomo in Augusta","name:en":null},"geometry":{"type":"Polygon","coordinates":[[[12.4771124,41.9079506],[12.4774433,41.9079591],[12.4774955,41.9078645],[12.477512,41.9078683],[12.4775777,41.9077046],[12.4775639,41.9077008],[12.4776048,41.9075727],[12.477074,41.9075477],[12.4770611,41.9076746],[12.4770173,41.907693],[12.4769964,41.9077313],[12.4770021,41.9077638],[12.4770173,41.9077893],[12.4770459,41.9077992],[12.4770402,41.9078756],[12.4771162,41.9078742],[12.4771124,41.9079506]]]}},{"type":"Feature","properties":{"class":"public","name":"Chiesa di Santa Lucia del Gonfalone","name:en":null},"geometry":{"type":"Polygon","coordinates":[[[12.4671087,41.8975657],[12.4674183,41.8977433],[12.4674835,41.8976803],[12.4675467,41.8976192],[12.4675259,41.8976073],[12.4673934,41.8975313],[12.4673324,41.8974963],[12.467237,41.8974417],[12.4671087,41.8975657]]]}},{"type":"Feature","properties":{"class":"public","name":"Chiesa di San Girolamo dei Croati","name:en":null},"geometry":{"type":"Polygon","coordinates":[[[12.4755719,41.9051609],[12.4758934,41.9051374],[12.4758981,41.9051732],[12.4759845,41.9051669],[12.476074,41.9051603],[12.4761015,41.9051583],[12.4760713,41.9049296],[12.4755464,41.904968],[12.4755719,41.9051609]]]}},{"type":"Feature","properties":{"class":"public","name":"San Pantaleo","name:en":null},"geometry":{"type":"Polygon","coordinates":[[[12.4730504,41.8971572],[12.473292,41.8972146],[12.4733039,41.8971938],[12.4733771,41.8972155],[12.4733989,41.8971871],[12.473413,41.8971542],[12.4734137,41.8971381],[12.4734056,41.8971233],[12.4733887,41.8971112],[12.4733592,41.8971],[12.4733681,41.8970789],[12.4731365,41.8970087],[12.4731266,41.8970261],[12.4730885,41.8970917],[12.4730504,41.8971572]]]}},{"type":"Feature","properties":{"class":"public","name":"Chiesa di Sant'Antonio in Campo Marzio","name:en":null},"geometry":{"type":"Polygon","coordinates":[[[12.4743203,41.9019991],[12.4743872,41.9019975],[12.4743873,41.9020149],[12.4745309,41.9020176],[12.4745822,41.9020179],[12.4745869,41.9019048],[12.4745238,41.9019035],[12.474526,41.901739],[12.4744021,41.901739],[12.4744018,41.9017622],[12.474401,41.9018153],[12.4743999,41.9018987],[12.4743763,41.9018987],[12.4743203,41.9018987],[12.4743203,41.9019991]]]}},{"type":"Feature","properties":{"class":"public","name":"Chiesa di Santa Maria in Via","name:en":null},"geometry":{"type":"Polygon","coordinates":[[[12.4817551,41.9017587],[12.4817743,41.9017625],[12.4817941,41.9017613],[12.4818122,41.9017553],[12.4818267,41.9017452],[12.4818358,41.9017321],[12.4818385,41.9017174],[12.4818345,41.9017029],[12.4818243,41.9016903],[12.481809,41.9016808],[12.4817904,41.9016757],[12.4818134,41.9016138],[12.4817976,41.9016104],[12.4816461,41.9015775],[12.4815359,41.9015536],[12.4814623,41.9015376],[12.4814312,41.9015309],[12.4813534,41.9017271],[12.4817349,41.9018147],[12.481743,41.9017923],[12.4817551,41.9017587]]]}},{"type":"Feature","properties":{"class":"public","name":"Santissimo Sacramento al Tritone","name:en":null},"geometry":{"type":"Polygon","coordinates":[[[12.4821496,41.901923],[12.4823496,41.9019707],[12.4823692,41.9019103],[12.482385,41.9018614],[12.4821743,41.9018214],[12.4821496,41.901923]]]}},{"type":"Feature","properties":{"class":"public","name":"Santissimi Nomi di Ges\u00f9 e Maria in Via Lata","name:en":null},"geometry":{"type":"Polygon","coordinates":[[[12.4775265,41.9080934],[12.4775879,41.9081079],[12.4777891,41.9081555],[12.4778296,41.9081651],[12.4778463,41.9081258],[12.4780414,41.9081719],[12.4781056,41.9080216],[12.4781242,41.907978],[12.4780998,41.9079722],[12.4779901,41.9079463],[12.4779261,41.9079312],[12.477626,41.9078602],[12.4775794,41.9079695],[12.4775265,41.9080934]]]}},{"type":"Feature","properties":{"class":"public","name":"Sant'Atanasio","name:en":null},"geometry":{"type":"Polygon","coordinates":[[[12.479398,41.90799],[12.4795702,41.9078338],[12.4795489,41.9078205],[12.4793505,41.9076961],[12.4793099,41.907732],[12.4792383,41.9076871],[12.4792272,41.9076969],[12.4791166,41.9077946],[12.4792895,41.9079031],[12.4793501,41.9079411],[12.4793323,41.9079569],[12.479398,41.90799]]]}},{"type":"Feature","properties":{"class":"ruin","name":"Cisterna Romana della Via Colombo","name:en":null},"geometry":{"type":"Polygon","coordinates":[[[12.4968927,41.8647233],[12.496889,41.8647386],[12.4968836,41.8647506],[12.496876,41.8647598],[12.4968582,41.8647655],[12.4968331,41.8647642],[12.4968053,41.8647573],[12.4967896,41.864742],[12.4967827,41.8647229],[12.4967427,41.8647684],[12.4967206,41.8647734],[12.4967031,41.8647616],[12.4966587,41.8647482],[12.4966421,41.8647204],[12.4966354,41.864677],[12.4966588,41.8646606],[12.4966493,41.8646412],[12.4966479,41.8646182],[12.4966533,41.8645964],[12.496672,41.8645795],[12.4966961,41.8645679],[12.4967271,41.8645606],[12.4967682,41.8645636],[12.4967953,41.8645749],[12.4968159,41.8645935],[12.4968333,41.8646167],[12.4968374,41.8646448],[12.4968221,41.8646775],[12.4968462,41.8646752],[12.4968696,41.8646812],[12.4968876,41.8646923],[12.4968952,41.8647088],[12.4968927,41.8647233]]]}},{"type":"Feature","properties":{"class":"public","name":"Chiesa di Santo Spirito in Sassia","name:en":null},"geometry":{"type":"Polygon","coordinates":[[[12.4609202,41.9012974],[12.4610508,41.9011288],[12.4613099,41.9007942],[12.4613325,41.9008047],[12.4615235,41.9008899],[12.4614829,41.9009398],[12.4614405,41.9009932],[12.4611344,41.9013892],[12.4610489,41.9013504],[12.4609202,41.9012974]]]}},{"type":"Feature","properties":{"class":"public","name":"Santa Maria delle Grazie alle Fornaci","name:en":null},"geometry":{"type":"Polygon","coordinates":[[[12.4549743,41.8975618],[12.4549599,41.8975817],[12.4548323,41.8977483],[12.4548107,41.897774],[12.4546404,41.8976953],[12.4544196,41.8975998],[12.4544626,41.8975394],[12.4544601,41.8975196],[12.4544635,41.8975056],[12.4544715,41.8974892],[12.4544609,41.8974805],[12.4545079,41.8974236],[12.4545549,41.8974446],[12.4545988,41.8974499],[12.454633,41.8974652],[12.4547089,41.897499],[12.454733,41.897463],[12.45492,41.8975396],[12.4549743,41.8975618]]]}},{"type":"Feature","properties":{"class":"public","name":"Chiesa di San Pietro in Montorio","name:en":"Church of San Pietro in Montorio"},"geometry":{"type":"Polygon","coordinates":[[[12.4663441,41.888478],[12.4662429,41.8884612],[12.4662332,41.888464],[12.4661954,41.888463],[12.4661544,41.8884893],[12.4661442,41.8885283],[12.4661621,41.8885591],[12.4661906,41.8885759],[12.4662232,41.8885951],[12.4666444,41.8886702],[12.4666826,41.888539],[12.4666318,41.8885308],[12.466646,41.8884904],[12.4666322,41.888477],[12.4665946,41.888468],[12.4665693,41.8884751],[12.4665566,41.8885159],[12.4665248,41.888511],[12.4665383,41.8884706],[12.4664593,41.8884582],[12.4664479,41.8884962],[12.4664118,41.8884899],[12.4664091,41.8884818],[12.466403,41.8884746],[12.4663941,41.8884691],[12.4663834,41.8884659],[12.4663719,41.8884653],[12.4663607,41.8884674],[12.4663509,41.888472],[12.4663441,41.888478]]]}},{"type":"Feature","properties":{"class":"public","name":"Chiesa della Santissima Trinit\u00e0 degli Spagnoli","name:en":null},"geometry":{"type":"Polygon","coordinates":[[[12.4791955,41.9046151],[12.4793976,41.9046863],[12.4794438,41.9046159],[12.4793889,41.9045973],[12.4794345,41.9045698],[12.4794628,41.9045342],[12.4794736,41.9044954],[12.4794736,41.904463],[12.4794389,41.9044258],[12.4793802,41.904408],[12.4793345,41.9044064],[12.4792911,41.9044339],[12.4792607,41.9044663],[12.4792433,41.9045132],[12.4792672,41.9045488],[12.479278,41.9045666],[12.4792272,41.9045509],[12.4791955,41.9046151]]]}},{"type":"Feature","properties":{"class":"public","name":"Chiesa dei Santi Aquila e Priscilla","name:en":null},"geometry":{"type":"Polygon","coordinates":[[[12.472448,41.8665653],[12.4724521,41.8664873],[12.4725676,41.8665221],[12.4725793,41.8665597],[12.47261,41.8665719],[12.4726865,41.8665644],[12.4726612,41.8665958],[12.4730045,41.866747],[12.4730794,41.8666944],[12.473149,41.8666757],[12.4732019,41.8666685],[12.4732575,41.8666653],[12.4733156,41.8666706],[12.4733577,41.8666798],[12.4734062,41.8666973],[12.4734413,41.8667169],[12.4734745,41.8667398],[12.4734996,41.8667627],[12.4735259,41.8667906],[12.4735442,41.8668166],[12.4735581,41.8668809],[12.4735497,41.8669492],[12.4735247,41.8670114],[12.4733724,41.8671266],[12.4733324,41.8670799],[12.4733135,41.8670886],[12.4732525,41.8670955],[12.4731338,41.8670779],[12.4731249,41.8671089],[12.4729202,41.8669514],[12.4728944,41.8669369],[12.4728603,41.8669438],[12.4728348,41.8669448],[12.4727472,41.8669165],[12.4728201,41.8668284],[12.4727436,41.8667917],[12.4727042,41.8667728],[12.4725566,41.866702],[12.4725648,41.8666952],[12.4725464,41.866687],[12.4725152,41.8667413],[12.472351,41.8666901],[12.4724311,41.8665593],[12.472448,41.8665653]]]}},{"type":"Feature","properties":{"class":"public","name":"Sant'Eusebio all'Esquilino","name:en":null},"geometry":{"type":"Polygon","coordinates":[[[12.5035668,41.8961933],[12.5035497,41.8962025],[12.5035606,41.8962155],[12.5038,41.8965148],[12.5038429,41.8964937],[12.5039136,41.8965721],[12.5040233,41.8965019],[12.5037469,41.8961012],[12.5037238,41.8961131],[12.5035905,41.8961812],[12.5035668,41.8961933]]]}},{"type":"Feature","properties":{"class":"public","name":"Basilica di San Lorenzo in Lucina","name:en":null},"geometry":{"type":"Polygon","coordinates":[[[12.4784652,41.9035018],[12.4785854,41.9035298],[12.4787259,41.9035625],[12.478784,41.9034263],[12.4789031,41.9031341],[12.4789214,41.9030891],[12.4788692,41.9030761],[12.4788537,41.9030415],[12.4788285,41.9030141],[12.4787975,41.9030041],[12.4787588,41.9030026],[12.4787239,41.9030185],[12.4786949,41.9030401],[12.4786794,41.9030631],[12.4786407,41.9030531],[12.4786183,41.9031109],[12.4785476,41.9032933],[12.4785213,41.903361],[12.4784652,41.9035018]]]}},{"type":"Feature","properties":{"class":"public","name":"Sant'Alfonso dei Liguori","name:en":null},"geometry":{"type":"Polygon","coordinates":[[[12.5002299,41.8958518],[12.500224,41.895781],[12.5002176,41.8957043],[12.5004915,41.8956917],[12.5006627,41.8956838],[12.500675,41.8958312],[12.5002299,41.8958518]]]}},{"type":"Feature","properties":{"class":"public","name":"Basilica di Santa Cecilia in Trastevere","name:en":null},"geometry":{"type":"Polygon","coordinates":[[[12.4756739,41.8877543],[12.4757726,41.887715],[12.4760437,41.8876125],[12.4761847,41.8875562],[12.4761083,41.8874564],[12.4760401,41.8873672],[12.4755288,41.8875683],[12.4755592,41.8876006],[12.4755669,41.8876088],[12.4755429,41.8876309],[12.4755369,41.8876556],[12.4755442,41.887679],[12.475564,41.8876976],[12.4755945,41.8877034],[12.4756308,41.8877002],[12.4756739,41.8877543]]]}},{"type":"Feature","properties":{"class":"public","name":"Santa Maria Maddalena in Campo Marzio","name:en":null},"geometry":{"type":"Polygon","coordinates":[[[12.4766848,41.9001528],[12.4767752,41.9001601],[12.4768159,41.9001739],[12.4768151,41.9001854],[12.4768739,41.9001855],[12.476939,41.9001856],[12.4769366,41.900205],[12.4771208,41.9002125],[12.4771273,41.9000469],[12.4767281,41.9000296],[12.4766848,41.9001528]]]}},{"type":"Feature","properties":{"class":"public","name":"San Salvatore alle Coppelle","name:en":null},"geometry":{"type":"Polygon","coordinates":[[[12.4760236,41.9006923],[12.4760243,41.9006995],[12.4760264,41.9007056],[12.476031,41.9007109],[12.4760376,41.9007148],[12.4760455,41.900717],[12.476054,41.9007172],[12.4760621,41.9007153],[12.476069,41.9007117],[12.4760739,41.9007066],[12.4760764,41.9007005],[12.4760777,41.9006934],[12.4760972,41.9006936],[12.4760973,41.9005586],[12.4759591,41.9005576],[12.4759592,41.9005622],[12.4760127,41.9005631],[12.4760108,41.9006921],[12.4760236,41.9006923]]]}},{"type":"Feature","properties":{"class":"public","name":"Chiesa di Santa Maria della Concezione in Campo Marzio","name:en":null},"geometry":{"type":"Polygon","coordinates":[[[12.476536,41.9012288],[12.4765152,41.9012332],[12.4764977,41.9012426],[12.4764854,41.9012558],[12.476458,41.9012712],[12.4763896,41.9013296],[12.4763444,41.9013835],[12.4763395,41.9015439],[12.4764456,41.9015509],[12.4765767,41.9015547],[12.4766658,41.901558],[12.4766705,41.9014715],[12.4766969,41.9014725],[12.4766983,41.901431],[12.4766945,41.901343],[12.4767028,41.9013138],[12.4767098,41.9012894],[12.4766574,41.9011915],[12.476536,41.9012288]]]}},{"type":"Feature","properties":{"class":"ruin","name":"Tempio di Antonino e Faustina","name:en":null},"geometry":{"type":"Polygon","coordinates":[[[12.4871789,41.9152384],[12.4872517,41.915201],[12.4873449,41.9153015],[12.4872721,41.9153389],[12.4871789,41.9152384]]]}},{"type":"Feature","properties":{"class":"public","name":"Chiesa di Santa Maria Liberatrice","name:en":null},"geometry":{"type":"Polygon","coordinates":[[[12.4740302,41.8795654],[12.4738162,41.879409],[12.473788,41.8794304],[12.4736446,41.8793255],[12.4736555,41.8793173],[12.4737284,41.8792621],[12.4736716,41.8792206],[12.4736709,41.8791629],[12.4737295,41.879116],[12.4738093,41.8791162],[12.4738661,41.8791577],[12.4739394,41.8790987],[12.4739451,41.8790884],[12.4740817,41.8791892],[12.4740568,41.8792093],[12.474228,41.8793287],[12.4742897,41.8793736],[12.4742365,41.8794091],[12.4742519,41.8794203],[12.4741774,41.8794768],[12.4741065,41.8795305],[12.4740911,41.8795192],[12.4740302,41.8795654]]]}},{"type":"Feature","properties":{"class":"public","name":"Santi Vito e Modesto","name:en":null},"geometry":{"type":"Polygon","coordinates":[[[12.5013716,41.8959227],[12.5013722,41.895903],[12.501366,41.8958563],[12.5013692,41.8958309],[12.5013702,41.8958112],[12.5013843,41.8958116],[12.5013851,41.8957961],[12.5016905,41.895794],[12.5017379,41.8957953],[12.5017406,41.8958488],[12.501739,41.8958875],[12.5017333,41.8958872],[12.501719,41.8958986],[12.5017026,41.8959054],[12.5016779,41.8959127],[12.5016778,41.8959223],[12.501595,41.8959241],[12.5013716,41.8959227]]]}},{"type":"Feature","properties":{"class":"public","name":"Zoologia","name:en":null},"geometry":{"type":"Polygon","coordinates":[[[12.5131823,41.90459],[12.5133174,41.9046277],[12.5133639,41.9045355],[12.5135,41.9045735],[12.5134514,41.9046698],[12.5135897,41.9047085],[12.5137069,41.9044759],[12.5135874,41.9044426],[12.5135944,41.9044278],[12.5135632,41.9043663],[12.5134906,41.9043457],[12.5134187,41.9043718],[12.5134103,41.9043868],[12.5133003,41.9043561],[12.5131823,41.90459]]]}},{"type":"Feature","properties":{"class":"public","name":"Anatomia Umana - B.A.U.","name:en":null},"geometry":{"type":"Polygon","coordinates":[[[12.5153661,41.9066762],[12.5153946,41.9066847],[12.5154237,41.9066888],[12.5154468,41.906686],[12.5154679,41.9066799],[12.5154885,41.906669],[12.5155016,41.9066576],[12.5155104,41.9066422],[12.5155176,41.9066287],[12.5155192,41.9066129],[12.5155179,41.9065942],[12.5155097,41.9065745],[12.5153683,41.9064644],[12.5154646,41.906381],[12.5154899,41.9063982],[12.5154662,41.9064177],[12.5155975,41.9065148],[12.5156095,41.9065053],[12.5156485,41.9065132],[12.5156936,41.906512],[12.5157306,41.906504],[12.5157618,41.9064928],[12.515785,41.9064811],[12.5158027,41.9064683],[12.5158207,41.9064485],[12.5158328,41.9064306],[12.515838,41.9064178],[12.5158439,41.9063986],[12.5158466,41.9063729],[12.5158438,41.9063549],[12.5158383,41.9063395],[12.5158291,41.9063288],[12.5158395,41.9063194],[12.515697,41.9062304],[12.5156798,41.9062433],[12.5156553,41.9062272],[12.5157683,41.9061443],[12.515909,41.9062449],[12.5159329,41.9062515],[12.5159614,41.9062558],[12.5159866,41.9062515],[12.5160118,41.9062437],[12.5160295,41.9062328],[12.5160425,41.9062185],[12.5160542,41.9061909],[12.5160565,41.9061728],[12.5160496,41.9061535],[12.5158395,41.9059862],[12.5158086,41.9059781],[12.5157766,41.9059769],[12.5157479,41.9059824],[12.5157239,41.9059922],[12.5156186,41.9060694],[12.5151803,41.906432],[12.5151908,41.9064398],[12.5151679,41.9064579],[12.5151587,41.9064692],[12.5151526,41.9064805],[12.5151489,41.906496],[12.5151514,41.9065116],[12.5151555,41.9065242],[12.5151654,41.9065361],[12.5153661,41.9066762]]]}},{"type":"Feature","properties":{"class":"public","name":"Areti Esquilino","name:en":null},"geometry":{"type":"Polygon","coordinates":[[[12.5072003,41.8961009],[12.5073488,41.8962399],[12.5075756,41.8961056],[12.5074271,41.8959667],[12.5072003,41.8961009]]]}},{"type":"Feature","properties":{"class":"public","name":"Chiesa di Santa Caterina dei Funari","name:en":null},"geometry":{"type":"Polygon","coordinates":[[[12.4784224,41.8941353],[12.4784672,41.8941366],[12.4784611,41.894211],[12.4785979,41.8942166],[12.4786118,41.8942162],[12.4786144,41.8941749],[12.4786609,41.8941765],[12.4786633,41.8941399],[12.4787022,41.8941412],[12.478708,41.8940515],[12.478685,41.8940506],[12.4786868,41.8940225],[12.4786364,41.8940195],[12.4786412,41.8939277],[12.4786447,41.8938602],[12.4786457,41.8938407],[12.4785642,41.893838],[12.4784742,41.8938357],[12.4784641,41.8940283],[12.478428,41.8940273],[12.4784224,41.8941353]]]}},{"type":"Feature","properties":{"class":"public","name":"INAIL Roma Centro","name:en":null},"geometry":{"type":"Polygon","coordinates":[[[12.469043,41.9133622],[12.4689398,41.9136164],[12.4690059,41.9136331],[12.4689802,41.913699],[12.4692069,41.9137466],[12.4692057,41.9137706],[12.469367,41.913782],[12.4693698,41.9137557],[12.4695992,41.9137182],[12.4696818,41.913661],[12.4697365,41.9135004],[12.4695468,41.9134675],[12.469532,41.9135194],[12.4691921,41.9134579],[12.4692141,41.9134058],[12.469043,41.9133622]]]}},{"type":"Feature","properties":{"class":"ruin","name":"Ninfeo romano","name:en":null},"geometry":{"type":"Polygon","coordinates":[[[12.5060105,41.8955057],[12.5060543,41.8955501],[12.5061747,41.895536],[12.5060953,41.8954547],[12.5060105,41.8955057]]]}},{"type":"Feature","properties":{"class":"public","name":"Aule L di Ingegneria (da 1 a 10) RM018","name:en":null},"geometry":{"type":"Polygon","coordinates":[[[12.5175646,41.9057399],[12.5179645,41.9054145],[12.5179805,41.9054016],[12.5180704,41.9054633],[12.5181301,41.9055044],[12.5176638,41.9058798],[12.517554,41.9058043],[12.5175232,41.9058291],[12.5174991,41.9058125],[12.5174764,41.9058308],[12.517427,41.9057968],[12.5175285,41.9057151],[12.5175646,41.9057399]]]}},{"type":"Feature","properties":{"class":"public","name":"Dipartimento di Chimica RM017","name:en":null},"geometry":{"type":"Polygon","coordinates":[[[12.5172011,41.9060878],[12.5174868,41.9058592],[12.5176423,41.90597],[12.5173556,41.9061976],[12.5172011,41.9060878]]]}},{"type":"Feature","properties":{"class":"public","name":"Aule 14, 15, 16 di Ingegneria RM006","name:en":null},"geometry":{"type":"Polygon","coordinates":[[[12.5175178,41.9061432],[12.5175488,41.9061187],[12.5175161,41.9060958],[12.5175921,41.9060357],[12.5176236,41.9060577],[12.5176671,41.9060232],[12.5178562,41.9061555],[12.5177058,41.9062747],[12.5175178,41.9061432]]]}},{"type":"Feature","properties":{"class":"public","name":"Aule 11, 12, 13 di Ingegneria","name:en":null},"geometry":{"type":"Polygon","coordinates":[[[12.5177148,41.9064316],[12.517932,41.9062555],[12.518217,41.9064561],[12.5180078,41.9066268],[12.5178985,41.9065514],[12.5178737,41.9065729],[12.5178033,41.9065225],[12.5178241,41.9065055],[12.5177148,41.9064316]]]}},{"type":"Feature","properties":{"class":"public","name":"Sala studio Ghizzetti h24 RM007","name:en":null},"geometry":{"type":"Polygon","coordinates":[[[12.5181482,41.9067745],[12.5182562,41.9066885],[12.5184818,41.906846],[12.5183994,41.9069012],[12.5184296,41.9069337],[12.5183773,41.9069746],[12.5183095,41.9069472],[12.5182438,41.9068978],[12.5182894,41.9068593],[12.5181482,41.9067745]]]}},{"type":"Feature","properties":{"class":"public","name":"Palazzina A","name:en":null},"geometry":{"type":"Polygon","coordinates":[[[12.5181681,41.9065669],[12.51828,41.9064744],[12.5185221,41.9066366],[12.5185105,41.9066463],[12.5185461,41.9066701],[12.5185407,41.9066745],[12.518583,41.9067028],[12.518574,41.9067103],[12.5186167,41.9067388],[12.5185318,41.9068093],[12.5181681,41.9065669]]]}},{"type":"Feature","properties":{"class":"public","name":null,"name:en":null},"geometry":{"type":"Polygon","coordinates":[[[12.5163174,41.8995756],[12.5167405,41.8997983],[12.516441,41.9000822],[12.5163309,41.9000245],[12.5162884,41.9000021],[12.5161397,41.8999242],[12.5158991,41.9001785],[12.515789,41.9001208],[12.5160189,41.8998778],[12.5161568,41.8997446],[12.5163174,41.8995756]]]}},{"type":"Feature","properties":{"class":"public","name":"Centro Anziani","name:en":null},"geometry":{"type":"Polygon","coordinates":[[[12.4840953,41.865529],[12.4840918,41.8657801],[12.4842197,41.865781],[12.4842231,41.86553],[12.4840953,41.865529]]]}},{"type":"Feature","properties":{"class":"wall","name":"Mura Aureliane","name:en":"Aurelian Walls"},"geometry":{"type":"LineString","coordinates":[[12.4917969,41.91043],[12.4913934,41.9102427],[12.4913109,41.9102005],[12.4912854,41.9102274],[12.4912076,41.9101895],[12.4912325,41.9101611],[12.4908718,41.9099398]]}},{"type":"Feature","properties":{"class":"public","name":"Chiesa di San Cesareo de Appia","name:en":null},"geometry":{"type":"Polygon","coordinates":[[[12.4967623,41.8784848],[12.4969472,41.8786197],[12.4970687,41.8787084],[12.4971129,41.8786748],[12.4971241,41.8786829],[12.4971679,41.8786496],[12.4971568,41.8786415],[12.4971878,41.8786179],[12.4968814,41.8783943],[12.4967623,41.8784848]]]}},{"type":"Feature","properties":{"class":"public","name":"Oratorio di San Pietro in Borgo","name:en":null},"geometry":{"type":"Polygon","coordinates":[[[12.4563397,41.9006755],[12.4561523,41.9006629],[12.4561644,41.9005806],[12.4563558,41.9005949],[12.4563557,41.9006051],[12.4563642,41.9006074],[12.4563718,41.9006111],[12.4563809,41.9006188],[12.4563857,41.9006271],[12.4563871,41.900636],[12.4563861,41.9006419],[12.4563836,41.9006475],[12.4563785,41.9006539],[12.4563714,41.9006592],[12.4563592,41.9006642],[12.4563454,41.9006659],[12.4563397,41.9006755]]]}},{"type":"Feature","properties":{"class":"ruin","name":null,"name:en":null},"geometry":{"type":"Polygon","coordinates":[[[12.5022341,41.8978081],[12.502401,41.8977088],[12.5024645,41.8978063],[12.5024143,41.8978279],[12.5024347,41.8978653],[12.5024943,41.897846],[12.5025375,41.8979231],[12.5024275,41.8979929],[12.5022341,41.8978081]]]}},{"type":"Feature","properties":{"class":"ruin","name":"Mura Serviane","name:en":null},"geometry":{"type":"Polygon","coordinates":[[[12.5021331,41.8978667],[12.5023302,41.8980547],[12.5024275,41.8979929],[12.5022341,41.8978081],[12.5021331,41.8978667]]]}},{"type":"Feature","properties":{"class":"public","name":"Chiesa dei Santi Nereo e Achilleo","name:en":null},"geometry":{"type":"Polygon","coordinates":[[[12.4947049,41.8800072],[12.4945396,41.880135],[12.4948224,41.8803405],[12.4948557,41.8803148],[12.4948639,41.8803207],[12.4949507,41.8802536],[12.4949425,41.8802477],[12.4949895,41.8802114],[12.4947049,41.8800072]]]}},{"type":"Feature","properties":{"class":"public","name":"Basilica di Sant'Antonio da Padova all'Esquilino","name:en":null},"geometry":{"type":"Polygon","coordinates":[[[12.5039146,41.8888936],[12.5039752,41.8887823],[12.5040357,41.8886702],[12.5040631,41.8886791],[12.5040781,41.8886829],[12.5045153,41.8888231],[12.5044878,41.8888715],[12.5045721,41.8888981],[12.5046064,41.8889215],[12.504618,41.8889481],[12.5046023,41.8889918],[12.5045696,41.8890146],[12.5045404,41.8890238],[12.5045008,41.8890234],[12.5044524,41.8890081],[12.5044293,41.889055],[12.5043933,41.8890436],[12.5039684,41.8889109],[12.5039293,41.8888981],[12.5039146,41.8888936]]]}},{"type":"Feature","properties":{"class":"ruin","name":null,"name:en":null},"geometry":{"type":"Polygon","coordinates":[[[12.5036612,41.8859065],[12.5035874,41.8859583],[12.5035599,41.8859807],[12.5036948,41.8860828],[12.5037961,41.8860087],[12.5036612,41.8859065]]]}},{"type":"Feature","properties":{"class":"public","name":"Chiesa di Santa Caterina Martire","name:en":null},"geometry":{"type":"Polygon","coordinates":[[[12.4541009,41.8946694],[12.4541565,41.8946693],[12.4543277,41.8946689],[12.4543468,41.8946918],[12.4543939,41.8946917],[12.4544104,41.8946705],[12.4544934,41.8946703],[12.4544932,41.8946161],[12.4545312,41.8946],[12.4545311,41.8945686],[12.4544959,41.8945593],[12.4544956,41.8944923],[12.4541023,41.8944931],[12.4541025,41.8945511],[12.4540708,41.8945643],[12.4540709,41.8945994],[12.4541007,41.8946135],[12.4541009,41.8946694]]]}},{"type":"Feature","properties":{"class":"public","name":"Chiesa del Colleggio Pio Romeno, l'Annunciazione del Signore","name:en":null},"geometry":{"type":"Polygon","coordinates":[[[12.4601224,41.8946734],[12.4603422,41.8946887],[12.460364,41.8945162],[12.4603497,41.8944763],[12.4602979,41.8944539],[12.4603066,41.8943852],[12.4602549,41.8943816],[12.4602466,41.8944474],[12.4601848,41.894458],[12.4601438,41.894504],[12.4601224,41.8946734]]]}},{"type":"Feature","properties":{"class":"public","name":"Chiesa di San Gregorio VII","name:en":null},"geometry":{"type":"Polygon","coordinates":[[[12.4498567,41.89837],[12.4505402,41.8980863],[12.4503846,41.8978786],[12.4497011,41.8981623],[12.4498567,41.89837]]]}},{"type":"Feature","properties":{"class":"public","name":"Farmacia","name:en":null},"geometry":{"type":"Polygon","coordinates":[[[12.5138314,41.9011965],[12.5137777,41.9012144],[12.513767,41.9012374],[12.5137898,41.9012783],[12.5138153,41.9012853],[12.5138743,41.9012614],[12.513881,41.9012434],[12.5142241,41.901342],[12.5142082,41.9013811],[12.5142149,41.9014151],[12.5142184,41.9014269],[12.5142659,41.9015059],[12.5143787,41.901466],[12.5143383,41.9013951],[12.5143985,41.9012919],[12.5144493,41.9012738],[12.5147709,41.9013615],[12.5149381,41.9010374],[12.5145607,41.9009295],[12.5144336,41.9011923],[12.5143492,41.9012246],[12.5142155,41.9011829],[12.513957,41.9011022],[12.5139025,41.9010851],[12.5138931,41.9010822],[12.5138314,41.9011965]]]}},{"type":"Feature","properties":{"class":"public","name":"Laboratori Emilio Segr\u00e8","name:en":null},"geometry":{"type":"Polygon","coordinates":[[[12.5162286,41.9017911],[12.5162486,41.9017958],[12.5165538,41.9018833],[12.5166357,41.9017251],[12.5163094,41.9016307],[12.5162286,41.9017911]]]}},{"type":"Feature","properties":{"class":"public","name":"Chiesa della Divina Sapienza","name:en":null},"geometry":{"type":"Polygon","coordinates":[[[12.5127864,41.9036646],[12.5126826,41.903635],[12.5126543,41.9036475],[12.5126332,41.9036553],[12.5126016,41.9036632],[12.5125619,41.9036668],[12.5125258,41.9036655],[12.5124844,41.9036584],[12.5124611,41.9036517],[12.5124266,41.9036383],[12.5124041,41.9036258],[12.5123856,41.9036128],[12.5123622,41.9035936],[12.5123432,41.9035742],[12.5123304,41.9035534],[12.5123209,41.903535],[12.5122778,41.9035226],[12.5123395,41.9034112],[12.5123768,41.903422],[12.5123941,41.9034152],[12.5124163,41.9034074],[12.5124447,41.9034015],[12.5124696,41.9033982],[12.5124983,41.9033967],[12.512527,41.9033972],[12.5125694,41.9034018],[12.5126007,41.9034092],[12.5126382,41.9034237],[12.512674,41.9034411],[12.5127052,41.9034643],[12.5127246,41.9034908],[12.5127335,41.9035197],[12.5128439,41.903553],[12.5127864,41.9036646]]]}},{"type":"Feature","properties":{"class":"public","name":"Chiesa di San Salvatore in Lauro","name:en":null},"geometry":{"type":"Polygon","coordinates":[[[12.4695857,41.9008159],[12.4695862,41.9008293],[12.4696155,41.9008287],[12.4696162,41.9008498],[12.4697313,41.9008478],[12.4697906,41.9008467],[12.4698766,41.9008452],[12.4698725,41.9007166],[12.4698721,41.9007052],[12.4698718,41.900695],[12.4698716,41.9006878],[12.4697996,41.9006891],[12.4697988,41.9006614],[12.4697837,41.9006617],[12.4697831,41.9006447],[12.4696372,41.9006473],[12.4696371,41.9006428],[12.4695901,41.9006437],[12.4695903,41.9006499],[12.4695905,41.9006572],[12.4695782,41.9006574],[12.4695787,41.9006755],[12.4695499,41.9006761],[12.4695494,41.9006585],[12.4695087,41.9006592],[12.4694955,41.9006595],[12.469496,41.9006768],[12.4694672,41.9006774],[12.4694667,41.9006607],[12.4694161,41.9006616],[12.4694167,41.9006783],[12.469386,41.9006788],[12.4693855,41.9006629],[12.469333,41.9006639],[12.4693335,41.9006798],[12.4693028,41.9006803],[12.4693024,41.9006698],[12.4692594,41.9006706],[12.4692626,41.900772],[12.4692648,41.9008403],[12.469273,41.9008401],[12.4693083,41.9008395],[12.4693076,41.900819],[12.4693505,41.9008182],[12.469351,41.9008354],[12.4693901,41.9008348],[12.4693896,41.9008182],[12.4694303,41.9008174],[12.4694309,41.9008342],[12.4694701,41.9008336],[12.4694696,41.9008174],[12.4695116,41.9008166],[12.4695122,41.900833],[12.4695525,41.9008322],[12.4695521,41.9008165],[12.4695857,41.9008159]]]}},{"type":"Feature","properties":{"class":"ruin","name":"Templi dell'Area Sacra di Sant'Omobono","name:en":"Temples of the Sacred Area of S. Omobono"},"geometry":{"type":"Polygon","coordinates":[[[12.4807974,41.8907784],[12.4809502,41.8903963],[12.4809974,41.8904064],[12.4810982,41.8904296],[12.4811152,41.8903856],[12.4812276,41.8904106],[12.4813521,41.8904327],[12.481493,41.8904511],[12.4816712,41.8904691],[12.481671,41.890495],[12.481772,41.8904973],[12.4817683,41.8908466],[12.4815601,41.8908454],[12.4814669,41.8908469],[12.4814667,41.8906858],[12.4814305,41.8906448],[12.4813541,41.8906452],[12.4813204,41.8906928],[12.4812734,41.8906981],[12.4812878,41.8909007],[12.481227,41.8908939],[12.4811202,41.8908799],[12.4808329,41.8908236],[12.4808471,41.8907881],[12.4807974,41.8907784]]]}},{"type":"Feature","properties":{"class":"public","name":"Chiesa di Sant\u2019Omobono","name:en":null},"geometry":{"type":"Polygon","coordinates":[[[12.4812885,41.8909162],[12.4812878,41.8909007],[12.4812734,41.8906981],[12.4813204,41.8906928],[12.4813541,41.8906452],[12.4814305,41.8906448],[12.4814667,41.8906858],[12.4814669,41.8908469],[12.4814667,41.8909183],[12.4814672,41.8909364],[12.4814009,41.8909343],[12.4813514,41.8909315],[12.4813508,41.8909171],[12.4812885,41.8909162]]]}},{"type":"Feature","properties":{"class":"ruin","name":"Case medievali e romane a Piazza di Monte Savello","name:en":"Medieval and roman houses at Monte Savello square"},"geometry":{"type":"Polygon","coordinates":[[[12.4791058,41.8913873],[12.4790586,41.8913968],[12.4790351,41.8913292],[12.4790096,41.8913039],[12.479037,41.8912447],[12.4793209,41.8910036],[12.4794537,41.8908853],[12.4796738,41.8909337],[12.4797051,41.890942],[12.4796446,41.891094],[12.4796744,41.8911392],[12.4796848,41.8911479],[12.4796952,41.8911539],[12.479707,41.8911575],[12.4796593,41.8912591],[12.4796434,41.8912485],[12.4796314,41.8912383],[12.4796134,41.8912543],[12.4796029,41.8912726],[12.4795982,41.8912872],[12.4795971,41.8913021],[12.4796075,41.8913245],[12.4795997,41.8913368],[12.4795418,41.8913398],[12.479491,41.8913374],[12.4793627,41.8913307],[12.4791058,41.8913873]]]}},{"type":"Feature","properties":{"class":"ruin","name":"Foro Olitorio","name:en":null},"geometry":{"type":"Polygon","coordinates":[[[12.4796593,41.8912591],[12.4801182,41.8913617],[12.4802036,41.891381],[12.4803105,41.8911306],[12.4802521,41.8911154],[12.4802381,41.8911116],[12.4801681,41.8912633],[12.4801414,41.8912563],[12.4798544,41.8911828],[12.4798234,41.8911751],[12.4798191,41.8911847],[12.4797512,41.8911676],[12.479707,41.8911575],[12.4796593,41.8912591]]]}},{"type":"Feature","properties":{"class":"wall","name":null,"name:en":null},"geometry":{"type":"LineString","coordinates":[[12.4512377,41.9037368],[12.4512841,41.9037308],[12.4513435,41.9037203],[12.451398,41.9037107],[12.4514817,41.9036918],[12.4515553,41.9036796],[12.4517072,41.9036517],[12.4517135,41.9036768],[12.4517909,41.9036687],[12.4517852,41.9036427]]}},{"type":"Feature","properties":{"class":"public","name":"Chiesa dei Santi Martino e Sebastiano degli Svizzeri","name:en":"Saints Martin and Sebastian of the Swiss"},"geometry":{"type":"Polygon","coordinates":[[[12.4566527,41.9033369],[12.45665,41.9033323],[12.4566662,41.9033262],[12.4566693,41.903331],[12.4566697,41.9033317],[12.4567347,41.9033088],[12.4567318,41.9033053],[12.4567458,41.903301],[12.4568057,41.9033927],[12.4568079,41.9033962],[12.4567023,41.9033978],[12.4566527,41.9033369]]]}},{"type":"Feature","properties":{"class":"public","name":"San Lorenzo in Piscibus","name:en":null},"geometry":{"type":"Polygon","coordinates":[[[12.4591378,41.9018324],[12.4591737,41.9018272],[12.4591756,41.9018321],[12.4592212,41.9018263],[12.4592686,41.9018214],[12.4593068,41.9018178],[12.459317,41.9018165],[12.4593058,41.9017671],[12.4592949,41.9017679],[12.4592599,41.9016501],[12.4592262,41.9016562],[12.4592228,41.9016495],[12.459216,41.9016416],[12.4592059,41.9016375],[12.4591936,41.9016354],[12.4591799,41.9016359],[12.4591694,41.9016389],[12.4591602,41.9016449],[12.4591542,41.9016551],[12.4591527,41.9016677],[12.4591279,41.9016707],[12.4590998,41.9016734],[12.4591018,41.9016901],[12.4591378,41.9018324]]]}},{"type":"Feature","properties":{"class":"public","name":"Grotta di Lourdes","name:en":"Lourdes Grotto"},"geometry":{"type":"Polygon","coordinates":[[[12.4484488,41.902818],[12.448394,41.9027698],[12.4485053,41.9026998],[12.44856,41.902748],[12.4484714,41.9028037],[12.4484488,41.902818]]]}},{"type":"Feature","properties":{"class":"public","name":"Chiesa di San Pellegrino in Naumachia","name:en":"Saint Peregrin's Church"},"geometry":{"type":"Polygon","coordinates":[[[12.4569045,41.9049597],[12.4569457,41.9049002],[12.4570482,41.9049336],[12.4571415,41.9049641],[12.4571321,41.904977],[12.4571429,41.904985],[12.4571442,41.904997],[12.4571388,41.90501],[12.4571268,41.905019],[12.4571147,41.9050249],[12.4570986,41.9050239],[12.457093,41.905031],[12.4570425,41.9050119],[12.4569045,41.9049597]]]}},{"type":"Feature","properties":{"class":"public","name":null,"name:en":null},"geometry":{"type":"Polygon","coordinates":[[[12.4537808,41.9067237],[12.4537768,41.9066907],[12.4538328,41.9066936],[12.4539337,41.9066987],[12.4539042,41.9066324],[12.4538964,41.9066106],[12.4538947,41.9065881],[12.453899,41.9065663],[12.4539091,41.9065455],[12.4539233,41.906528],[12.4539415,41.9065128],[12.4539469,41.9064562],[12.4539514,41.9063557],[12.4539518,41.9063438],[12.4538773,41.9063434],[12.4538721,41.9062171],[12.4538647,41.906163],[12.4537229,41.9061584],[12.4536515,41.9061561],[12.4536816,41.9063893],[12.4534965,41.9064063],[12.4534657,41.9064153],[12.4534335,41.9064372],[12.4534134,41.9064652],[12.4534026,41.9064981],[12.4534053,41.90653],[12.4534174,41.906564],[12.4534308,41.9065909],[12.4534429,41.9066059],[12.4534268,41.9066618],[12.4535906,41.9066904],[12.4537808,41.9067237]]]}},{"type":"Feature","properties":{"class":"ruin","name":"Acquedotto Neroniano","name:en":null},"geometry":{"type":"Polygon","coordinates":[[[12.4957802,41.8851737],[12.4957778,41.8851263],[12.4958164,41.885125],[12.4958516,41.8851306],[12.4958516,41.8851719],[12.4957802,41.8851737]]]}},{"type":"Feature","properties":{"class":"public","name":"Chiesa di Sant'Isidoro alle Terme","name:en":null},"geometry":{"type":"Polygon","coordinates":[[[12.4960234,41.9040098],[12.4961315,41.9039147],[12.4962436,41.9039861],[12.4961605,41.9040559],[12.4961339,41.9040783],[12.4960234,41.9040098]]]}},{"type":"Feature","properties":{"class":"ruin","name":null,"name:en":null},"geometry":{"type":"Polygon","coordinates":[[[12.4970485,41.9012121],[12.4970621,41.9012],[12.497081,41.9011955],[12.4971017,41.9011936],[12.4971279,41.901194],[12.4971586,41.9011991],[12.4971833,41.9012071],[12.4972027,41.9012192],[12.4972209,41.9012348],[12.4972346,41.9012502],[12.4972446,41.9012671],[12.4972506,41.9012824],[12.497253,41.9012976],[12.4972518,41.9013133],[12.4972849,41.9013338],[12.4972871,41.9013189],[12.4972865,41.9013015],[12.497284,41.901285],[12.4972791,41.901265],[12.4972704,41.9012456],[12.4972556,41.9012286],[12.4972393,41.9012121],[12.4972192,41.9011977],[12.4971992,41.9011872],[12.4971768,41.9011793],[12.4971537,41.9011732],[12.4971308,41.9011703],[12.4971092,41.9011686],[12.4970753,41.9011727],[12.4970455,41.9011821],[12.497025,41.9011972],[12.4970485,41.9012121]]]}},{"type":"Feature","properties":{"class":"public","name":null,"name:en":null},"geometry":{"type":"Polygon","coordinates":[[[12.5129222,41.875089],[12.5127293,41.8753573],[12.512672,41.8753345],[12.5126617,41.8753488],[12.512627,41.8753349],[12.5125857,41.8753924],[12.5126218,41.8754067],[12.5125869,41.8754552],[12.5126544,41.8754821],[12.5126312,41.8755143],[12.512624,41.8755348],[12.5126224,41.8755536],[12.5126275,41.8755704],[12.512642,41.8755858],[12.5126626,41.8755996],[12.5126898,41.8756044],[12.5127151,41.8756044],[12.5127365,41.875598],[12.5127563,41.8755862],[12.5127725,41.8755715],[12.5127974,41.8755367],[12.5128643,41.8755632],[12.5128994,41.8755141],[12.512934,41.8755279],[12.5129752,41.8754704],[12.5129394,41.8754562],[12.5129492,41.8754426],[12.5128879,41.8754183],[12.5130759,41.8751555],[12.5129222,41.875089]]]}},{"type":"Feature","properties":{"class":"ruin","name":null,"name:en":null},"geometry":{"type":"Polygon","coordinates":[[[12.4998461,41.9032963],[12.4998678,41.9032613],[12.4998757,41.9032183],[12.4998662,41.9031855],[12.499845,41.9031495],[12.4998236,41.9031285],[12.4997928,41.9031009],[12.4997686,41.9031135],[12.4997981,41.9031325],[12.4997873,41.9031555],[12.4998075,41.9031884],[12.4998195,41.9032253],[12.4998195,41.9032503],[12.4998142,41.9032713],[12.4997873,41.9032922],[12.4997538,41.9033142],[12.4997257,41.9033321],[12.4996921,41.9033361],[12.4996452,41.9033421],[12.499617,41.9033381],[12.4995929,41.9033261],[12.4995459,41.9033062],[12.4995189,41.9033352],[12.4995433,41.9033491],[12.4996155,41.9033741],[12.4995982,41.903392],[12.4996232,41.903409],[12.4996291,41.903413],[12.4996532,41.903397],[12.4997337,41.903387],[12.4997391,41.9033631],[12.4997833,41.9033501],[12.4997967,41.9033631],[12.4998611,41.9033062],[12.4998461,41.9032963]]]}},{"type":"Feature","properties":{"class":"ruin","name":null,"name:en":null},"geometry":{"type":"Polygon","coordinates":[[[12.4995567,41.9034639],[12.499554,41.9034439],[12.4995339,41.903415],[12.4994802,41.903373],[12.4991453,41.9036702],[12.4992313,41.903724],[12.4992429,41.9037174],[12.4992737,41.9037184],[12.4993126,41.9037154],[12.4993461,41.9037074],[12.4993703,41.9037044],[12.4994024,41.9036944],[12.4994434,41.9036749],[12.4994695,41.9036575],[12.4995111,41.9036246],[12.4995298,41.9035906],[12.4995359,41.9035763],[12.4995459,41.9035527],[12.4995553,41.9035128],[12.4995567,41.9034828],[12.4995567,41.9034639]]]}},{"type":"Feature","properties":{"class":"ruin","name":"Mura Serviane","name:en":"Servian Wall"},"geometry":{"type":"Polygon","coordinates":[[[12.5010761,41.9024497],[12.5010815,41.9024398],[12.5011137,41.9024458],[12.5011029,41.9024607],[12.5010761,41.9024497]]]}},{"type":"Feature","properties":{"class":"ruin","name":"Mura Serviane","name:en":"Servian Wall"},"geometry":{"type":"Polygon","coordinates":[[[12.5009886,41.9027759],[12.5009779,41.9027636],[12.5009873,41.9027517],[12.5009822,41.9027479],[12.5011384,41.9025251],[12.501156,41.9025242],[12.5011688,41.9025155],[12.5012076,41.9025276],[12.5011659,41.902584],[12.5011415,41.9025762],[12.5011213,41.9026037],[12.5011445,41.9026142],[12.5011294,41.9026359],[12.5011042,41.9026271],[12.5010845,41.9026559],[12.5011083,41.9026646],[12.5010962,41.9026858],[12.5010694,41.9026783],[12.5010506,41.9027065],[12.5010738,41.9027145],[12.501059,41.90274],[12.5009886,41.9027759]]]}},{"type":"Feature","properties":{"class":"ruin","name":"Mura Serviane","name:en":"Servian Wall"},"geometry":{"type":"Polygon","coordinates":[[[12.5011311,41.902334],[12.5011499,41.902316],[12.5011874,41.9023409],[12.5011646,41.9023599],[12.5011311,41.902334]]]}},{"type":"Feature","properties":{"class":"public","name":"Basilica di Santa Pudenziana al Viminale","name:en":"Basilica of St. Pudentiana"},"geometry":{"type":"Polygon","coordinates":[[[12.495661,41.898288],[12.495588,41.8983248],[12.495643,41.8983842],[12.4956911,41.898438],[12.495609,41.898478],[12.4956211,41.8984912],[12.4955817,41.8985174],[12.4954409,41.8985826],[12.4954843,41.8986301],[12.4954696,41.8986375],[12.4953894,41.8986782],[12.495341,41.8986252],[12.4952731,41.8986596],[12.4951661,41.8985427],[12.4952302,41.8985102],[12.4951986,41.8984798],[12.495242,41.8984589],[12.4953361,41.8984156],[12.4952437,41.8983147],[12.4953511,41.8982602],[12.4954204,41.898336],[12.4956154,41.8982372],[12.495661,41.898288]]]}},{"type":"Feature","properties":{"class":"public","name":"Chiesa di Sant'Andrea al Quirinale","name:en":null},"geometry":{"type":"Polygon","coordinates":[[[12.4891684,41.9007229],[12.4893146,41.9008297],[12.4893481,41.9008167],[12.4894045,41.9008197],[12.489446,41.9008107],[12.4894782,41.9007927],[12.4895024,41.9007608],[12.4895104,41.9007219],[12.4895064,41.9007029],[12.4895409,41.9006866],[12.4893179,41.9005313],[12.4893051,41.9005415],[12.4892932,41.9005442],[12.4893186,41.9005702],[12.4892784,41.9005762],[12.4892422,41.9005841],[12.4892127,41.9006041],[12.4891926,41.9006251],[12.4891845,41.900656],[12.4891872,41.900687],[12.4891899,41.9006989],[12.4891738,41.9007019],[12.4891765,41.9007139],[12.4891684,41.9007229]]]}},{"type":"Feature","properties":{"class":"public","name":"Chiesa dei Santi Michele e Magno","name:en":null},"geometry":{"type":"Polygon","coordinates":[[[12.4586722,41.901508],[12.4586754,41.901489],[12.4586768,41.9014587],[12.4586841,41.9014525],[12.4586843,41.9014328],[12.4586862,41.901401],[12.4587454,41.901401],[12.4587462,41.9013383],[12.4587818,41.9013386],[12.458786,41.9013136],[12.4587866,41.9013099],[12.4588258,41.9013135],[12.458821,41.9013421],[12.4589717,41.9013371],[12.4589673,41.9013061],[12.4590373,41.9012995],[12.4590462,41.9014009],[12.4590566,41.9014038],[12.4590671,41.9014092],[12.4590727,41.9014175],[12.4590711,41.901428],[12.4590627,41.9014359],[12.4590505,41.901445],[12.4590498,41.9014527],[12.4590517,41.9014765],[12.4590536,41.9015002],[12.4589205,41.9015057],[12.458836,41.9015101],[12.4588326,41.9014818],[12.4587872,41.901484],[12.458789,41.9015097],[12.4587405,41.9015104],[12.4586722,41.901508]]]}},{"type":"Feature","properties":{"class":"public","name":null,"name:en":null},"geometry":{"type":"Polygon","coordinates":[[[12.4591311,41.9015655],[12.4590691,41.9015682],[12.4590196,41.9015711],[12.45902,41.9015732],[12.458937,41.9015768],[12.4589368,41.9015756],[12.4588886,41.9015736],[12.4588496,41.9015756],[12.4587185,41.9015761],[12.4586851,41.9015762],[12.458614,41.9015666],[12.4586152,41.9015617],[12.4586341,41.9014871],[12.4586754,41.901489],[12.4586722,41.901508],[12.4587405,41.9015104],[12.458789,41.9015097],[12.4587872,41.901484],[12.4588326,41.9014818],[12.458836,41.9015101],[12.4589205,41.9015057],[12.4590536,41.9015002],[12.4590517,41.9014765],[12.4590498,41.9014527],[12.459139,41.9014487],[12.4591385,41.9014643],[12.4591424,41.9015511],[12.459131,41.9015519],[12.4591311,41.9015655]]]}},{"type":"Feature","properties":{"class":"public","name":"Chiesa di Santa Maria in Transpontina","name:en":null},"geometry":{"type":"Polygon","coordinates":[[[12.4620274,41.9025695],[12.4620286,41.9025761],[12.4620544,41.902827],[12.4619981,41.9028283],[12.4619997,41.902867],[12.4620082,41.9029632],[12.4621498,41.9029608],[12.4621584,41.9030917],[12.462313,41.9030883],[12.4623012,41.9029625],[12.4624116,41.9029598],[12.4624067,41.9028181],[12.4623625,41.9028181],[12.4623504,41.9025565],[12.4622803,41.9025593],[12.4622106,41.9025627],[12.4621347,41.9025663],[12.4620274,41.9025695]]]}},{"type":"Feature","properties":{"class":"public","name":"Chiesa del Santissimo Nome di Maria","name:en":null},"geometry":{"type":"Polygon","coordinates":[[[12.511698,41.8710234],[12.5115849,41.8710871],[12.5115798,41.871134],[12.5116001,41.8711491],[12.5115991,41.8711695],[12.5115666,41.8711975],[12.5115565,41.8712232],[12.5115331,41.8712247],[12.511527,41.8712428],[12.5115128,41.8712405],[12.5115047,41.871236],[12.5115017,41.8712572],[12.5114852,41.8712566],[12.5114774,41.8712523],[12.5114741,41.8712726],[12.5114534,41.8712711],[12.5114482,41.8712634],[12.5113819,41.8712566],[12.51138,41.8712629],[12.511354,41.8712619],[12.5113572,41.8712402],[12.5113306,41.8712407],[12.5113332,41.8712199],[12.5113092,41.8712208],[12.5113111,41.8711986],[12.5112858,41.8711991],[12.5112877,41.8711783],[12.5112806,41.8711773],[12.5112838,41.871158],[12.5112773,41.8711565],[12.5112786,41.8711497],[12.5112702,41.8711439],[12.5112637,41.8711352],[12.5112637,41.8711255],[12.5112669,41.8711193],[12.5112741,41.871112],[12.5112838,41.8711081],[12.5112968,41.8711052],[12.5112988,41.871083],[12.5113079,41.8710796],[12.5113111,41.8710612],[12.5113267,41.8710607],[12.5113377,41.8710515],[12.5113377,41.8710438],[12.5113507,41.8710433],[12.5113637,41.871039],[12.5113644,41.8710259],[12.5113761,41.8710278],[12.5113942,41.8710196],[12.5113962,41.8710075],[12.5114189,41.871008],[12.5114202,41.8709974],[12.5114904,41.8710032],[12.5114891,41.8710148],[12.5115053,41.8710158],[12.5115055,41.8710196],[12.5115155,41.8710198],[12.5115148,41.8710248],[12.5115218,41.8710236],[12.5116321,41.8709596],[12.511698,41.8710234]]]}},{"type":"Feature","properties":{"class":"public","name":"Chiesa di Sant'Onofrio al Gianicolo","name:en":null},"geometry":{"type":"Polygon","coordinates":[[[12.4613338,41.8973769],[12.4613312,41.897336],[12.4613835,41.897336],[12.4613821,41.8972751],[12.4613245,41.8972741],[12.4613231,41.8971813],[12.4612628,41.8971813],[12.4612494,41.8971593],[12.4612306,41.8971433],[12.4612064,41.8971343],[12.4611796,41.8971303],[12.4611488,41.8971343],[12.461126,41.8971533],[12.4611139,41.8971693],[12.4611018,41.8971862],[12.4610683,41.8971882],[12.461069,41.8973779],[12.4612005,41.8973774],[12.4612303,41.8973777],[12.4613338,41.8973769]]]}},{"type":"Feature","properties":{"class":"public","name":"Basilica del Sacro Cuore Immacolato di Maria","name:en":null},"geometry":{"type":"Polygon","coordinates":[[[12.4807087,41.9276577],[12.4806808,41.9276315],[12.4807186,41.9276166],[12.4807361,41.9276248],[12.480782,41.9276093],[12.4807463,41.9275286],[12.480739,41.927474],[12.48075,41.9274248],[12.480778,41.9273791],[12.4807897,41.9273825],[12.4808238,41.9273462],[12.4807989,41.9273148],[12.4807742,41.9273331],[12.4807476,41.9273107],[12.4807616,41.927293],[12.4807803,41.9272806],[12.4807877,41.9272615],[12.480778,41.9272476],[12.4807649,41.9272502],[12.4807579,41.9272435],[12.4807734,41.9272337],[12.4807974,41.9272321],[12.4807834,41.9272217],[12.4807893,41.9272118],[12.4807756,41.9272012],[12.4807604,41.9271885],[12.4808074,41.9271677],[12.4808359,41.9272012],[12.4808628,41.927199],[12.4808765,41.9272133],[12.480929,41.9272162],[12.4809535,41.9272082],[12.4809687,41.9272198],[12.4809991,41.927206],[12.480978,41.9271812],[12.4809623,41.9271586],[12.4809437,41.927167],[12.4809329,41.9271556],[12.4809197,41.9271618],[12.4809143,41.9271531],[12.4809422,41.9271385],[12.4809256,41.9271181],[12.4809574,41.9271053],[12.4809687,41.9271075],[12.480978,41.9271141],[12.481005,41.9271071],[12.4809893,41.9270915],[12.4810069,41.9270802],[12.4809936,41.9270576],[12.4810324,41.9270411],[12.4810496,41.927059],[12.4810643,41.9270561],[12.4810643,41.9270349],[12.4811442,41.9270276],[12.4811442,41.9270473],[12.4811579,41.9270517],[12.4811638,41.9270634],[12.4812398,41.9270696],[12.4812447,41.9270616],[12.4812594,41.9270572],[12.4812653,41.9270397],[12.4813402,41.9270654],[12.481329,41.9270794],[12.4813501,41.927094],[12.4813638,41.9270834],[12.4813785,41.9270871],[12.4813947,41.9270998],[12.4813927,41.9271166],[12.4813976,41.9271352],[12.4813961,41.9271476],[12.4813929,41.9271551],[12.4813992,41.9271611],[12.4814167,41.9271527],[12.4814347,41.9271683],[12.4814456,41.9272003],[12.4814195,41.9272187],[12.4814016,41.9272462],[12.4814217,41.9272637],[12.481457,41.9272612],[12.4814801,41.9272512],[12.4815033,41.9272665],[12.4815203,41.9272685],[12.4815442,41.9272521],[12.4815815,41.927286],[12.4815491,41.9273057],[12.4815666,41.9273259],[12.4815347,41.9273477],[12.481534,41.9273771],[12.4815465,41.9273916],[12.4815194,41.927406],[12.4815039,41.9273892],[12.4814575,41.9274176],[12.4814755,41.9274402],[12.481493,41.9274855],[12.4814978,41.927562],[12.4814826,41.9276124],[12.4814598,41.9276443],[12.4814206,41.9276826],[12.4814364,41.9276901],[12.4814556,41.927692],[12.4814861,41.9277239],[12.4814608,41.9277383],[12.4814539,41.9277671],[12.4814735,41.9277894],[12.4814419,41.9278051],[12.4814501,41.927816],[12.4814064,41.9278404],[12.4813902,41.927827],[12.4813773,41.9278361],[12.4813523,41.9278175],[12.4812774,41.927814],[12.4812633,41.9278706],[12.481251,41.9278696],[12.4812489,41.9278809],[12.4811899,41.927876],[12.4811543,41.9279053],[12.4811208,41.9279209],[12.4810755,41.9279256],[12.4810205,41.9279232],[12.4809864,41.927915],[12.4809587,41.9279044],[12.4809294,41.927878],[12.4809018,41.9278434],[12.480846,41.9278376],[12.4808455,41.9278268],[12.4808332,41.9278237],[12.4808428,41.9277721],[12.4807701,41.9277635],[12.4807515,41.9277715],[12.4807344,41.9277583],[12.4806852,41.9277862],[12.4806387,41.927746],[12.4806901,41.9277205],[12.4806701,41.9277024],[12.4807011,41.9276851],[12.4807087,41.9276577]]]}},{"type":"Feature","properties":{"class":"public","name":null,"name:en":null},"geometry":{"type":"Polygon","coordinates":[[[12.5047546,41.8749368],[12.5048799,41.8749469],[12.5050205,41.8749583],[12.5055043,41.8746816],[12.5054146,41.8745814],[12.5053305,41.8746266],[12.5053088,41.8746076],[12.5049756,41.8747913],[12.5048539,41.8747818],[12.5047161,41.874641],[12.5047514,41.8746148],[12.5046713,41.8745527],[12.5046136,41.8745408],[12.5045431,41.8745575],[12.5044886,41.8746052],[12.5044822,41.8746505],[12.504495,41.8746911],[12.5045335,41.8747317],[12.5045655,41.874715],[12.5046873,41.8748319],[12.5046456,41.8748509],[12.5046232,41.87487],[12.5046456,41.8748867],[12.5046841,41.8748796],[12.5047546,41.8749368]]]}},{"type":"Feature","properties":{"class":"public","name":"Santi Biagio e Carlo ai Catinari","name:en":null},"geometry":{"type":"Polygon","coordinates":[[[12.4750256,41.894439],[12.4749332,41.8941663],[12.4749901,41.894157],[12.4749875,41.894147],[12.4752402,41.8941027],[12.4752433,41.8941123],[12.4753045,41.8941018],[12.4753067,41.8941091],[12.4753968,41.894433],[12.475312,41.8944488],[12.4753387,41.8945544],[12.4751999,41.8945809],[12.4752173,41.8946452],[12.4750533,41.894648],[12.4750256,41.894439]]]}},{"type":"Feature","properties":{"class":"ruin","name":"Sepolcro di Geta","name:en":null},"geometry":{"type":"Polygon","coordinates":[[[12.5029274,41.8678149],[12.5029827,41.8678281],[12.5030293,41.8677228],[12.5029883,41.8677103],[12.502981,41.8677261],[12.5028917,41.8677196],[12.5028588,41.8677959],[12.5029327,41.8677986],[12.5029274,41.8678149]]]}},{"type":"Feature","properties":{"class":"public","name":"Chiesa di San Giuseppe Cottolengo","name:en":null},"geometry":{"type":"Polygon","coordinates":[[[12.4381801,41.9028932],[12.4382668,41.902645],[12.4383335,41.9026202],[12.4383869,41.9026119],[12.4385748,41.9026714],[12.4386693,41.9027013],[12.438696,41.90265],[12.4387293,41.9026483],[12.4390361,41.9031861],[12.4389539,41.9031596],[12.4389828,41.9032076],[12.4388338,41.903163],[12.438816,41.9031232],[12.4387649,41.9031414],[12.4387026,41.9031199],[12.4387649,41.9030339],[12.4387048,41.9029379],[12.4386092,41.9029114],[12.4385254,41.9029384],[12.4383469,41.9029958],[12.4383434,41.9029893],[12.4382735,41.9028601],[12.4381801,41.9028932]]]}},{"type":"Feature","properties":{"class":"public","name":"Basilica di San Giuseppe al Trionfale","name:en":null},"geometry":{"type":"Polygon","coordinates":[[[12.4516449,41.9115864],[12.4514614,41.912],[12.451454,41.9120131],[12.45146,41.9120472],[12.4514767,41.9120692],[12.4515102,41.9120864],[12.4515501,41.9120953],[12.4515872,41.912087],[12.4516194,41.912063],[12.45163,41.9120466],[12.4516402,41.9120308],[12.4518154,41.9116236],[12.4516449,41.9115864]]]}},{"type":"Feature","properties":{"class":"public","name":"Chiesa di Santa Maria in Cosmedin","name:en":null},"geometry":{"type":"Polygon","coordinates":[[[12.4815445,41.8883287],[12.4820649,41.8880572],[12.4819789,41.8879583],[12.4818555,41.8880195],[12.481778,41.8879327],[12.4813799,41.8881293],[12.4815445,41.8883287]]]}},{"type":"Feature","properties":{"class":"ruin","name":"Mura Serviane","name:en":"Servian Wall"},"geometry":{"type":"Polygon","coordinates":[[[12.4826923,41.8802987],[12.4827459,41.8801881],[12.4829547,41.8802133],[12.4831873,41.880241],[12.4831751,41.8802758],[12.4830852,41.8802777],[12.4826923,41.8802987]]]}},{"type":"Feature","properties":{"class":"ruin","name":"Mura Serviane","name:en":"Servian Wall"},"geometry":{"type":"Polygon","coordinates":[[[12.4820594,41.8804447],[12.4820433,41.8804147],[12.4823584,41.8803458],[12.4823839,41.8803608],[12.4823826,41.8803788],[12.4823464,41.8803978],[12.4820594,41.8804447]]]}},{"type":"Feature","properties":{"class":"public","name":null,"name:en":null},"geometry":{"type":"Polygon","coordinates":[[[12.4822192,41.8851472],[12.482247,41.8851163],[12.4823315,41.8851293],[12.4823905,41.8850534],[12.4822993,41.8850164],[12.4823127,41.8850025],[12.482298,41.8849945],[12.4822953,41.8849815],[12.4822913,41.8849685],[12.482302,41.8849605],[12.4823261,41.8849555],[12.4823449,41.8849545],[12.4823556,41.8849406],[12.4823959,41.8849525],[12.4824377,41.8848905],[12.4825823,41.8849376],[12.482534,41.8850255],[12.482427,41.8851718],[12.4822192,41.8851472]]]}},{"type":"Feature","properties":{"class":"public","name":null,"name:en":null},"geometry":{"type":"Polygon","coordinates":[[[12.4735489,41.8901989],[12.4735319,41.8901377],[12.4733738,41.8901539],[12.4733767,41.8901793],[12.4732878,41.8901901],[12.4732818,41.8901623],[12.473134,41.8901762],[12.4731732,41.8904095],[12.4733248,41.8903919],[12.473327,41.8904025],[12.4734445,41.8903889],[12.4734422,41.8903783],[12.4735977,41.8903602],[12.4735489,41.8901989]]]}},{"type":"Feature","properties":{"class":"public","name":"Santissima Trinit\u00e0 dei Pellegrini ai Catinari","name:en":null},"geometry":{"type":"Polygon","coordinates":[[[12.4727922,41.8936022],[12.472638,41.8937122],[12.4722728,41.8934286],[12.4724271,41.8933186],[12.4727922,41.8936022]]]}},{"type":"Feature","properties":{"class":"public","name":"Santa Maria Addolorata a piazza Buenos Aires","name:en":"Our Lady of Sorrows at Piazza Buenos Aires"},"geometry":{"type":"Polygon","coordinates":[[[12.5008687,41.9180403],[12.5009926,41.9180408],[12.5009927,41.9180279],[12.5010332,41.9180279],[12.5010369,41.9180663],[12.501048,41.9180773],[12.5010578,41.918091],[12.5010615,41.9181129],[12.5010603,41.9181303],[12.5010517,41.9181449],[12.5010382,41.9181568],[12.501039,41.9182133],[12.5010067,41.9182139],[12.5010056,41.9182028],[12.5008728,41.9182044],[12.5007911,41.9182035],[12.5007176,41.9182052],[12.5006403,41.918207],[12.5006384,41.9181229],[12.5006366,41.9180389],[12.5006857,41.918038],[12.5006906,41.9180261],[12.5007042,41.918016],[12.5007177,41.9180069],[12.5007349,41.9180023],[12.5007606,41.9180014],[12.5007803,41.9180087],[12.5007938,41.918017],[12.5008092,41.9180403],[12.5008687,41.9180403]]]}},{"type":"Feature","properties":{"class":"ruin","name":"Area archeologica del Teatro di Marcello","name:en":null},"geometry":{"type":"Polygon","coordinates":[[[12.4786758,41.8924801],[12.4787278,41.8924617],[12.478927,41.8923916],[12.4789628,41.8923775],[12.479042,41.8924815],[12.4791291,41.8925154],[12.4792579,41.8923862],[12.4793183,41.8923517],[12.4793484,41.8923835],[12.4793514,41.8924203],[12.4794,41.8924046],[12.479542,41.8923939],[12.4795401,41.8924559],[12.4795141,41.8925615],[12.4795113,41.8925884],[12.4795096,41.8926062],[12.4795062,41.8926416],[12.479547,41.8927113],[12.4795852,41.8927174],[12.4796041,41.8927008],[12.4797845,41.8925526],[12.4798378,41.8925886],[12.4798455,41.8925818],[12.4799557,41.8924919],[12.4800052,41.8925254],[12.4801673,41.8926329],[12.4803514,41.8924849],[12.4803732,41.8924699],[12.4803412,41.8924205],[12.4803368,41.8924122],[12.4802841,41.8923112],[12.4802094,41.892157],[12.4801358,41.891937],[12.4801041,41.8918223],[12.4800703,41.8916513],[12.4800986,41.8915181],[12.4801374,41.8914112],[12.4800989,41.8913998],[12.4801073,41.8913815],[12.4801182,41.8913617],[12.4796593,41.8912591],[12.4796436,41.8912695],[12.4796364,41.8912824],[12.4796318,41.8912931],[12.4796321,41.891306],[12.4796375,41.8913132],[12.4796311,41.8913249],[12.4796237,41.8913349],[12.4795991,41.8913986],[12.4797044,41.8913739],[12.4798279,41.8914197],[12.4798319,41.8914528],[12.4798545,41.8915127],[12.4798251,41.8915194],[12.4798409,41.8915919],[12.4797741,41.8915919],[12.4798227,41.8917083],[12.4799597,41.8917249],[12.4799823,41.891686],[12.480005,41.8916898],[12.4799945,41.8917725],[12.4799719,41.8918458],[12.4799393,41.8919132],[12.4798937,41.8919768],[12.4798247,41.8920418],[12.4797375,41.8921036],[12.4796648,41.8921419],[12.4795803,41.8921781],[12.4794864,41.892203],[12.4793827,41.892217],[12.4793745,41.8921701],[12.4792626,41.8921828],[12.479083,41.892203],[12.4790766,41.8921794],[12.4790071,41.8921903],[12.4789999,41.8921539],[12.4788912,41.8921236],[12.4788703,41.8921398],[12.4788431,41.8921263],[12.4788241,41.8921418],[12.4787372,41.892094],[12.4787277,41.8921128],[12.4787,41.8921607],[12.4787544,41.8921944],[12.4787933,41.8922166],[12.4788413,41.8922274],[12.4788549,41.8922187],[12.4789319,41.892218],[12.4789573,41.8922746],[12.478873,41.8923045],[12.478734,41.8923537],[12.478662,41.8923806],[12.4786205,41.8923939],[12.4786031,41.8923677],[12.4784675,41.8924176],[12.4784592,41.8924207],[12.4784419,41.892427],[12.4784298,41.8924296],[12.4784047,41.8924351],[12.4784156,41.8924655],[12.4783929,41.8924715],[12.4784047,41.892487],[12.478392,41.8924918],[12.4784038,41.8925052],[12.4783866,41.892512],[12.4783957,41.8925275],[12.478383,41.8925315],[12.4783875,41.8925383],[12.4783739,41.8925423],[12.4783794,41.8925524],[12.4783341,41.8925707],[12.4783413,41.8925848],[12.4783033,41.892599],[12.4783114,41.8926165],[12.4783326,41.8926091],[12.4784395,41.8925714],[12.4784688,41.8925606],[12.4785009,41.8925998],[12.4785118,41.892613],[12.4785411,41.8926014],[12.4786439,41.8925564],[12.4787109,41.8925271],[12.4786946,41.8925072],[12.4786758,41.8924801]]]}},{"type":"Feature","properties":{"class":"ruin","name":"Portico d'Ottavia","name:en":null},"geometry":{"type":"Polygon","coordinates":[[[12.4786448,41.8924333],[12.4786758,41.8924801],[12.4786946,41.8925072],[12.4787109,41.8925271],[12.4786439,41.8925564],[12.4785411,41.8926014],[12.4785118,41.892613],[12.4785009,41.8925998],[12.4784688,41.8925606],[12.4784303,41.8925136],[12.4786448,41.8924333]]]}},{"type":"Feature","properties":{"class":"public","name":"Sala Santa Rita","name:en":null},"geometry":{"type":"Polygon","coordinates":[[[12.4800052,41.8925254],[12.4801673,41.8926329],[12.4801668,41.8926352],[12.4801136,41.8926786],[12.4800565,41.8927252],[12.4799887,41.8926791],[12.4798455,41.8925818],[12.4799557,41.8924919],[12.4800052,41.8925254]]]}},{"type":"Feature","properties":{"class":"public","name":"Sant\u2019Ambrogio della Massima","name:en":null},"geometry":{"type":"Polygon","coordinates":[[[12.478509,41.8931545],[12.4784399,41.8930025],[12.4783702,41.8930277],[12.4783037,41.8930517],[12.4782039,41.8930878],[12.4781453,41.893109],[12.4780768,41.8931337],[12.4780299,41.8931507],[12.4780515,41.8931867],[12.4781021,41.893271],[12.4783142,41.8932102],[12.478509,41.8931545]]]}},{"type":"Feature","properties":{"class":"public","name":"Chiesa di San Gregorio della Divina Piet\u00e0","name:en":null},"geometry":{"type":"Polygon","coordinates":[[[12.4787152,41.8913618],[12.4788069,41.8913451],[12.4788042,41.8913357],[12.4789083,41.8913188],[12.4789527,41.8913208],[12.478955,41.8913294],[12.4789781,41.8913249],[12.4789944,41.8913316],[12.4790143,41.8913802],[12.4789998,41.8913977],[12.4789672,41.8914038],[12.4789717,41.8914186],[12.4789482,41.891422],[12.4789491,41.8914314],[12.4788485,41.8914475],[12.4788277,41.8914511],[12.4788248,41.891456],[12.47875,41.8914681],[12.4787348,41.8914182],[12.4787152,41.8913618]]]}},{"type":"Feature","properties":{"class":"public","name":"Santa Maria in Portico in Campitelli","name:en":null},"geometry":{"type":"Polygon","coordinates":[[[12.4793652,41.8932152],[12.4792807,41.8931643],[12.4792915,41.8931511],[12.4792593,41.8931309],[12.4792053,41.8931752],[12.4791815,41.8931577],[12.4791271,41.893121],[12.479093,41.8930994],[12.4790826,41.8930922],[12.479137,41.893047],[12.4789348,41.8929231],[12.4789468,41.8929079],[12.4789266,41.892893],[12.4789179,41.8928743],[12.4789165,41.8928495],[12.4789266,41.8928257],[12.4789458,41.8928121],[12.478964,41.8928107],[12.4789912,41.8927816],[12.4790273,41.8927937],[12.4790415,41.8927856],[12.4790551,41.8927747],[12.4791083,41.8928081],[12.4792803,41.8929266],[12.4793292,41.8928884],[12.4794899,41.8929833],[12.4794759,41.8930028],[12.4795512,41.8930549],[12.4794458,41.893145],[12.4793652,41.8932152]]]}},{"type":"Feature","properties":{"class":"public","name":"Sant\u2019Angelo in Pescheria","name:en":null},"geometry":{"type":"Polygon","coordinates":[[[12.4785411,41.8926014],[12.4785621,41.892635],[12.4785805,41.8926649],[12.4786872,41.8927788],[12.4788743,41.8926805],[12.4788534,41.8926589],[12.4788143,41.8926211],[12.4787388,41.8925491],[12.4787109,41.8925271],[12.4786439,41.8925564],[12.4785411,41.8926014]]]}},{"type":"Feature","properties":{"class":"ruin","name":"Tempio della Speranza (?)","name:en":null},"geometry":{"type":"Polygon","coordinates":[[[12.4798763,41.8912151],[12.4798505,41.8912712],[12.4799879,41.8913063],[12.4800137,41.8912502],[12.4798763,41.8912151]]]}},{"type":"Feature","properties":{"class":"ruin","name":"Tempio di Giunone Sospita","name:en":null},"geometry":{"type":"Polygon","coordinates":[[[12.4797443,41.8911829],[12.4797255,41.8912243],[12.4798244,41.8912491],[12.4798544,41.8911828],[12.4798234,41.8911751],[12.4798191,41.8911847],[12.4797512,41.8911676],[12.4797443,41.8911829]]]}},{"type":"Feature","properties":{"class":"ruin","name":null,"name:en":null},"geometry":{"type":"Polygon","coordinates":[[[12.4809988,41.8911346],[12.4810009,41.8911292],[12.4809051,41.8911089],[12.480903,41.8911143],[12.4809988,41.8911346]]]}},{"type":"Feature","properties":{"class":"ruin","name":null,"name:en":null},"geometry":{"type":"Polygon","coordinates":[[[12.4808039,41.8911279],[12.4808323,41.8911368],[12.4808056,41.8912039],[12.480796,41.8912015],[12.4808235,41.8911381],[12.4808019,41.891132],[12.4808039,41.8911279]]]}},{"type":"Feature","properties":{"class":"ruin","name":null,"name:en":null},"geometry":{"type":"Polygon","coordinates":[[[12.4808576,41.8910217],[12.4808513,41.8910198],[12.4807945,41.8911325],[12.4807243,41.8911072],[12.4807809,41.8910203],[12.4807739,41.8910178],[12.4807129,41.8911113],[12.4807989,41.8911381],[12.4808019,41.891132],[12.4808039,41.8911279],[12.4808576,41.8910217]]]}},{"type":"Feature","properties":{"class":"public","name":"San Giorgio in Velabro","name:en":null},"geometry":{"type":"Polygon","coordinates":[[[12.483047,41.8894504],[12.4830411,41.8894758],[12.4830411,41.8895055],[12.4830489,41.8897506],[12.4831287,41.8897549],[12.4831299,41.8897667],[12.4831369,41.8897791],[12.4831501,41.8897886],[12.4831739,41.8897931],[12.4831906,41.8897895],[12.483204,41.8897802],[12.4832104,41.8897702],[12.4832153,41.8897525],[12.4832708,41.8897506],[12.4832865,41.8895312],[12.4832897,41.8894841],[12.483224,41.8894736],[12.483225,41.889453],[12.483047,41.8894504]]]}},{"type":"Feature","properties":{"class":"public","name":"Chiesa di San Vincenzo de Paoli all'Aventino","name:en":null},"geometry":{"type":"Polygon","coordinates":[[[12.4806964,41.887],[12.480776,41.8871186],[12.4809152,41.8870649],[12.4810308,41.8870236],[12.4810235,41.8870121],[12.4810546,41.8870028],[12.4810795,41.8869593],[12.4810571,41.8869194],[12.4809999,41.8869074],[12.4809588,41.8869231],[12.4809514,41.8869102],[12.4806964,41.887]]]}},{"type":"Feature","properties":{"class":"public","name":null,"name:en":null},"geometry":{"type":"Polygon","coordinates":[[[12.4829178,41.8879682],[12.4823375,41.88742],[12.4821735,41.8875233],[12.4820085,41.8876273],[12.4821404,41.8877579],[12.4822379,41.8876973],[12.4821757,41.8876423],[12.4822631,41.8875902],[12.4824285,41.887741],[12.4823322,41.8877913],[12.4822865,41.8878152],[12.4823654,41.8879042],[12.4825987,41.8877796],[12.4827578,41.8879447],[12.4826037,41.888027],[12.482633,41.8880574],[12.4827075,41.8880163],[12.482749,41.8880624],[12.4829178,41.8879682]]]}},{"type":"Feature","properties":{"class":"public","name":null,"name:en":null},"geometry":{"type":"Polygon","coordinates":[[[12.4818623,41.887718],[12.4819422,41.8878023],[12.4819851,41.8878448],[12.4821404,41.8877579],[12.4820085,41.8876273],[12.4818623,41.887718]]]}},{"type":"Feature","properties":{"class":"public","name":"Chiesa di San Giovanni Battista Decollato","name:en":null},"geometry":{"type":"Polygon","coordinates":[[[12.4819831,41.8898656],[12.4819706,41.8899723],[12.4815072,41.8899143],[12.4815225,41.8898645],[12.4815963,41.8898707],[12.4816018,41.8898355],[12.4818688,41.8898566],[12.4819831,41.8898656]]]}},{"type":"Feature","properties":{"class":"public","name":"Chiesa di Sant\u2019Eligio dei Ferrari","name:en":null},"geometry":{"type":"Polygon","coordinates":[[[12.4820734,41.8904011],[12.482261,41.890403],[12.4823848,41.890399],[12.4824278,41.8903833],[12.4824323,41.8903282],[12.4823894,41.8903124],[12.4823072,41.8903098],[12.4823062,41.8902976],[12.4821878,41.8902974],[12.4820852,41.8902955],[12.4820829,41.8903168],[12.4820734,41.8904011]]]}},{"type":"Feature","properties":{"class":"ruin","name":"Sepolcro di Gaio Poplicio Bibulo","name:en":null},"geometry":{"type":"Polygon","coordinates":[[[12.4832307,41.895215],[12.4831659,41.8952461],[12.4831732,41.8952546],[12.4832381,41.8952235],[12.4832307,41.895215]]]}},{"type":"Feature","properties":{"class":"ruin","name":"Insula dell'Ara Coeli","name:en":null},"geometry":{"type":"Polygon","coordinates":[[[12.4824473,41.8939602],[12.4824356,41.8939756],[12.4824223,41.8940081],[12.4823001,41.8943053],[12.4821952,41.894284],[12.4820587,41.8939322],[12.4824473,41.8939602]]]}},{"type":"Feature","properties":{"class":"public","name":null,"name:en":null},"geometry":{"type":"Polygon","coordinates":[[[12.4806859,41.8950068],[12.4806945,41.8949368],[12.480622,41.8948076],[12.4805438,41.894731],[12.4805215,41.8947305],[12.4803108,41.8948764],[12.4803259,41.8949405],[12.4805757,41.8949865],[12.4806859,41.8950068]]]}},{"type":"Feature","properties":{"class":"public","name":"Chiesa di Santa Maria Annunziata","name:en":null},"geometry":{"type":"Polygon","coordinates":[[[12.4803993,41.8933235],[12.4803843,41.8933368],[12.4802716,41.8934284],[12.4802397,41.8934587],[12.4802586,41.8934717],[12.4802494,41.8934856],[12.4802465,41.8935007],[12.4802501,41.8935157],[12.4802597,41.8935292],[12.4802745,41.8935398],[12.4802929,41.8935465],[12.4803133,41.8935486],[12.4803335,41.8935459],[12.4803535,41.8935371],[12.4803715,41.8935496],[12.4804264,41.8935043],[12.4805413,41.8934125],[12.4803993,41.8933235]]]}},{"type":"Feature","properties":{"class":"ruin","name":"Crypta Balbi","name:en":null},"geometry":{"type":"Polygon","coordinates":[[[12.4784063,41.8944447],[12.4784145,41.8942709],[12.4784573,41.8942718],[12.4784611,41.894211],[12.4786118,41.8942162],[12.4786144,41.8941749],[12.4786609,41.8941765],[12.4786633,41.8941399],[12.4787022,41.8941412],[12.478708,41.8940515],[12.478685,41.8940506],[12.4786868,41.8940225],[12.4788027,41.8940268],[12.478799,41.8940815],[12.4789843,41.8940884],[12.4791778,41.8940976],[12.4791658,41.8942382],[12.4792598,41.8942427],[12.4792671,41.8941567],[12.4792728,41.8940836],[12.4795117,41.8940939],[12.479503,41.8942051],[12.4796415,41.8942112],[12.4796373,41.8942645],[12.4796319,41.8943192],[12.4796289,41.8943436],[12.4796192,41.8943563],[12.4795192,41.8943345],[12.4794886,41.8943273],[12.479468,41.8943755],[12.4794284,41.8944642],[12.4794277,41.8944735],[12.4791863,41.8944639],[12.4791789,41.8945666],[12.4791752,41.8946049],[12.4789036,41.8945903],[12.4788931,41.8946988],[12.4788917,41.8947179],[12.4788014,41.8947144],[12.4787999,41.8947365],[12.4786866,41.8947322],[12.4786859,41.8947428],[12.4785182,41.8947364],[12.4785135,41.8948449],[12.4784462,41.8948418],[12.478385,41.8948414],[12.4784063,41.8944447]]]}},{"type":"Feature","properties":{"class":"public","name":"Chiesa di Santo Stanislao dei Polacchi","name:en":null},"geometry":{"type":"Polygon","coordinates":[[[12.4792294,41.8946536],[12.4792321,41.894647],[12.4792384,41.8946388],[12.4792522,41.8946317],[12.4792681,41.8946292],[12.4792842,41.8946308],[12.4792986,41.8946372],[12.4793053,41.8946456],[12.4793089,41.894652],[12.4793084,41.8946974],[12.4793258,41.8946974],[12.4793319,41.8948692],[12.4792091,41.8948687],[12.4792153,41.8947476],[12.4791728,41.8947476],[12.4791736,41.8947362],[12.4791761,41.8947014],[12.4792262,41.8947014],[12.4792294,41.8946536]]]}},{"type":"Feature","properties":{"class":"public","name":"Santa Maria del Pianto ai Catinari","name:en":null},"geometry":{"type":"Polygon","coordinates":[[[12.4765088,41.8929975],[12.4766183,41.8931575],[12.4766403,41.8931876],[12.4766014,41.8932195],[12.4765469,41.8932549],[12.4765325,41.8932337],[12.4765092,41.8931996],[12.4764547,41.8932239],[12.476422,41.8931789],[12.4763853,41.8931952],[12.4763758,41.8931976],[12.4763625,41.8932011],[12.4763279,41.8932018],[12.4763102,41.8931963],[12.4762951,41.8931915],[12.4762904,41.8931865],[12.4762833,41.8931767],[12.4762733,41.8931568],[12.4762763,41.8931362],[12.4762862,41.8931192],[12.476308,41.8931029],[12.4763687,41.8930828],[12.4763509,41.8930558],[12.4765088,41.8929975]]]}},{"type":"Feature","properties":{"class":"public","name":"Chiesa di Santa Maria in Publicolis","name:en":null},"geometry":{"type":"Polygon","coordinates":[[[12.4763612,41.8938251],[12.476206,41.8938355],[12.4761245,41.8938426],[12.4761036,41.8938002],[12.4761084,41.8937578],[12.4762038,41.8937474],[12.4763488,41.8937366],[12.4763612,41.8938251]]]}},{"type":"Feature","properties":{"class":"ruin","name":"Tempio delle Ninfe","name:en":null},"geometry":{"type":"Polygon","coordinates":[[[12.4789162,41.8950383],[12.4789048,41.8951865],[12.4788211,41.895171],[12.4788104,41.8951987],[12.4787459,41.8951882],[12.4786569,41.8951803],[12.4786598,41.8951526],[12.478596,41.8951501],[12.4786007,41.895027],[12.4789162,41.8950383]]]}},{"type":"Feature","properties":{"class":"public","name":"Santissime Stimmate di San Francesco","name:en":null},"geometry":{"type":"Polygon","coordinates":[[[12.477418,41.8964012],[12.477566,41.8964039],[12.4775665,41.8963881],[12.4776228,41.896389],[12.4776219,41.8964048],[12.4776211,41.8964251],[12.4776556,41.8964254],[12.4776573,41.8963896],[12.4777128,41.8963906],[12.4777115,41.8964268],[12.4777425,41.8964271],[12.4777444,41.8963912],[12.4777951,41.8963922],[12.4777936,41.8964275],[12.4778209,41.8964282],[12.4778219,41.8963927],[12.4778363,41.896393],[12.4778359,41.8964286],[12.4778623,41.8964291],[12.477863,41.8963935],[12.4778635,41.8963793],[12.4779445,41.8963808],[12.4779482,41.8962675],[12.477868,41.8962663],[12.4778697,41.8962275],[12.4778175,41.8962263],[12.4777892,41.8962259],[12.4777886,41.8962439],[12.4777556,41.8962433],[12.4777563,41.8962242],[12.4777174,41.8962235],[12.4777168,41.8962422],[12.4776676,41.8962413],[12.4776683,41.8962219],[12.4776299,41.8962212],[12.4776293,41.8962402],[12.477579,41.8962393],[12.4775799,41.896214],[12.4774243,41.8962112],[12.477418,41.8964012]]]}},{"type":"Feature","properties":{"class":"public","name":"Palazzo Cenci Bolognetti","name:en":null},"geometry":{"type":"Polygon","coordinates":[[[12.479362,41.8954313],[12.4792954,41.895374],[12.4792761,41.8953042],[12.4792959,41.8952508],[12.4792524,41.8952332],[12.4792148,41.8953045],[12.4792155,41.8953634],[12.4790754,41.8953798],[12.4790784,41.8953166],[12.4789538,41.8953174],[12.4789304,41.8954254],[12.4789304,41.8954665],[12.4789381,41.8955301],[12.4791297,41.8955021],[12.4792832,41.8954797],[12.479362,41.8954313]]]}},{"type":"Feature","properties":{"class":"ruin","name":"Chiesa di San Nicola de Calcarario","name:en":"San Nicola de Calcarario Church"},"geometry":{"type":"Polygon","coordinates":[[[12.4769944,41.895583],[12.4766574,41.8955634],[12.4766413,41.895717],[12.4769783,41.8957366],[12.4769944,41.895583]]]}},{"type":"Feature","properties":{"class":"ruin","name":"Tempio B","name:en":"Temple B"},"geometry":{"type":"Polygon","coordinates":[[[12.4769218,41.895416],[12.4769971,41.8954209],[12.477006,41.8953459],[12.4769315,41.8953409],[12.4769032,41.8953109],[12.4768677,41.8952951],[12.476824,41.8952901],[12.4767842,41.8952972],[12.4767478,41.8953167],[12.476724,41.8953468],[12.4767185,41.895376],[12.4767298,41.8954091],[12.4767547,41.8954337],[12.476789,41.8954497],[12.4768302,41.8954554],[12.4768753,41.895448],[12.4769129,41.8954272],[12.4769218,41.895416]]]}},{"type":"Feature","properties":{"class":"ruin","name":"Tempio C","name:en":"Temple C"},"geometry":{"type":"Polygon","coordinates":[[[12.4766288,41.8952077],[12.4768976,41.8952257],[12.4769145,41.8950856],[12.4766458,41.8950676],[12.4766288,41.8952077]]]}},{"type":"Feature","properties":{"class":"ruin","name":"Tempio D","name:en":"Temple D"},"geometry":{"type":"Polygon","coordinates":[[[12.4765167,41.8949977],[12.4770103,41.8950268],[12.4770281,41.894859],[12.4765346,41.8948299],[12.4765167,41.8949977]]]}},{"type":"Feature","properties":{"class":"ruin","name":null,"name:en":null},"geometry":{"type":"Polygon","coordinates":[[[12.4768959,41.8953566],[12.4768878,41.8953411],[12.4768737,41.8953283],[12.4768528,41.8953187],[12.4768288,41.895315],[12.4768046,41.8953176],[12.4767829,41.8953262],[12.4767665,41.8953398],[12.4767573,41.8953567],[12.4767564,41.8953749],[12.4767639,41.8953923],[12.4767789,41.8954067],[12.4767975,41.8954158],[12.4768189,41.8954202],[12.4768412,41.8954194],[12.476862,41.8954135],[12.4768793,41.895403],[12.4768914,41.8953891],[12.4768971,41.8953731],[12.4768959,41.8953566]]]}},{"type":"Feature","properties":{"class":"public","name":"Santissimo Sudario all\u2019Argentina","name:en":null},"geometry":{"type":"Polygon","coordinates":[[[12.4751774,41.8959287],[12.4751715,41.8957681],[12.4752652,41.8957674],[12.4752702,41.8959315],[12.4751774,41.8959287]]]}},{"type":"Feature","properties":{"class":"public","name":"San Giuliano dei Fiamminghi","name:en":null},"geometry":{"type":"Polygon","coordinates":[[[12.4758622,41.8957993],[12.4758671,41.895908],[12.4755054,41.8959384],[12.4755041,41.895816],[12.4755871,41.895813],[12.4756421,41.8958072],[12.4758622,41.8957993]]]}},{"type":"Feature","properties":{"class":"public","name":"Santi Benedetto e Scolastica all\u2019Argentina","name:en":null},"geometry":{"type":"Polygon","coordinates":[[[12.4763377,41.8968901],[12.4763371,41.8967967],[12.4761903,41.8967532],[12.476169,41.8967929],[12.4762625,41.8968207],[12.4762566,41.8968729],[12.4763377,41.8968901]]]}},{"type":"Feature","properties":{"class":"public","name":"Ges\u00f9 Nazareno all\u2019Argentina","name:en":null},"geometry":{"type":"Polygon","coordinates":[[[12.4756049,41.8952673],[12.4756024,41.8952539],[12.4756738,41.8952356],[12.4756862,41.8953341],[12.4756914,41.8953618],[12.4756562,41.8953667],[12.4756175,41.8953729],[12.4756049,41.8952673]]]}},{"type":"Feature","properties":{"class":"public","name":"San Lorenzo in Damaso","name:en":null},"geometry":{"type":"Polygon","coordinates":[[[12.4715833,41.8970262],[12.4719838,41.896936],[12.471996,41.8969659],[12.4721147,41.8969392],[12.4720387,41.8967521],[12.4720112,41.8966844],[12.4714919,41.8968013],[12.4715833,41.8970262]]]}},{"type":"Feature","properties":{"class":"public","name":"Chiesa di San Giovanni Calibita","name:en":null},"geometry":{"type":"Polygon","coordinates":[[[12.4778746,41.8909008],[12.4778228,41.8909209],[12.4777972,41.8908845],[12.4777638,41.8908358],[12.4775472,41.8909232],[12.4775224,41.8908867],[12.4774802,41.8908245],[12.4777378,41.8907169],[12.4778491,41.8908644],[12.4778607,41.890881],[12.4778746,41.8909008]]]}},{"type":"Feature","properties":{"class":"public","name":"Chiesa di San Paolo alla Regola","name:en":null},"geometry":{"type":"Polygon","coordinates":[[[12.4732278,41.8929134],[12.4734993,41.8931119],[12.4735192,41.8930969],[12.4736719,41.892991],[12.4735798,41.892919],[12.4735038,41.8928595],[12.4735799,41.8928084],[12.473537,41.8927764],[12.4735149,41.8927945],[12.4734879,41.8928166],[12.4734094,41.8927682],[12.4732409,41.8929029],[12.4732278,41.8929134]]]}},{"type":"Feature","properties":{"class":"public","name":"Santi Giovanni Evangelista e Petronio dei Bolognesi","name:en":null},"geometry":{"type":"Polygon","coordinates":[[[12.4704597,41.8940081],[12.4705916,41.8941118],[12.4706742,41.8940476],[12.4706585,41.8940333],[12.4707052,41.8939858],[12.4705651,41.8939133],[12.470532,41.8939389],[12.4704597,41.8940081]]]}},{"type":"Feature","properties":{"class":"public","name":"Chiesa di San Salvatore in Campo","name:en":null},"geometry":{"type":"Polygon","coordinates":[[[12.4741187,41.8937221],[12.4740209,41.893766],[12.473895,41.8936105],[12.4739816,41.8935716],[12.4739928,41.8935666],[12.4741187,41.8937221]]]}},{"type":"Feature","properties":{"class":"public","name":"Santa Barbara dei Librai","name:en":null},"geometry":{"type":"Polygon","coordinates":[[[12.4736743,41.8947905],[12.4737223,41.8948678],[12.4737835,41.8948476],[12.4737359,41.894767],[12.4736743,41.8947905]]]}},{"type":"Feature","properties":{"class":"public","name":"Chiesa di Santa Maria in Monticelli","name:en":null},"geometry":{"type":"Polygon","coordinates":[[[12.474128,41.8929317],[12.474139,41.8929244],[12.4742985,41.8930586],[12.4740004,41.8932367],[12.473966,41.8932678],[12.4737565,41.8932003],[12.4738568,41.8931043],[12.4739611,41.8930376],[12.4740458,41.8929856],[12.474128,41.8929317]]]}},{"type":"Feature","properties":{"class":"public","name":"Chiesa di Santa Caterina da Siena","name:en":null},"geometry":{"type":"Polygon","coordinates":[[[12.4688618,41.8955053],[12.4689778,41.8955712],[12.4689491,41.8955952],[12.4690351,41.895638],[12.4691458,41.8956956],[12.469181,41.8957136],[12.4692972,41.8955889],[12.4693137,41.8955712],[12.4692517,41.8955428],[12.4692053,41.8955216],[12.4689515,41.8954056],[12.4689462,41.8954141],[12.468947,41.8954265],[12.4689458,41.8954373],[12.4689415,41.8954481],[12.4689336,41.8954592],[12.4689265,41.8954674],[12.4689206,41.8954742],[12.4689061,41.8954875],[12.4688946,41.895495],[12.4688782,41.8954988],[12.4688668,41.8955004],[12.4688618,41.8955053]]]}},{"type":"Feature","properties":{"class":"public","name":"Chiesa di San Filippo Neri","name:en":null},"geometry":{"type":"Polygon","coordinates":[[[12.467366,41.8971249],[12.4674033,41.8970811],[12.4674279,41.8970521],[12.4674339,41.8970451],[12.4674866,41.8970326],[12.4675697,41.8970964],[12.4675615,41.8971237],[12.4674836,41.8971099],[12.4674769,41.8971441],[12.467366,41.8971249]]]}},{"type":"Feature","properties":{"class":"public","name":"Chiesa di Santa Maria dell'Orazione e Morte","name:en":null},"geometry":{"type":"Polygon","coordinates":[[[12.469472,41.8943488],[12.4695204,41.8943804],[12.4696301,41.8944505],[12.4696763,41.8944804],[12.4697346,41.8944158],[12.4697954,41.8943542],[12.4696686,41.8942613],[12.4695831,41.8942069],[12.4694366,41.8943204],[12.469472,41.8943488]]]}},{"type":"Feature","properties":{"class":"public","name":"Chiesa di Santa Caterina della Rota","name:en":null},"geometry":{"type":"Polygon","coordinates":[[[12.4698743,41.8952651],[12.4697974,41.895334],[12.4695243,41.8951944],[12.4695542,41.8951606],[12.4695494,41.8951455],[12.4695578,41.8951295],[12.4695793,41.8951188],[12.4695996,41.8951161],[12.4696224,41.8951215],[12.4696797,41.8951535],[12.4698743,41.8952651]]]}},{"type":"Feature","properties":{"class":"public","name":"Chiesa dello Spirito Santo dei Napoletani","name:en":null},"geometry":{"type":"Polygon","coordinates":[[[12.4678875,41.896443],[12.4679841,41.8963481],[12.4678495,41.8962827],[12.4677522,41.8962124],[12.4678253,41.8961457],[12.4676938,41.8960658],[12.4676633,41.8960937],[12.467593,41.896155],[12.4675414,41.8961578],[12.4675079,41.8961863],[12.4675098,41.896224],[12.4676987,41.8963326],[12.4678875,41.896443]]]}},{"type":"Feature","properties":{"class":"public","name":"Chiesa di Sant'Eligio degli Orefici","name:en":null},"geometry":{"type":"Polygon","coordinates":[[[12.4680512,41.8957582],[12.4679205,41.8957087],[12.467907,41.8956854],[12.4679474,41.8956131],[12.4681088,41.895494],[12.4682067,41.8955481],[12.4681364,41.8956273],[12.4680873,41.8957002],[12.4680512,41.8957582]]]}},{"type":"Feature","properties":{"class":"public","name":null,"name:en":null},"geometry":{"type":"Polygon","coordinates":[[[12.4701681,41.8938966],[12.4701904,41.8938818],[12.4702262,41.8938571],[12.4702496,41.8938415],[12.4702178,41.8938157],[12.4701207,41.893858],[12.4701681,41.8938966]]]}},{"type":"Feature","properties":{"class":"public","name":null,"name:en":null},"geometry":{"type":"Polygon","coordinates":[[[12.4697954,41.8943542],[12.4696686,41.8942613],[12.469797,41.8941344],[12.4698717,41.8941675],[12.4697921,41.8942497],[12.4698557,41.8942956],[12.4697954,41.8943542]]]}},{"type":"Feature","properties":{"class":"public","name":null,"name:en":null},"geometry":{"type":"Polygon","coordinates":[[[12.4700819,41.893825],[12.4701207,41.893858],[12.4701681,41.8938966],[12.4701986,41.8939224],[12.4698557,41.8942956],[12.4697921,41.8942497],[12.4698717,41.8941675],[12.469797,41.8941344],[12.4700819,41.893825]]]}},{"type":"Feature","properties":{"class":"public","name":"Baailica di San Giovanni dei Fiorentini","name:en":null},"geometry":{"type":"Polygon","coordinates":[[[12.4650769,41.8995183],[12.4651439,41.8994414],[12.4646611,41.8992059],[12.4646397,41.8992303],[12.464594,41.899208],[12.4645577,41.8992493],[12.4645211,41.8992315],[12.4644156,41.8993514],[12.4644565,41.8993713],[12.4644013,41.899434],[12.4644434,41.8994545],[12.4644174,41.8994841],[12.4645477,41.8995477],[12.4646072,41.8995767],[12.4648166,41.8996788],[12.4648991,41.8997195],[12.4649249,41.89969],[12.4649756,41.8996318],[12.4650199,41.8995823],[12.4650769,41.8995183]]]}},{"type":"Feature","properties":{"class":"public","name":"Chiesa di San Biagio della Pagnotta","name:en":null},"geometry":{"type":"Polygon","coordinates":[[[12.4661925,41.8983084],[12.4660859,41.8982735],[12.4658764,41.8982216],[12.465845,41.8982986],[12.4661313,41.8983832],[12.4661925,41.8983084]]]}},{"type":"Feature","properties":{"class":"public","name":"Chiesa di Santa Maria del Suffragio","name:en":null},"geometry":{"type":"Polygon","coordinates":[[[12.4664781,41.8979815],[12.4665725,41.8978726],[12.4665094,41.8978423],[12.4663802,41.8977803],[12.466328,41.8977552],[12.4662905,41.8977985],[12.4662466,41.8978492],[12.4662819,41.8978661],[12.4662689,41.8978811],[12.4664781,41.8979815]]]}},{"type":"Feature","properties":{"class":"public","name":"Santi Protomartiri Romani","name:en":null},"geometry":{"type":"Polygon","coordinates":[[[12.4410877,41.8947015],[12.4411983,41.8947766],[12.4412892,41.8947025],[12.4414227,41.8946939],[12.4414574,41.8947174],[12.4415503,41.8946417],[12.4415156,41.8946181],[12.4415144,41.8945171],[12.4415819,41.8944639],[12.4414713,41.8943888],[12.4413935,41.8944522],[12.4412757,41.8944487],[12.4412446,41.8944276],[12.4411369,41.8945154],[12.4411679,41.8945365],[12.4411729,41.8946321],[12.4410877,41.8947015]]]}},{"type":"Feature","properties":{"class":"public","name":"Chiesa di San Tommaso in Parione","name:en":null},"geometry":{"type":"Polygon","coordinates":[[[12.470643,41.8984385],[12.4707095,41.8985564],[12.4705459,41.8986078],[12.470505,41.8986207],[12.4704668,41.898581],[12.4704503,41.8985639],[12.4704277,41.8985288],[12.4705453,41.8984835],[12.470643,41.8984385]]]}},{"type":"Feature","properties":{"class":"public","name":"Chiesa dei Santi Celso e Giuliano","name:en":null},"geometry":{"type":"Polygon","coordinates":[[[12.466821,41.9006795],[12.4667916,41.9006784],[12.4667552,41.9006449],[12.4667051,41.9006443],[12.4666594,41.9006809],[12.4666121,41.9006805],[12.4666058,41.9008126],[12.4666455,41.9008126],[12.4666703,41.9008446],[12.4667614,41.9008446],[12.466778,41.9008619],[12.4668045,41.9008569],[12.466831,41.9008212],[12.4668359,41.9007953],[12.4668674,41.900799],[12.4668989,41.9007818],[12.4669154,41.9007546],[12.4669071,41.9007386],[12.4669369,41.9007374],[12.4669419,41.9006819],[12.466821,41.9006795]]]}},{"type":"Feature","properties":{"class":"public","name":"Chiesa della Nativit\u00e0 di Ges\u00f9","name:en":null},"geometry":{"type":"Polygon","coordinates":[[[12.4720014,41.8979532],[12.4721041,41.8979506],[12.4721096,41.8980743],[12.4721123,41.8981482],[12.4720014,41.8981457],[12.4720014,41.8979532]]]}},{"type":"Feature","properties":{"class":"public","name":"ex Chiesa di San Giovanni in Ayno","name:en":null},"geometry":{"type":"Polygon","coordinates":[[[12.4688203,41.8966109],[12.4687565,41.8966636],[12.4686055,41.8965662],[12.4686742,41.8965021],[12.4688203,41.8966109]]]}},{"type":"Feature","properties":{"class":"public","name":"Chiesa di Santa Maria della Quercia","name:en":null},"geometry":{"type":"Polygon","coordinates":[[[12.4717493,41.8947962],[12.4717771,41.8947767],[12.4717913,41.894788],[12.4718393,41.8947542],[12.4718504,41.8947465],[12.4718842,41.8947227],[12.4718653,41.8947078],[12.4718924,41.8946883],[12.4718834,41.8946821],[12.4718803,41.8946605],[12.4718727,41.8946501],[12.4718597,41.8946418],[12.4718425,41.8946382],[12.4718282,41.8946385],[12.4718106,41.8946311],[12.4717771,41.8946624],[12.4717647,41.8946516],[12.471695,41.8947016],[12.4717149,41.8947173],[12.4716806,41.8947413],[12.4717021,41.8947584],[12.4717493,41.8947962]]]}},{"type":"Feature","properties":{"class":"public","name":"Chiesa di San Tommaso di Canterbury","name:en":null},"geometry":{"type":"Polygon","coordinates":[[[12.4699046,41.8956108],[12.469929,41.8955963],[12.470031,41.8955442],[12.4701025,41.8954997],[12.4702171,41.8956095],[12.4701218,41.895661],[12.4700359,41.8957105],[12.4699168,41.8956226],[12.4699046,41.8956108]]]}},{"type":"Feature","properties":{"class":"public","name":"Chiesa di Santa Maria in Grottapinta","name:en":null},"geometry":{"type":"Polygon","coordinates":[[[12.4734859,41.8953453],[12.4735384,41.8953398],[12.4735441,41.8953701],[12.4735501,41.895402],[12.4734145,41.8954162],[12.4734028,41.895354],[12.4734859,41.8953453]]]}},{"type":"Feature","properties":{"class":"public","name":"Chiesa di Santa Chiara","name:en":null},"geometry":{"type":"Polygon","coordinates":[[[12.4766434,41.8975241],[12.4765815,41.8975205],[12.4765379,41.8975179],[12.4764908,41.8975152],[12.4764445,41.8975125],[12.4764368,41.8974087],[12.4764316,41.897304],[12.4765002,41.897304],[12.4765066,41.8972053],[12.4765065,41.8971909],[12.4766096,41.897193],[12.4766107,41.8972187],[12.4765917,41.8974645],[12.4766498,41.8974712],[12.4766434,41.8975241]]]}},{"type":"Feature","properties":{"class":"public","name":"Sant'Ivo alla Sapienza","name:en":null},"geometry":{"type":"Polygon","coordinates":[[[12.4750484,41.8980829],[12.4750463,41.898256],[12.475045,41.8983115],[12.474652,41.8982939],[12.474656,41.8982519],[12.4746865,41.898249],[12.4747101,41.8982239],[12.4747202,41.8981972],[12.4747241,41.8981826],[12.4747236,41.8981667],[12.4747191,41.8981412],[12.4747056,41.8981195],[12.4746876,41.8981094],[12.4746699,41.8981078],[12.4746742,41.8980627],[12.4750484,41.8980829]]]}},{"type":"Feature","properties":{"class":"public","name":"Sant\u2019Eustachio in Campo Marzio","name:en":null},"geometry":{"type":"Polygon","coordinates":[[[12.4756015,41.8987787],[12.4756012,41.8987909],[12.4756002,41.8988002],[12.4756016,41.8988112],[12.4756051,41.8988201],[12.475612,41.8988304],[12.4756225,41.89884],[12.475633,41.8988465],[12.475644,41.8988511],[12.4756566,41.8988544],[12.4756664,41.8988558],[12.475676,41.8988562],[12.4756903,41.898855],[12.4757054,41.8988515],[12.4757181,41.8988462],[12.4757288,41.8988395],[12.4757359,41.8988333],[12.4757434,41.8988237],[12.4757485,41.8988126],[12.4757517,41.898804],[12.4758066,41.8988101],[12.4758173,41.8987621],[12.4758369,41.8987638],[12.4758582,41.8986806],[12.4758399,41.8986622],[12.4758935,41.8984705],[12.4757551,41.8984543],[12.4756389,41.8984393],[12.4756323,41.8984694],[12.4756205,41.8985266],[12.4756089,41.8986193],[12.4756055,41.8986433],[12.4755882,41.8986553],[12.4755658,41.8987595],[12.4755802,41.8987748],[12.4756015,41.8987787]]]}},{"type":"Feature","properties":{"class":"wall","name":null,"name:en":null},"geometry":{"type":"LineString","coordinates":[[12.4679235,41.9028061],[12.4679518,41.9028911],[12.4679473,41.9029222],[12.4679332,41.9029488],[12.4679055,41.9029666],[12.467857,41.9029744],[12.4678085,41.9029627],[12.4677757,41.9029238],[12.4677436,41.9028488],[12.4676577,41.9028672],[12.4679319,41.9037639],[12.4680074,41.9037478],[12.4679966,41.9036226],[12.4680225,41.9036001],[12.4680829,41.9035921],[12.4681455,41.9036146],[12.4681692,41.9036627],[12.4682347,41.9037858],[12.4684893,41.9042274],[12.467703,41.9043893],[12.4676599,41.9043893],[12.467627,41.9043771],[12.4676168,41.9043481],[12.4676291,41.904316],[12.4677118,41.9042673],[12.4676557,41.9042013],[12.4665262,41.904716],[12.4665822,41.9047753],[12.4666739,41.9047439],[12.4667069,41.9047339],[12.4667358,41.9047362],[12.4667615,41.9047492],[12.466778,41.9047715],[12.466777,41.9047968],[12.4667386,41.9048292],[12.4664449,41.9050525],[12.4663516,41.9051235],[12.4661949,41.9052426],[12.4657726,41.9048041],[12.4657293,41.9047591],[12.4657224,41.904737],[12.4657292,41.9047163],[12.4657391,41.9047032],[12.4657519,41.9046955],[12.4657735,41.9046868],[12.4657957,41.904686],[12.4658177,41.9046951],[12.4659208,41.9047476],[12.4660047,41.9046859],[12.4648917,41.903989],[12.4648203,41.9040431],[12.4648519,41.9040618],[12.4648992,41.9040898],[12.4649427,41.9041198],[12.4649604,41.9041437],[12.4649555,41.9041701],[12.4649362,41.9041869],[12.4649056,41.9041953],[12.464867,41.9041893],[12.4647945,41.9041617],[12.4646666,41.9041113],[12.464273,41.9039563],[12.4641616,41.9039124],[12.4644993,41.903475],[12.4645255,41.9034387],[12.4645411,41.9034175],[12.4645535,41.9034069],[12.4645811,41.9033964],[12.4646108,41.903397],[12.4646397,41.9034106],[12.4646477,41.9034258],[12.4646513,41.9034453],[12.4646242,41.9035498],[12.464717,41.9035703],[12.465136,41.9026549],[12.4650134,41.9026278],[12.4649877,41.9026739],[12.4649709,41.9027017],[12.4649585,41.9027143],[12.4649418,41.9027243],[12.4649205,41.9027293],[12.4648962,41.9027286],[12.4648767,41.9027249],[12.4648641,41.9027197],[12.4648493,41.9027104],[12.4648396,41.9026982],[12.4648319,41.9026762],[12.4648342,41.9026552],[12.4648382,41.9026269],[12.4648326,41.902594],[12.4648075,41.902564]]}},{"type":"Feature","properties":{"class":"public","name":"Chiesa di San Pio V","name:en":null},"geometry":{"type":"Polygon","coordinates":[[[12.431575,41.8966673],[12.4315884,41.8966361],[12.4316361,41.8965244],[12.4316659,41.8964547],[12.431175,41.8963384],[12.4310841,41.896551],[12.4313488,41.8966113],[12.431575,41.8966673]]]}},{"type":"Feature","properties":{"class":"public","name":null,"name:en":null},"geometry":{"type":"Polygon","coordinates":[[[12.4728505,41.8720031],[12.4732807,41.8721036],[12.4732966,41.872071],[12.4728684,41.8719613],[12.4728505,41.8720031]]]}},{"type":"Feature","properties":{"class":"ruin","name":null,"name:en":null},"geometry":{"type":"Polygon","coordinates":[[[12.4900802,41.8667235],[12.4901535,41.8667074],[12.4902723,41.8666845],[12.4902481,41.8665957],[12.4902284,41.8665884],[12.4901724,41.8666062],[12.4901261,41.8666292],[12.4900584,41.8666764],[12.490041,41.8667089],[12.4900802,41.8667235]]]}},{"type":"Feature","properties":{"class":"public","name":null,"name:en":null},"geometry":{"type":"Polygon","coordinates":[[[12.4708619,41.9017842],[12.4713358,41.9019259],[12.4714259,41.9017584],[12.4712738,41.9017123],[12.4712951,41.9016738],[12.4712809,41.9016693],[12.4714239,41.9014512],[12.4713671,41.901433],[12.4713823,41.9014066],[12.4713568,41.9013988],[12.4712068,41.9013545],[12.4711338,41.9013477],[12.4710808,41.9014458],[12.4710648,41.9014753],[12.4711825,41.9015085],[12.4710963,41.9016648],[12.4710567,41.901658],[12.4710293,41.9017033],[12.4709572,41.90168],[12.4709452,41.9016761],[12.4709291,41.9016785],[12.4708619,41.9017842]]]}},{"type":"Feature","properties":{"class":"public","name":"Chiesa di Santa Lucia della Tinta","name:en":null},"geometry":{"type":"Polygon","coordinates":[[[12.473623,41.9025731],[12.473786,41.9026324],[12.4739443,41.9024942],[12.4738955,41.902465],[12.4739396,41.9024207],[12.4737122,41.9023728],[12.473623,41.9025731]]]}},{"type":"Feature","properties":{"class":"public","name":"Chiesa di Santo Stefano degli Abissini","name:en":"Saint Stephen of the Ethiopians"},"geometry":{"type":"Polygon","coordinates":[[[12.4517368,41.9018427],[12.4518785,41.9018862],[12.4519007,41.901846],[12.4521385,41.901919],[12.4521843,41.9018362],[12.4519412,41.9017617],[12.4519673,41.9017145],[12.4518333,41.9016734],[12.4518018,41.9017304],[12.4517869,41.9017258],[12.4517751,41.9017271],[12.4517633,41.9017312],[12.451754,41.9017376],[12.4517477,41.9017457],[12.4517447,41.9017564],[12.4517463,41.901766],[12.4517497,41.9017723],[12.451758,41.9017803],[12.451768,41.9017863],[12.4517368,41.9018427]]]}},{"type":"Feature","properties":{"class":"public","name":"Chiesa del Sacro Cuore di Ges\u00f9 a Villa Lante","name:en":null},"geometry":{"type":"Polygon","coordinates":[[[12.4624774,41.8937099],[12.4624475,41.8936979],[12.4624565,41.893686],[12.4624587,41.8936735],[12.4624571,41.8936513],[12.462426,41.8936385],[12.4624061,41.893645],[12.4623861,41.8936566],[12.4623769,41.8936695],[12.4623388,41.8936542],[12.4622213,41.8938071],[12.4622043,41.8938291],[12.4623493,41.8938883],[12.4624774,41.8937099]]]}},{"type":"Feature","properties":{"class":"public","name":"Chiesa di San Giovanni della Pigna","name:en":null},"geometry":{"type":"Polygon","coordinates":[[[12.4779955,41.8974345],[12.4779897,41.8973279],[12.477997,41.8972096],[12.4781237,41.8972164],[12.4781179,41.8972824],[12.4781153,41.8973131],[12.4781559,41.8973169],[12.4781611,41.8973285],[12.4781724,41.8973324],[12.4781871,41.8973337],[12.4781645,41.8974371],[12.4779955,41.8974345]]]}},{"type":"Feature","properties":{"class":"public","name":"Santa Maria in Via Lata","name:en":null},"geometry":{"type":"Polygon","coordinates":[[[12.4814292,41.8980066],[12.4814207,41.8980292],[12.4812264,41.8979868],[12.4812149,41.8980159],[12.4811781,41.8980078],[12.4811735,41.8980195],[12.48113,41.8980099],[12.4810668,41.8981731],[12.4814577,41.898259],[12.4815482,41.8980321],[12.4814292,41.8980066]]]}},{"type":"Feature","properties":{"class":"public","name":"Chiesa di Santo Stefano del Cacco","name:en":null},"geometry":{"type":"Polygon","coordinates":[[[12.4793259,41.8972072],[12.4792888,41.8973619],[12.4792859,41.8973741],[12.4792635,41.8973707],[12.4792127,41.897363],[12.4792241,41.8973085],[12.4791944,41.897306],[12.4791959,41.8972908],[12.4791989,41.8972591],[12.4790538,41.8972517],[12.4789583,41.8972469],[12.4789608,41.8972362],[12.4789718,41.8971821],[12.4789782,41.8971459],[12.4789908,41.8971459],[12.4789953,41.8971127],[12.4790239,41.8971136],[12.4790297,41.8970812],[12.4790674,41.8970836],[12.4791623,41.8970897],[12.4791532,41.897168],[12.4792527,41.8971749],[12.4792481,41.8972012],[12.4792859,41.8972038],[12.4793259,41.8972072]]]}},{"type":"Feature","properties":{"class":"public","name":"Santa Marta al Collegio Romano","name:en":null},"geometry":{"type":"Polygon","coordinates":[[[12.4797799,41.8976418],[12.4799646,41.8976722],[12.4799836,41.8976114],[12.4800947,41.8972721],[12.47991,41.8972386],[12.4798189,41.8975166],[12.4797799,41.8976418]]]}},{"type":"Feature","properties":{"class":"public","name":"Oratorio di San Francesco Saverio","name:en":null},"geometry":{"type":"Polygon","coordinates":[[[12.4806226,41.899267],[12.4807174,41.8992817],[12.4808098,41.899296],[12.4808276,41.8992325],[12.4808949,41.8989919],[12.4807076,41.8989629],[12.4806226,41.899267]]]}},{"type":"Feature","properties":{"class":"public","name":"Chiesa di San Macuto","name:en":null},"geometry":{"type":"Polygon","coordinates":[[[12.4792931,41.8991733],[12.4792217,41.8991639],[12.4791858,41.8993615],[12.4791703,41.8994468],[12.4792589,41.8994316],[12.4792812,41.8994286],[12.4792756,41.8994121],[12.4792733,41.8993931],[12.4792756,41.8993457],[12.4792868,41.8992663],[12.4792931,41.8991733]]]}},{"type":"Feature","properties":{"class":"public","name":"Chiesa di Santa Maria in Aquiro","name:en":null},"geometry":{"type":"Polygon","coordinates":[[[12.4780141,41.8998933],[12.4780718,41.8998933],[12.478094,41.899828],[12.4782884,41.899828],[12.4782891,41.8998321],[12.4782879,41.899907],[12.4783861,41.8999093],[12.4784503,41.8999109],[12.4784857,41.8999177],[12.4785014,41.899945],[12.4784961,41.8999703],[12.4784817,41.8999879],[12.4784595,41.8999996],[12.4784372,41.9000025],[12.4783874,41.9000035],[12.4783853,41.9000405],[12.4783822,41.9000932],[12.4782695,41.9000873],[12.4782695,41.9000015],[12.4780285,41.8999967],[12.4780273,41.900029],[12.4780259,41.9000668],[12.477964,41.900061],[12.4779636,41.9000219],[12.4779619,41.899865],[12.4780167,41.899865],[12.4780141,41.8998933]]]}},{"type":"Feature","properties":{"class":"public","name":"Santi Bartolomeo e Alessandro a Piazza Colonna","name:en":null},"geometry":{"type":"Polygon","coordinates":[[[12.4798298,41.9005596],[12.4799253,41.9005785],[12.4799603,41.9004806],[12.4799677,41.9004591],[12.4799905,41.9003934],[12.4799936,41.9003846],[12.4800069,41.9003441],[12.4798981,41.9003244],[12.4798823,41.9003728],[12.4798529,41.900455],[12.4798662,41.9004576],[12.4798298,41.9005596]]]}},{"type":"Feature","properties":{"class":"public","name":"Santi Claudio e Andrea dei Borgognoni","name:en":null},"geometry":{"type":"Polygon","coordinates":[[[12.4814759,41.9021607],[12.4814557,41.902221],[12.4814372,41.9022807],[12.4816105,41.9023392],[12.4816745,41.9022023],[12.481632,41.9021934],[12.4814759,41.9021607]]]}},{"type":"Feature","properties":{"class":"public","name":"Oratorio del Crocifisso","name:en":null},"geometry":{"type":"Polygon","coordinates":[[[12.4819492,41.8997099],[12.4819766,41.8996865],[12.4820294,41.8996412],[12.4820661,41.8996097],[12.4821319,41.8995532],[12.482002,41.8994839],[12.4819064,41.899611],[12.4818746,41.8996549],[12.4818635,41.8996702],[12.4819058,41.8996898],[12.4819492,41.8997099]]]}},{"type":"Feature","properties":{"class":"public","name":"Palazzo della Stamperia","name:en":null},"geometry":{"type":"Polygon","coordinates":[[[12.4834521,41.9016104],[12.4835523,41.901792],[12.4835569,41.9018005],[12.4836488,41.9019671],[12.4837774,41.9022003],[12.4836478,41.902303],[12.4834253,41.9022432],[12.4833028,41.9020871],[12.4833676,41.9020651],[12.4833441,41.9020293],[12.4833352,41.9020158],[12.4833718,41.9020022],[12.4833207,41.9019206],[12.4833042,41.9018942],[12.4833326,41.9018841],[12.4834155,41.9018544],[12.4833695,41.9017735],[12.4833469,41.9017337],[12.483307,41.9016636],[12.483262,41.9016762],[12.4832155,41.9016892],[12.4832392,41.9016315],[12.4833101,41.9016137],[12.4834521,41.9016104]]]}},{"type":"Feature","properties":{"class":"public","name":"Santa Rita da Cascia alle Vergini","name:en":null},"geometry":{"type":"Polygon","coordinates":[[[12.4830403,41.8997246],[12.4828933,41.8996651],[12.482872,41.8996659],[12.4828131,41.8997988],[12.4829998,41.8998441],[12.4830403,41.8997246]]]}},{"type":"Feature","properties":{"class":"ruin","name":null,"name:en":null},"geometry":{"type":"Polygon","coordinates":[[[12.4868722,41.8918347],[12.4869673,41.8918088],[12.4869893,41.8918389],[12.4869779,41.8918431],[12.4869623,41.8918199],[12.4869417,41.8918241],[12.4869552,41.8918415],[12.4869396,41.8918468],[12.4869361,41.891841],[12.4869433,41.8918397],[12.4869324,41.8918251],[12.4869143,41.8918299],[12.4869252,41.8918451],[12.486931,41.8918437],[12.4869332,41.8918483],[12.4869154,41.8918535],[12.4869114,41.8918472],[12.486919,41.8918462],[12.4869059,41.8918318],[12.4868827,41.8918386],[12.4869052,41.8918683],[12.4869746,41.8918478],[12.4869789,41.8918545],[12.4869117,41.891874],[12.4869248,41.8918918],[12.4869913,41.8918664],[12.4869974,41.8918713],[12.4869212,41.8919013],[12.4868722,41.8918347]]]}},{"type":"Feature","properties":{"class":"ruin","name":"Basilica Iulia","name:en":null},"geometry":{"type":"Polygon","coordinates":[[[12.4851984,41.891533],[12.4852275,41.8915232],[12.4855085,41.8919874],[12.4843358,41.8923855],[12.4843163,41.8923768],[12.4842917,41.8923383],[12.484264,41.8922951],[12.484054,41.8919508],[12.4851984,41.891533]]]}},{"type":"Feature","properties":{"class":"ruin","name":null,"name:en":null},"geometry":{"type":"Polygon","coordinates":[[[12.486457,41.8924096],[12.4864582,41.8924076],[12.4864584,41.8924055],[12.4864577,41.8924034],[12.4864561,41.8924017],[12.486454,41.8924005],[12.4864515,41.8923999],[12.4864489,41.8923999],[12.4864464,41.8924005],[12.4864443,41.8924017],[12.4864428,41.8924032],[12.486442,41.8924051],[12.486442,41.892407],[12.4864428,41.8924088],[12.4864444,41.8924104],[12.4864467,41.8924116],[12.4864495,41.8924121],[12.4864523,41.892412],[12.4864549,41.8924111],[12.486457,41.8924096]]]}},{"type":"Feature","properties":{"class":"ruin","name":null,"name:en":null},"geometry":{"type":"Polygon","coordinates":[[[12.4859972,41.8927472],[12.4859984,41.8927453],[12.4859987,41.8927431],[12.4859979,41.8927411],[12.4859963,41.8927393],[12.4859942,41.8927382],[12.4859917,41.8927376],[12.4859891,41.8927376],[12.4859866,41.8927382],[12.4859845,41.8927394],[12.485983,41.8927409],[12.4859822,41.8927428],[12.4859822,41.8927447],[12.485983,41.8927466],[12.4859846,41.8927481],[12.485987,41.8927493],[12.4859897,41.8927499],[12.4859926,41.8927497],[12.4859952,41.8927487],[12.4859972,41.8927472]]]}},{"type":"Feature","properties":{"class":"ruin","name":null,"name:en":null},"geometry":{"type":"Polygon","coordinates":[[[12.4862441,41.8925078],[12.4862453,41.8925059],[12.4862455,41.8925037],[12.4862448,41.8925017],[12.4862432,41.8924999],[12.486241,41.8924988],[12.4862386,41.8924982],[12.486236,41.8924982],[12.4862335,41.8924988],[12.4862314,41.8925],[12.4862299,41.8925015],[12.4862291,41.8925034],[12.4862291,41.8925053],[12.4862299,41.8925072],[12.4862315,41.8925087],[12.4862339,41.8925099],[12.4862366,41.8925105],[12.4862395,41.8925103],[12.4862421,41.8925093],[12.4862441,41.8925078]]]}},{"type":"Feature","properties":{"class":"ruin","name":null,"name:en":null},"geometry":{"type":"Polygon","coordinates":[[[12.4863974,41.8926008],[12.4863986,41.8925989],[12.4863988,41.8925967],[12.4863981,41.8925947],[12.4863965,41.8925929],[12.4863944,41.8925918],[12.4863919,41.8925912],[12.4863893,41.8925912],[12.4863869,41.8925918],[12.4863848,41.8925929],[12.4863833,41.8925945],[12.4863825,41.8925963],[12.4863825,41.8925982],[12.4863833,41.8926001],[12.4863848,41.8926016],[12.4863871,41.8926028],[12.4863899,41.8926034],[12.4863928,41.8926032],[12.4863954,41.8926023],[12.4863974,41.8926008]]]}},{"type":"Feature","properties":{"class":"ruin","name":null,"name:en":null},"geometry":{"type":"Polygon","coordinates":[[[12.486199,41.8925304],[12.4862002,41.8925285],[12.4862004,41.8925264],[12.4861997,41.8925243],[12.486198,41.8925225],[12.4861959,41.8925214],[12.4861935,41.8925208],[12.4861908,41.8925208],[12.4861884,41.8925214],[12.4861863,41.8925226],[12.4861847,41.8925241],[12.486184,41.892526],[12.486184,41.8925279],[12.4861848,41.8925298],[12.4861864,41.8925313],[12.4861887,41.8925325],[12.4861915,41.8925331],[12.4861944,41.8925329],[12.486197,41.8925319],[12.486199,41.8925304]]]}},{"type":"Feature","properties":{"class":"ruin","name":null,"name:en":null},"geometry":{"type":"Polygon","coordinates":[[[12.4857817,41.8928439],[12.4857829,41.892842],[12.4857832,41.8928399],[12.4857825,41.8928378],[12.4857808,41.892836],[12.4857788,41.8928349],[12.4857763,41.8928343],[12.4857737,41.8928343],[12.4857712,41.8928349],[12.4857691,41.892836],[12.4857676,41.8928375],[12.4857668,41.8928394],[12.4857667,41.8928413],[12.4857675,41.8928432],[12.4857691,41.8928447],[12.4857714,41.892846],[12.4857742,41.8928465],[12.4857771,41.8928463],[12.4857797,41.8928454],[12.4857817,41.8928439]]]}},{"type":"Feature","properties":{"class":"ruin","name":null,"name:en":null},"geometry":{"type":"Polygon","coordinates":[[[12.4860651,41.89259],[12.4860664,41.8925881],[12.4860666,41.8925859],[12.4860659,41.8925839],[12.4860642,41.8925821],[12.4860622,41.892581],[12.4860597,41.8925804],[12.4860571,41.8925804],[12.4860546,41.892581],[12.4860525,41.8925821],[12.486051,41.8925837],[12.4860502,41.8925855],[12.4860502,41.8925874],[12.486051,41.8925893],[12.4860526,41.8925908],[12.4860549,41.892592],[12.4860577,41.8925926],[12.4860605,41.8925924],[12.4860631,41.8925915],[12.4860651,41.89259]]]}},{"type":"Feature","properties":{"class":"ruin","name":null,"name:en":null},"geometry":{"type":"Polygon","coordinates":[[[12.486316,41.8926064],[12.4863172,41.8926045],[12.4863175,41.8926024],[12.4863168,41.8926003],[12.4863151,41.8925985],[12.4863131,41.8925974],[12.4863106,41.8925968],[12.486308,41.8925968],[12.4863055,41.8925974],[12.4863034,41.8925985],[12.4863019,41.8926],[12.4863011,41.8926019],[12.4863011,41.8926038],[12.4863019,41.8926056],[12.4863034,41.8926072],[12.4863057,41.8926084],[12.4863085,41.892609],[12.4863114,41.8926088],[12.486314,41.8926079],[12.486316,41.8926064]]]}},{"type":"Feature","properties":{"class":"ruin","name":null,"name:en":null},"geometry":{"type":"Polygon","coordinates":[[[12.4864502,41.8925441],[12.4864514,41.8925422],[12.4864516,41.89254],[12.4864509,41.892538],[12.4864493,41.8925362],[12.4864472,41.8925351],[12.4864447,41.8925345],[12.4864421,41.8925345],[12.4864397,41.8925351],[12.4864376,41.8925362],[12.486436,41.8925378],[12.4864352,41.8925396],[12.4864352,41.8925415],[12.486436,41.8925434],[12.4864376,41.8925449],[12.4864399,41.8925461],[12.4864427,41.8925467],[12.4864455,41.8925465],[12.4864481,41.8925456],[12.4864502,41.8925441]]]}},{"type":"Feature","properties":{"class":"ruin","name":null,"name:en":null},"geometry":{"type":"Polygon","coordinates":[[[12.4858227,41.8928603],[12.4858239,41.8928584],[12.4858242,41.8928562],[12.4858234,41.8928542],[12.4858218,41.8928524],[12.4858197,41.8928513],[12.4858172,41.8928507],[12.4858146,41.8928507],[12.4858121,41.8928513],[12.48581,41.8928525],[12.4858085,41.892854],[12.4858077,41.8928559],[12.4858077,41.8928578],[12.4858085,41.8928597],[12.4858101,41.8928612],[12.4858125,41.8928624],[12.4858152,41.892863],[12.4858181,41.8928628],[12.4858207,41.8928618],[12.4858227,41.8928603]]]}},{"type":"Feature","properties":{"class":"ruin","name":null,"name:en":null},"geometry":{"type":"Polygon","coordinates":[[[12.4860434,41.8927319],[12.4860446,41.8927299],[12.4860449,41.8927278],[12.4860441,41.8927258],[12.4860425,41.892724],[12.4860404,41.8927229],[12.4860379,41.8927223],[12.4860354,41.8927223],[12.4860329,41.8927228],[12.4860308,41.892724],[12.4860293,41.8927255],[12.4860285,41.8927274],[12.4860285,41.8927293],[12.4860293,41.8927311],[12.4860308,41.8927327],[12.4860332,41.8927339],[12.4860359,41.8927345],[12.4860388,41.8927343],[12.4860414,41.8927334],[12.4860434,41.8927319]]]}},{"type":"Feature","properties":{"class":"ruin","name":null,"name:en":null},"geometry":{"type":"Polygon","coordinates":[[[12.4862848,41.8924916],[12.486286,41.8924897],[12.4862862,41.8924875],[12.4862854,41.8924855],[12.4862838,41.8924837],[12.4862817,41.8924826],[12.4862792,41.892482],[12.4862766,41.892482],[12.4862741,41.8924826],[12.486272,41.8924838],[12.4862705,41.8924853],[12.4862697,41.8924872],[12.4862697,41.8924891],[12.4862705,41.892491],[12.4862721,41.8924925],[12.4862744,41.8924937],[12.4862772,41.8924943],[12.4862801,41.8924941],[12.4862827,41.8924932],[12.4862848,41.8924916]]]}},{"type":"Feature","properties":{"class":"ruin","name":null,"name:en":null},"geometry":{"type":"Polygon","coordinates":[[[12.4859135,41.8927845],[12.4859147,41.8927826],[12.4859149,41.8927804],[12.4859142,41.8927784],[12.4859126,41.8927766],[12.4859105,41.8927755],[12.485908,41.8927749],[12.4859054,41.8927749],[12.485903,41.8927755],[12.4859009,41.8927766],[12.4858993,41.8927782],[12.4858985,41.89278],[12.4858985,41.8927819],[12.4858993,41.8927838],[12.4859009,41.8927853],[12.4859032,41.8927865],[12.485906,41.8927871],[12.4859088,41.8927869],[12.4859114,41.892786],[12.4859135,41.8927845]]]}},{"type":"Feature","properties":{"class":"ruin","name":null,"name:en":null},"geometry":{"type":"Polygon","coordinates":[[[12.4865489,41.8924492],[12.4865501,41.8924473],[12.4865503,41.8924451],[12.4865496,41.8924431],[12.486548,41.8924413],[12.4865459,41.8924402],[12.4865434,41.8924396],[12.4865408,41.8924396],[12.4865384,41.8924402],[12.4865363,41.8924413],[12.4865347,41.8924429],[12.4865339,41.8924447],[12.486534,41.8924466],[12.4865348,41.8924485],[12.4865363,41.89245],[12.4865386,41.8924512],[12.4865414,41.8924518],[12.4865442,41.8924516],[12.4865468,41.8924507],[12.4865489,41.8924492]]]}},{"type":"Feature","properties":{"class":"ruin","name":null,"name:en":null},"geometry":{"type":"Polygon","coordinates":[[[12.4860106,41.8926154],[12.4860118,41.8926134],[12.4860121,41.8926113],[12.4860113,41.8926093],[12.4860097,41.8926075],[12.4860076,41.8926064],[12.4860051,41.8926058],[12.4860025,41.8926057],[12.4860001,41.8926063],[12.485998,41.8926075],[12.4859964,41.892609],[12.4859956,41.8926109],[12.4859956,41.8926128],[12.4859964,41.8926147],[12.485998,41.8926162],[12.4860003,41.8926174],[12.4860031,41.892618],[12.486006,41.8926178],[12.4860086,41.8926169],[12.4860106,41.8926154]]]}},{"type":"Feature","properties":{"class":"ruin","name":null,"name:en":null},"geometry":{"type":"Polygon","coordinates":[[[12.4862267,41.8926486],[12.4862279,41.8926467],[12.4862282,41.8926445],[12.4862274,41.8926425],[12.4862258,41.8926407],[12.4862237,41.8926396],[12.4862212,41.892639],[12.4862186,41.892639],[12.4862161,41.8926396],[12.486214,41.8926408],[12.4862125,41.8926423],[12.4862117,41.8926442],[12.4862117,41.8926461],[12.4862125,41.892648],[12.4862141,41.8926495],[12.4862165,41.8926507],[12.4862192,41.8926513],[12.4862221,41.8926511],[12.4862247,41.8926501],[12.4862267,41.8926486]]]}},{"type":"Feature","properties":{"class":"ruin","name":null,"name:en":null},"geometry":{"type":"Polygon","coordinates":[[[12.4856637,41.8927473],[12.4856652,41.8927458],[12.485666,41.8927439],[12.485666,41.892742],[12.4856652,41.8927402],[12.4856637,41.8927386],[12.4856613,41.8927374],[12.4856585,41.8927368],[12.4856557,41.892737],[12.4856531,41.8927379],[12.485651,41.8927394],[12.4856498,41.8927414],[12.4856496,41.8927435],[12.4856503,41.8927456],[12.485652,41.8927473],[12.4856541,41.8927485],[12.4856565,41.8927491],[12.4856591,41.8927491],[12.4856616,41.8927485],[12.4856637,41.8927473]]]}},{"type":"Feature","properties":{"class":"ruin","name":null,"name:en":null},"geometry":{"type":"Polygon","coordinates":[[[12.4858003,41.8927133],[12.4858015,41.8927114],[12.4858018,41.8927093],[12.485801,41.8927072],[12.4857994,41.8927054],[12.4857972,41.8927043],[12.4857948,41.8927037],[12.4857921,41.8927037],[12.4857897,41.8927043],[12.4857876,41.8927055],[12.485786,41.892707],[12.4857852,41.8927089],[12.4857853,41.8927108],[12.4857861,41.8927127],[12.4857877,41.8927142],[12.48579,41.8927154],[12.4857928,41.892716],[12.4857957,41.8927158],[12.4857983,41.8927149],[12.4858003,41.8927133]]]}},{"type":"Feature","properties":{"class":"ruin","name":null,"name:en":null},"geometry":{"type":"Polygon","coordinates":[[[12.4863315,41.8924681],[12.4863327,41.8924662],[12.4863329,41.892464],[12.4863322,41.892462],[12.4863306,41.8924602],[12.4863284,41.8924591],[12.486326,41.8924585],[12.4863234,41.8924585],[12.4863209,41.8924591],[12.4863188,41.8924603],[12.4863173,41.8924618],[12.4863165,41.8924637],[12.4863165,41.8924656],[12.4863173,41.8924675],[12.4863189,41.892469],[12.4863213,41.8924702],[12.486324,41.8924708],[12.4863269,41.8924706],[12.4863295,41.8924696],[12.4863315,41.8924681]]]}},{"type":"Feature","properties":{"class":"ruin","name":null,"name:en":null},"geometry":{"type":"Polygon","coordinates":[[[12.4858703,41.8928042],[12.4858715,41.8928023],[12.4858718,41.8928002],[12.485871,41.8927981],[12.4858694,41.8927963],[12.4858672,41.8927952],[12.4858648,41.8927946],[12.4858622,41.8927946],[12.4858597,41.8927952],[12.4858576,41.8927964],[12.485856,41.8927979],[12.4858553,41.8927998],[12.4858553,41.8928017],[12.4858561,41.8928036],[12.4858577,41.8928051],[12.48586,41.8928063],[12.4858628,41.8928069],[12.4858657,41.8928067],[12.4858683,41.8928058],[12.4858703,41.8928042]]]}},{"type":"Feature","properties":{"class":"ruin","name":null,"name:en":null},"geometry":{"type":"Polygon","coordinates":[[[12.4859699,41.8926352],[12.4859712,41.8926333],[12.4859714,41.8926311],[12.4859707,41.8926291],[12.485969,41.8926273],[12.485967,41.8926262],[12.4859645,41.8926256],[12.4859619,41.8926256],[12.4859594,41.8926262],[12.4859573,41.8926273],[12.4859558,41.8926289],[12.485955,41.8926307],[12.485955,41.8926326],[12.4859558,41.8926345],[12.4859574,41.892636],[12.4859597,41.8926372],[12.4859625,41.8926378],[12.4859653,41.8926376],[12.4859679,41.8926367],[12.4859699,41.8926352]]]}},{"type":"Feature","properties":{"class":"ruin","name":null,"name:en":null},"geometry":{"type":"Polygon","coordinates":[[[12.4857448,41.8928354],[12.485746,41.8928335],[12.4857463,41.8928314],[12.4857456,41.8928293],[12.4857439,41.8928275],[12.4857419,41.8928264],[12.4857394,41.8928258],[12.4857368,41.8928258],[12.4857343,41.8928264],[12.4857322,41.8928275],[12.4857307,41.892829],[12.4857299,41.8928309],[12.4857299,41.8928328],[12.4857307,41.8928346],[12.4857322,41.8928362],[12.4857345,41.8928374],[12.4857373,41.892838],[12.4857402,41.8928378],[12.4857428,41.8928369],[12.4857448,41.8928354]]]}},{"type":"Feature","properties":{"class":"ruin","name":null,"name:en":null},"geometry":{"type":"Polygon","coordinates":[[[12.4861554,41.8925493],[12.4861566,41.8925474],[12.4861568,41.8925452],[12.4861561,41.8925432],[12.4861545,41.8925414],[12.4861523,41.8925403],[12.4861499,41.8925397],[12.4861473,41.8925397],[12.4861448,41.8925403],[12.4861427,41.8925415],[12.4861412,41.892543],[12.4861404,41.8925449],[12.4861404,41.8925468],[12.4861412,41.8925487],[12.4861428,41.8925502],[12.4861452,41.8925514],[12.4861479,41.892552],[12.4861508,41.8925518],[12.4861534,41.8925508],[12.4861554,41.8925493]]]}},{"type":"Feature","properties":{"class":"ruin","name":null,"name:en":null},"geometry":{"type":"Polygon","coordinates":[[[12.486417,41.8924293],[12.4864182,41.8924274],[12.4864184,41.8924253],[12.4864177,41.8924232],[12.486416,41.8924214],[12.4864139,41.8924203],[12.4864115,41.8924197],[12.4864088,41.8924197],[12.4864064,41.8924203],[12.4864043,41.8924215],[12.4864027,41.892423],[12.486402,41.8924249],[12.486402,41.8924268],[12.4864028,41.8924287],[12.4864044,41.8924302],[12.4864067,41.8924314],[12.4864095,41.892432],[12.4864124,41.8924318],[12.486415,41.8924308],[12.486417,41.8924293]]]}},{"type":"Feature","properties":{"class":"ruin","name":null,"name:en":null},"geometry":{"type":"Polygon","coordinates":[[[12.4858847,41.892677],[12.485886,41.8926751],[12.4858862,41.8926729],[12.4858855,41.8926709],[12.4858838,41.8926691],[12.4858818,41.892668],[12.4858793,41.8926674],[12.4858767,41.8926674],[12.4858742,41.892668],[12.4858721,41.8926691],[12.4858706,41.8926707],[12.4858698,41.8926725],[12.4858698,41.8926744],[12.4858706,41.8926763],[12.4858722,41.8926778],[12.4858745,41.892679],[12.4858773,41.8926796],[12.4858801,41.8926794],[12.4858827,41.8926785],[12.4858847,41.892677]]]}},{"type":"Feature","properties":{"class":"ruin","name":null,"name:en":null},"geometry":{"type":"Polygon","coordinates":[[[12.4861802,41.8927028],[12.4861814,41.8927009],[12.4861817,41.8926988],[12.486181,41.8926967],[12.4861793,41.8926949],[12.4861773,41.8926938],[12.4861748,41.8926932],[12.4861722,41.8926932],[12.4861697,41.8926938],[12.4861676,41.8926949],[12.4861661,41.8926964],[12.4861653,41.8926983],[12.4861653,41.8927002],[12.4861661,41.892702],[12.4861676,41.8927036],[12.4861699,41.8927048],[12.4861727,41.8927054],[12.4861756,41.8927052],[12.4861782,41.8927043],[12.4861802,41.8927028]]]}},{"type":"Feature","properties":{"class":"ruin","name":null,"name:en":null},"geometry":{"type":"Polygon","coordinates":[[[12.4864964,41.8925235],[12.4864976,41.8925216],[12.4864978,41.8925194],[12.4864971,41.8925174],[12.4864955,41.8925156],[12.4864934,41.8925145],[12.4864909,41.8925139],[12.4864883,41.8925139],[12.4864859,41.8925145],[12.4864838,41.8925156],[12.4864822,41.8925172],[12.4864814,41.892519],[12.4864814,41.8925209],[12.4864822,41.8925228],[12.4864838,41.8925243],[12.4864861,41.8925255],[12.4864889,41.8925261],[12.4864917,41.8925259],[12.4864943,41.892525],[12.4864964,41.8925235]]]}},{"type":"Feature","properties":{"class":"ruin","name":null,"name:en":null},"geometry":{"type":"Polygon","coordinates":[[[12.48584,41.892695],[12.4858413,41.8926931],[12.4858415,41.8926909],[12.4858408,41.8926889],[12.4858391,41.8926871],[12.4858371,41.892686],[12.4858346,41.8926854],[12.485832,41.8926854],[12.4858295,41.892686],[12.4858274,41.8926871],[12.4858259,41.8926887],[12.4858251,41.8926905],[12.4858251,41.8926924],[12.4858259,41.8926943],[12.4858275,41.8926958],[12.4858298,41.892697],[12.4858326,41.8926976],[12.4858354,41.8926974],[12.485838,41.8926965],[12.48584,41.892695]]]}},{"type":"Feature","properties":{"class":"ruin","name":null,"name:en":null},"geometry":{"type":"Polygon","coordinates":[[[12.4863607,41.8925859],[12.486361,41.8925837],[12.4863602,41.8925817],[12.4863586,41.8925799],[12.4863565,41.8925788],[12.486354,41.8925782],[12.4863514,41.8925782],[12.486349,41.8925788],[12.4863469,41.8925799],[12.4863453,41.8925815],[12.4863445,41.8925833],[12.4863445,41.8925852],[12.4863453,41.8925871],[12.4863469,41.8925886],[12.4863492,41.8925898],[12.486352,41.8925904],[12.4863549,41.8925902],[12.4863575,41.8925893],[12.4863595,41.8925878],[12.4863607,41.8925859]]]}},{"type":"Feature","properties":{"class":"ruin","name":null,"name:en":null},"geometry":{"type":"Polygon","coordinates":[[[12.4861412,41.8926851],[12.4861414,41.8926829],[12.4861407,41.8926809],[12.4861391,41.8926791],[12.486137,41.892678],[12.4861345,41.8926774],[12.4861319,41.8926774],[12.4861294,41.892678],[12.4861273,41.8926791],[12.4861258,41.8926807],[12.486125,41.8926825],[12.486125,41.8926844],[12.4861258,41.8926863],[12.4861274,41.8926878],[12.4861297,41.892689],[12.4861325,41.8926896],[12.4861353,41.8926894],[12.4861379,41.8926885],[12.48614,41.892687],[12.4861412,41.8926851]]]}},{"type":"Feature","properties":{"class":"ruin","name":null,"name:en":null},"geometry":{"type":"Polygon","coordinates":[[[12.4863741,41.8924465],[12.4863744,41.8924443],[12.4863736,41.8924423],[12.486372,41.8924405],[12.4863699,41.8924394],[12.4863674,41.8924388],[12.4863648,41.8924388],[12.4863624,41.8924394],[12.4863603,41.8924405],[12.4863587,41.8924421],[12.4863579,41.8924439],[12.4863579,41.8924458],[12.4863587,41.8924477],[12.4863603,41.8924492],[12.4863626,41.8924504],[12.4863654,41.892451],[12.4863683,41.8924508],[12.4863709,41.8924499],[12.4863729,41.8924484],[12.4863741,41.8924465]]]}},{"type":"Feature","properties":{"class":"ruin","name":null,"name:en":null},"geometry":{"type":"Polygon","coordinates":[[[12.4861229,41.8927284],[12.4861232,41.8927263],[12.4861225,41.8927242],[12.4861208,41.8927224],[12.4861188,41.8927213],[12.4861163,41.8927207],[12.4861137,41.8927207],[12.4861112,41.8927213],[12.4861091,41.8927224],[12.4861076,41.8927239],[12.4861068,41.8927258],[12.4861068,41.8927277],[12.4861076,41.8927295],[12.4861091,41.8927311],[12.4861114,41.8927323],[12.4861142,41.8927329],[12.4861171,41.8927327],[12.4861197,41.8927318],[12.4861217,41.8927303],[12.4861229,41.8927284]]]}},{"type":"Feature","properties":{"class":"ruin","name":null,"name:en":null},"geometry":{"type":"Polygon","coordinates":[[[12.4861852,41.8926648],[12.4861855,41.8926627],[12.4861848,41.8926606],[12.4861831,41.8926588],[12.4861811,41.8926577],[12.4861786,41.8926571],[12.486176,41.8926571],[12.4861735,41.8926577],[12.4861714,41.8926588],[12.4861699,41.8926603],[12.4861691,41.8926622],[12.4861691,41.8926641],[12.4861699,41.8926659],[12.4861714,41.8926675],[12.4861737,41.8926687],[12.4861765,41.8926693],[12.4861794,41.8926691],[12.486182,41.8926682],[12.486184,41.8926667],[12.4861852,41.8926648]]]}},{"type":"Feature","properties":{"class":"ruin","name":null,"name:en":null},"geometry":{"type":"Polygon","coordinates":[[[12.4857137,41.8927472],[12.4857139,41.892745],[12.4857132,41.892743],[12.4857116,41.8927412],[12.4857095,41.8927401],[12.485707,41.8927395],[12.4857044,41.8927395],[12.4857019,41.8927401],[12.4856998,41.8927412],[12.4856983,41.8927428],[12.4856975,41.8927446],[12.4856975,41.8927465],[12.4856983,41.8927484],[12.4856999,41.8927499],[12.4857022,41.8927512],[12.485705,41.8927517],[12.4857078,41.8927515],[12.4857104,41.8927506],[12.4857124,41.8927491],[12.4857137,41.8927472]]]}},{"type":"Feature","properties":{"class":"ruin","name":null,"name:en":null},"geometry":{"type":"Polygon","coordinates":[[[12.4865308,41.892421],[12.486531,41.8924188],[12.4865303,41.8924168],[12.4865287,41.892415],[12.4865266,41.8924139],[12.4865241,41.8924133],[12.4865215,41.8924133],[12.486519,41.8924139],[12.4865169,41.892415],[12.4865154,41.8924166],[12.4865146,41.8924184],[12.4865146,41.8924203],[12.4865154,41.8924222],[12.486517,41.8924237],[12.4865193,41.8924249],[12.4865221,41.8924255],[12.4865249,41.8924253],[12.4865275,41.8924244],[12.4865295,41.8924229],[12.4865308,41.892421]]]}},{"type":"Feature","properties":{"class":"ruin","name":null,"name:en":null},"geometry":{"type":"Polygon","coordinates":[[[12.4858285,41.8928223],[12.4858287,41.8928201],[12.485828,41.8928181],[12.4858264,41.8928163],[12.4858243,41.8928152],[12.4858218,41.8928146],[12.4858192,41.8928146],[12.4858167,41.8928152],[12.4858146,41.8928163],[12.4858131,41.8928179],[12.4858123,41.8928197],[12.4858123,41.8928216],[12.4858131,41.8928235],[12.4858147,41.892825],[12.485817,41.8928263],[12.4858198,41.8928268],[12.4858226,41.8928266],[12.4858252,41.8928257],[12.4858272,41.8928242],[12.4858285,41.8928223]]]}},{"type":"Feature","properties":{"class":"ruin","name":null,"name:en":null},"geometry":{"type":"Polygon","coordinates":[[[12.4863538,41.892621],[12.486354,41.8926188],[12.4863533,41.8926168],[12.4863517,41.892615],[12.4863496,41.8926139],[12.4863471,41.8926133],[12.4863445,41.8926133],[12.486342,41.8926139],[12.4863399,41.892615],[12.4863384,41.8926166],[12.4863376,41.8926184],[12.4863376,41.8926203],[12.4863384,41.8926222],[12.48634,41.8926237],[12.4863423,41.892625],[12.4863451,41.8926255],[12.4863479,41.8926253],[12.4863505,41.8926244],[12.4863525,41.8926229],[12.4863538,41.892621]]]}},{"type":"Feature","properties":{"class":"ruin","name":null,"name:en":null},"geometry":{"type":"Polygon","coordinates":[[[12.4864067,41.892563],[12.4864069,41.8925608],[12.4864062,41.8925588],[12.4864046,41.892557],[12.4864025,41.8925559],[12.4864,41.8925553],[12.4863974,41.8925553],[12.4863949,41.8925559],[12.4863928,41.892557],[12.4863913,41.8925586],[12.4863905,41.8925604],[12.4863905,41.8925623],[12.4863913,41.8925642],[12.4863929,41.8925657],[12.4863952,41.8925669],[12.486398,41.8925675],[12.4864008,41.8925673],[12.4864034,41.8925664],[12.4864055,41.8925649],[12.4864067,41.892563]]]}},{"type":"Feature","properties":{"class":"ruin","name":null,"name:en":null},"geometry":{"type":"Polygon","coordinates":[[[12.4860863,41.8927046],[12.4860866,41.8927025],[12.4860859,41.8927004],[12.4860842,41.8926986],[12.4860822,41.8926975],[12.4860797,41.8926969],[12.4860771,41.8926969],[12.4860746,41.8926975],[12.4860725,41.8926986],[12.486071,41.8927001],[12.4860702,41.892702],[12.4860702,41.8927039],[12.486071,41.8927057],[12.4860725,41.8927073],[12.4860748,41.8927085],[12.4860776,41.8927091],[12.4860805,41.8927089],[12.4860831,41.892708],[12.4860851,41.8927065],[12.4860863,41.8927046]]]}},{"type":"Feature","properties":{"class":"ruin","name":null,"name:en":null},"geometry":{"type":"Polygon","coordinates":[[[12.4859557,41.8927646],[12.485956,41.8927625],[12.4859553,41.8927604],[12.4859536,41.8927586],[12.4859516,41.8927575],[12.4859491,41.8927569],[12.4859465,41.8927569],[12.485944,41.8927575],[12.4859419,41.8927586],[12.4859404,41.8927601],[12.4859396,41.892762],[12.4859396,41.8927639],[12.4859404,41.8927657],[12.4859419,41.8927673],[12.4859442,41.8927685],[12.485947,41.8927691],[12.4859499,41.8927689],[12.4859525,41.892768],[12.4859545,41.8927665],[12.4859557,41.8927646]]]}},{"type":"Feature","properties":{"class":"ruin","name":null,"name:en":null},"geometry":{"type":"Polygon","coordinates":[[[12.4859299,41.8926559],[12.4859302,41.8926537],[12.4859294,41.8926517],[12.4859278,41.8926499],[12.4859257,41.8926488],[12.4859232,41.8926482],[12.4859206,41.8926482],[12.4859182,41.8926488],[12.4859161,41.8926499],[12.4859145,41.8926515],[12.4859137,41.8926533],[12.4859137,41.8926552],[12.4859145,41.8926571],[12.4859161,41.8926586],[12.4859184,41.8926598],[12.4859212,41.8926604],[12.4859241,41.8926602],[12.4859267,41.8926593],[12.4859287,41.8926578],[12.4859299,41.8926559]]]}},{"type":"Feature","properties":{"class":"ruin","name":null,"name:en":null},"geometry":{"type":"Polygon","coordinates":[[[12.4865792,41.892482],[12.4865795,41.8924799],[12.4865787,41.8924778],[12.4865771,41.8924761],[12.486575,41.8924749],[12.4865726,41.8924743],[12.48657,41.8924743],[12.4865675,41.8924749],[12.4865654,41.892476],[12.4865638,41.8924776],[12.486563,41.8924794],[12.486563,41.8924813],[12.4865638,41.8924832],[12.4865653,41.8924847],[12.4865677,41.892486],[12.4865705,41.8924865],[12.4865733,41.8924863],[12.4865759,41.8924854],[12.486578,41.8924839],[12.4865792,41.892482]]]}},{"type":"Feature","properties":{"class":"ruin","name":null,"name:en":null},"geometry":{"type":"Polygon","coordinates":[[[12.4861111,41.8925692],[12.4861114,41.892567],[12.4861106,41.892565],[12.486109,41.8925632],[12.4861069,41.8925621],[12.4861044,41.8925615],[12.4861018,41.8925615],[12.4860994,41.8925621],[12.4860973,41.8925632],[12.4860957,41.8925648],[12.4860949,41.8925666],[12.4860949,41.8925685],[12.4860957,41.8925704],[12.4860973,41.8925719],[12.4860996,41.8925731],[12.4861024,41.8925737],[12.4861053,41.8925735],[12.4861079,41.8925726],[12.4861099,41.8925711],[12.4861111,41.8925692]]]}},{"type":"Feature","properties":{"class":"ruin","name":null,"name:en":null},"geometry":{"type":"Polygon","coordinates":[[[12.4857588,41.8927292],[12.485759,41.892727],[12.4857583,41.892725],[12.4857567,41.8927232],[12.4857546,41.8927221],[12.4857521,41.8927215],[12.4857495,41.8927215],[12.485747,41.8927221],[12.4857449,41.8927232],[12.4857434,41.8927248],[12.4857426,41.8927266],[12.4857426,41.8927285],[12.4857434,41.8927304],[12.485745,41.8927319],[12.4857473,41.8927332],[12.4857501,41.8927337],[12.4857529,41.8927335],[12.4857555,41.8927326],[12.4857576,41.8927311],[12.4857588,41.8927292]]]}},{"type":"Feature","properties":{"class":"ruin","name":null,"name:en":null},"geometry":{"type":"Polygon","coordinates":[[[12.4862737,41.8926256],[12.486274,41.8926235],[12.4862733,41.8926214],[12.4862716,41.8926196],[12.4862696,41.8926185],[12.4862671,41.8926179],[12.4862645,41.8926179],[12.486262,41.8926185],[12.4862599,41.8926196],[12.4862584,41.8926211],[12.4862576,41.892623],[12.4862576,41.8926249],[12.4862584,41.8926267],[12.4862599,41.8926283],[12.4862622,41.8926295],[12.486265,41.8926301],[12.4862679,41.8926299],[12.4862705,41.892629],[12.4862725,41.8926275],[12.4862737,41.8926256]]]}},{"type":"Feature","properties":{"class":"ruin","name":"Tempio del Divo Giulio","name:en":"Temple of Divus Iulius"},"geometry":{"type":"Polygon","coordinates":[[[12.4859209,41.8922506],[12.4862809,41.8920627],[12.4862828,41.8920125],[12.4861623,41.8918582],[12.4858844,41.8919764],[12.4858473,41.8919352],[12.4857112,41.8919842],[12.4859209,41.8922506]]]}},{"type":"Feature","properties":{"class":"ruin","name":"Necropoli arcaica","name:en":null},"geometry":{"type":"Polygon","coordinates":[[[12.4867916,41.8920899],[12.4867763,41.8920378],[12.4869353,41.8919796],[12.4869693,41.891978],[12.4869138,41.8919114],[12.4868928,41.8918791],[12.4866603,41.8919883],[12.4867396,41.8920269],[12.4867916,41.8920899]]]}},{"type":"Feature","properties":{"class":"public","name":"Basilica di Santa Maria Maggiore","name:en":"Basilica of Saint Mary Major"},"geometry":{"type":"Polygon","coordinates":[[[12.4981178,41.8979203],[12.4981777,41.8979748],[12.4981632,41.8979828],[12.4982094,41.8980247],[12.4982263,41.8980142],[12.4983424,41.8981163],[12.498477,41.8980293],[12.4985065,41.898011],[12.4985405,41.8980413],[12.4986889,41.897949],[12.4986454,41.8979103],[12.4986855,41.8978853],[12.4986085,41.8978168],[12.4986686,41.8977799],[12.4987599,41.8977239],[12.4988086,41.8976944],[12.4988455,41.8977281],[12.4989167,41.8977917],[12.4990355,41.8977186],[12.4991371,41.8976573],[12.4991453,41.8976523],[12.4991479,41.8976026],[12.4991504,41.8975529],[12.4990409,41.8974542],[12.4990264,41.8974421],[12.499001,41.8974195],[12.4990139,41.8974126],[12.498987,41.8973889],[12.4989514,41.8973579],[12.4988687,41.8972859],[12.4988459,41.897266],[12.4988175,41.8972413],[12.4988056,41.897248],[12.4987508,41.8971987],[12.4986412,41.8971052],[12.4985386,41.8971006],[12.4984317,41.8971673],[12.4982247,41.8972988],[12.4981284,41.8973631],[12.4981136,41.8973726],[12.498049,41.8973647],[12.4980321,41.8973756],[12.4978973,41.8974614],[12.497883,41.8974717],[12.4978825,41.8975213],[12.4977648,41.8976012],[12.497883,41.8977066],[12.4978636,41.8977188],[12.4979111,41.8977609],[12.497927,41.8977495],[12.4979771,41.897794],[12.4979526,41.8978174],[12.4979435,41.8978377],[12.4979422,41.8978638],[12.4979524,41.8978896],[12.4979704,41.8979094],[12.4979952,41.8979245],[12.4980295,41.8979346],[12.4980661,41.8979358],[12.498098,41.8979291],[12.4981178,41.8979203]]]}},{"type":"Feature","properties":{"class":"public","name":"San Giacomo alla Lungara","name:en":null},"geometry":{"type":"Polygon","coordinates":[[[12.4658264,41.8949625],[12.4658849,41.8948868],[12.4661352,41.8950446],[12.4660589,41.8951066],[12.4660336,41.8950921],[12.4660504,41.8950776],[12.4660081,41.8950531],[12.4659964,41.8950617],[12.4658264,41.8949625]]]}},{"type":"Feature","properties":{"class":"ruin","name":"Tempio di Apollo","name:en":null},"geometry":{"type":"Polygon","coordinates":[[[12.4854719,41.8887584],[12.4854867,41.8887435],[12.4854612,41.8887239],[12.4854779,41.8887114],[12.4855026,41.8887265],[12.4855246,41.8887094],[12.4855008,41.8886956],[12.4855176,41.8886838],[12.485537,41.8886976],[12.4855599,41.8886812],[12.4855423,41.8886687],[12.4855625,41.8886576],[12.4855775,41.88867],[12.4855872,41.8886641],[12.4856022,41.8886786],[12.4855793,41.888695],[12.4855899,41.8887035],[12.4856163,41.8886851],[12.4856577,41.8887212],[12.485648,41.8887389],[12.4856339,41.8887508],[12.4856613,41.8887704],[12.4856983,41.8887449],[12.4856903,41.888737],[12.4857265,41.8887147],[12.4857353,41.888721],[12.4859142,41.8888479],[12.4859169,41.8888623],[12.4859019,41.8888643],[12.4858781,41.8888741],[12.4858631,41.8888853],[12.4858428,41.8888899],[12.485827,41.8889017],[12.4858164,41.8889168],[12.4857917,41.8889299],[12.4857776,41.8889384],[12.4857586,41.8889506],[12.4857509,41.8889454],[12.4855855,41.8888336],[12.4856481,41.8887824],[12.4855397,41.8887102],[12.4854851,41.8887588],[12.4854746,41.8887597],[12.4854719,41.8887584]]]}},{"type":"Feature","properties":{"class":"ruin","name":null,"name:en":null},"geometry":{"type":"Polygon","coordinates":[[[12.4954203,41.8638988],[12.4955878,41.8639103],[12.495813,41.8638558],[12.4960382,41.8636049],[12.4955416,41.8635333],[12.4955223,41.8635576],[12.4954203,41.8638988]]]}},{"type":"Feature","properties":{"class":"ruin","name":null,"name:en":null},"geometry":{"type":"Polygon","coordinates":[[[12.5107158,41.8605961],[12.510777,41.8606021],[12.5107876,41.8606397],[12.5107477,41.8606714],[12.5106866,41.8606337],[12.5107158,41.8605961]]]}},{"type":"Feature","properties":{"class":"public","name":"Oratorio di Sant'Andrea","name:en":null},"geometry":{"type":"Polygon","coordinates":[[[12.4910576,41.8861039],[12.4910787,41.8860556],[12.491104,41.8859978],[12.4911701,41.8859845],[12.4911578,41.8860112],[12.4913317,41.886053],[12.4913309,41.8860598],[12.491343,41.8860637],[12.4913256,41.8861383],[12.4913119,41.8861372],[12.4913112,41.8861457],[12.4911691,41.8861241],[12.49111,41.8861152],[12.4910986,41.8861446],[12.4910576,41.8861039]]]}},{"type":"Feature","properties":{"class":"public","name":"Oratorio di Santa Silvia","name:en":null},"geometry":{"type":"Polygon","coordinates":[[[12.4912094,41.8859767],[12.4912243,41.8859707],[12.4912357,41.8859614],[12.4912425,41.8859499],[12.4912439,41.8859374],[12.4912398,41.8859252],[12.4912306,41.8859146],[12.4912173,41.8859068],[12.4912013,41.8859027],[12.4911844,41.8859027],[12.4910379,41.8859315],[12.4910622,41.8860061],[12.491104,41.8859978],[12.4911701,41.8859845],[12.4912094,41.8859767]]]}},{"type":"Feature","properties":{"class":"public","name":"Oratorio di Santa Barbara","name:en":null},"geometry":{"type":"Polygon","coordinates":[[[12.4911032,41.8862706],[12.4911472,41.8861756],[12.4910986,41.8861446],[12.4910576,41.8861039],[12.4910303,41.886075],[12.4909453,41.8861366],[12.491049,41.8862246],[12.4911032,41.8862706]]]}},{"type":"Feature","properties":{"class":"ruin","name":null,"name:en":null},"geometry":{"type":"Polygon","coordinates":[[[12.4859578,41.8936305],[12.4857175,41.8937731],[12.4856353,41.8936957],[12.4858301,41.8935146],[12.4859578,41.8936305]]]}},{"type":"Feature","properties":{"class":"public","name":"Basilica di San Pancrazio","name:en":null},"geometry":{"type":"Polygon","coordinates":[[[12.4540933,41.884696],[12.4536039,41.8849729],[12.4536775,41.8850373],[12.4536483,41.8850583],[12.4536447,41.8850922],[12.453665,41.8851266],[12.4537059,41.8851458],[12.4537513,41.8851441],[12.4537802,41.8851292],[12.4538331,41.8851862],[12.4538423,41.8851812],[12.4543301,41.8849061],[12.4540933,41.884696]]]}},{"type":"Feature","properties":{"class":"public","name":"Cappella dei Pamphili","name:en":null},"geometry":{"type":"Polygon","coordinates":[[[12.4507772,41.8856441],[12.4508805,41.8856201],[12.4508268,41.8855003],[12.4508067,41.8855053],[12.4507932,41.8854974],[12.4507716,41.8854975],[12.4507475,41.8855056],[12.4507462,41.8855183],[12.450726,41.8855243],[12.4507772,41.8856441]]]}},{"type":"Feature","properties":{"class":"public","name":"Chiesa di Santa Maria in Dominica alla Navicella","name:en":null},"geometry":{"type":"Polygon","coordinates":[[[12.495295,41.8847796],[12.4954194,41.8848147],[12.4954353,41.8847834],[12.4953791,41.8847676],[12.4953888,41.8847485],[12.4954243,41.8847585],[12.4954341,41.8847583],[12.4954408,41.884753],[12.4954405,41.8847457],[12.4954321,41.8847416],[12.4954334,41.8847407],[12.495454,41.8847465],[12.4954703,41.8847511],[12.4956525,41.8848025],[12.4956968,41.884815],[12.4957924,41.8846272],[12.495749,41.884615],[12.4956491,41.8845868],[12.4953671,41.8845073],[12.4953381,41.8845642],[12.4953295,41.8845649],[12.4953125,41.8845705],[12.4952988,41.8845799],[12.4952895,41.8845919],[12.4952858,41.8846054],[12.4952878,41.8846192],[12.4952954,41.8846318],[12.4953013,41.8846366],[12.4952509,41.8847357],[12.4952763,41.8847428],[12.495309,41.8847521],[12.495295,41.8847796]]]}},{"type":"Feature","properties":{"class":"ruin","name":"Porta Caelimontana","name:en":null},"geometry":{"type":"Polygon","coordinates":[[[12.4951227,41.8855976],[12.4951773,41.8856376],[12.4951911,41.8856485],[12.4952318,41.8856246],[12.4951854,41.8855803],[12.4951715,41.8855675],[12.4951227,41.8855976]]]}},{"type":"Feature","properties":{"class":"public","name":"Santa Maria delle Grazie al Trionfale","name:en":null},"geometry":{"type":"Polygon","coordinates":[[[12.4486158,41.9070774],[12.448701,41.9071217],[12.4488285,41.9071864],[12.4489655,41.9072558],[12.4491073,41.9073277],[12.4493045,41.9071127],[12.4492289,41.9070743],[12.4492595,41.9070408],[12.4491742,41.9069975],[12.449144,41.9070304],[12.4489884,41.9069513],[12.4490316,41.9069042],[12.4489595,41.9068676],[12.4489217,41.9069089],[12.4488181,41.9068563],[12.4487972,41.9068582],[12.4487793,41.9068626],[12.448766,41.9068709],[12.4487579,41.9068842],[12.448755,41.9069026],[12.4487587,41.9069209],[12.4487378,41.9069171],[12.4487177,41.9069173],[12.4486967,41.9069216],[12.4486801,41.9069286],[12.4486643,41.90694],[12.4486536,41.9069533],[12.4486469,41.9069729],[12.4486494,41.9069935],[12.4486584,41.9070092],[12.4486713,41.907022],[12.4486478,41.9070221],[12.4486296,41.9070283],[12.4486166,41.9070389],[12.4486103,41.9070505],[12.4486098,41.9070649],[12.4486158,41.9070774]]]}},{"type":"Feature","properties":{"class":"public","name":"Nostra Signora della Salette","name:en":null},"geometry":{"type":"Polygon","coordinates":[[[12.4492586,41.8757261],[12.4492782,41.8756567],[12.4492701,41.8756447],[12.4491776,41.8756317],[12.4491709,41.8756207],[12.4491682,41.8756107],[12.4491673,41.8755983],[12.4491655,41.8755873],[12.4491592,41.8755745],[12.4491519,41.8755657],[12.449135,41.8755538],[12.4491221,41.8755485],[12.4491075,41.8755452],[12.4490869,41.8755442],[12.4490687,41.875547],[12.449048,41.8755551],[12.4490381,41.8755617],[12.4490265,41.875574],[12.4490219,41.8755821],[12.4490153,41.8755918],[12.4490046,41.8755928],[12.4489985,41.8755806],[12.4489968,41.8755712],[12.4489896,41.8755562],[12.4489809,41.8755464],[12.4489711,41.875539],[12.4489583,41.8755324],[12.4489437,41.8755278],[12.4489216,41.8755251],[12.4489044,41.8755264],[12.4488856,41.8755312],[12.4488736,41.8755368],[12.4488601,41.8755464],[12.4488499,41.8755583],[12.4488445,41.8755698],[12.4488424,41.8755853],[12.4488467,41.8756023],[12.4488513,41.8756103],[12.4488592,41.8756193],[12.448867,41.8756257],[12.4489013,41.8756477],[12.4488919,41.8756577],[12.4488474,41.8756377],[12.4488298,41.875632],[12.448804,41.875629],[12.4487833,41.8756305],[12.4487613,41.8756361],[12.4487465,41.8756429],[12.4487307,41.8756542],[12.4487187,41.8756683],[12.4487121,41.8756823],[12.4487096,41.8757007],[12.4487145,41.8757203],[12.4487204,41.8757303],[12.4487295,41.8757409],[12.4487391,41.8757486],[12.4487562,41.875758],[12.4487709,41.8757631],[12.448795,41.8757671],[12.4488266,41.875765],[12.4488615,41.87576],[12.4488633,41.8757786],[12.448828,41.875786],[12.4488092,41.8757909],[12.4487971,41.8757964],[12.4487837,41.875806],[12.4487735,41.8758179],[12.448768,41.8758294],[12.448766,41.875845],[12.4487702,41.8758619],[12.4487749,41.87587],[12.4487827,41.8758789],[12.4487906,41.8758853],[12.4488053,41.8758934],[12.4488172,41.8758975],[12.4488375,41.8759008],[12.4488642,41.875899],[12.4488892,41.8758903],[12.4489023,41.8758815],[12.4489145,41.8758679],[12.4489228,41.8758634],[12.4489335,41.8758634],[12.4489402,41.8758674],[12.4489434,41.8758823],[12.4489481,41.8758993],[12.4489557,41.8759104],[12.4489681,41.8759211],[12.448983,41.8759287],[12.4489918,41.8759316],[12.4490036,41.8759341],[12.449021,41.875935],[12.4490386,41.8759328],[12.4490466,41.8759307],[12.449059,41.8759257],[12.449075,41.8759149],[12.4490872,41.8758992],[12.4490971,41.8758833],[12.4491052,41.8758754],[12.4492124,41.8758893],[12.4492366,41.8758037],[12.4493061,41.8758145],[12.449328,41.8757369],[12.4492586,41.8757261]]]}},{"type":"Feature","properties":{"class":"public","name":"Aula Parco","name:en":null},"geometry":{"type":"Polygon","coordinates":[[[12.4803496,41.8634391],[12.4803739,41.8637014],[12.4805376,41.863693],[12.4805133,41.8634307],[12.4803496,41.8634391]]]}},{"type":"Feature","properties":{"class":"public","name":"Chiesa di Santa Paola Romana","name:en":null},"geometry":{"type":"Polygon","coordinates":[[[12.4428798,41.913491],[12.4429509,41.9134995],[12.443028,41.9135088],[12.443053,41.9133902],[12.4430971,41.913183],[12.4429489,41.9131656],[12.4428798,41.913491]]]}},{"type":"Feature","properties":{"class":"public","name":"San Crisogono","name:en":null},"geometry":{"type":"Polygon","coordinates":[[[12.473709,41.8892267],[12.4733768,41.8892566],[12.4731626,41.8892758],[12.473122,41.8890485],[12.4731123,41.8889941],[12.4732432,41.8889793],[12.473617,41.888937],[12.4736279,41.888994],[12.4738751,41.8889777],[12.4739079,41.889209],[12.4738036,41.8892184],[12.4738092,41.8892626],[12.4737159,41.8892705],[12.473709,41.8892267]]]}},{"type":"Feature","properties":{"class":"public","name":"Basilica di San Marco","name:en":null},"geometry":{"type":"Polygon","coordinates":[[[12.4815474,41.895772],[12.4815108,41.8958746],[12.4814609,41.8960144],[12.4813796,41.8959983],[12.4813053,41.8962064],[12.4813765,41.8962205],[12.4813497,41.8962956],[12.4814448,41.8963144],[12.4814715,41.8962397],[12.4815931,41.8962638],[12.4817175,41.8959153],[12.4817516,41.895922],[12.4817882,41.8958197],[12.4816712,41.8957965],[12.4815474,41.895772]]]}},{"type":"Feature","properties":{"class":"public","name":"Santa Maria di Loreto","name:en":null},"geometry":{"type":"Polygon","coordinates":[[[12.4837601,41.8960903],[12.4838743,41.8959355],[12.483776,41.8958953],[12.4836805,41.8958563],[12.4836609,41.8958483],[12.4836148,41.895913],[12.4835434,41.8960134],[12.4837601,41.8960903]]]}},{"type":"Feature","properties":{"class":"ruin","name":null,"name:en":null},"geometry":{"type":"Polygon","coordinates":[[[12.4950128,41.8900673],[12.4949871,41.8900753],[12.4949882,41.890081],[12.4949976,41.890079],[12.4950128,41.8901204],[12.4949853,41.8901219],[12.494985,41.8901285],[12.4949956,41.8901282],[12.4949964,41.8901326],[12.4950178,41.8901256],[12.4950222,41.8901191],[12.495007,41.8900764],[12.4950154,41.8900712],[12.4950128,41.8900673]]]}},{"type":"Feature","properties":{"class":"ruin","name":null,"name:en":null},"geometry":{"type":"Polygon","coordinates":[[[12.4954493,41.8901163],[12.4954562,41.8901149],[12.4954539,41.8901087],[12.4954317,41.8901133],[12.4954339,41.8901195],[12.495442,41.8901178],[12.4954569,41.8901583],[12.4954172,41.8901664],[12.4954023,41.8901257],[12.4954094,41.8901243],[12.4954068,41.8901171],[12.4953794,41.8901226],[12.495382,41.8901298],[12.4953906,41.8901281],[12.495406,41.89017],[12.4953653,41.8901783],[12.4953495,41.8901353],[12.4953586,41.8901334],[12.4953557,41.8901256],[12.4953241,41.890132],[12.495327,41.8901399],[12.4953397,41.8901373],[12.4953558,41.8901811],[12.4953072,41.890191],[12.4952912,41.8901476],[12.4953051,41.8901447],[12.4953023,41.8901369],[12.4952658,41.8901443],[12.4952687,41.8901522],[12.4952803,41.8901498],[12.4952965,41.8901936],[12.495291,41.8901948],[12.4952948,41.8902052],[12.4954788,41.8901678],[12.4954743,41.8901556],[12.4954644,41.8901576],[12.4954493,41.8901163]]]}},{"type":"Feature","properties":{"class":"ruin","name":null,"name:en":null},"geometry":{"type":"Polygon","coordinates":[[[12.4952354,41.8899174],[12.4952758,41.8899269],[12.4952705,41.8899343],[12.4952453,41.8899287],[12.4952313,41.8899491],[12.4952582,41.8899605],[12.4952682,41.8899701],[12.4952875,41.8899457],[12.4952968,41.8899226],[12.4952968,41.8899143],[12.495243,41.889906],[12.4952465,41.8898969],[12.4953021,41.8899056],[12.4953085,41.8898838],[12.4953114,41.8898673],[12.4953226,41.8898686],[12.495322,41.889879],[12.4953465,41.8898864],[12.4953413,41.8898978],[12.4953243,41.8898956],[12.4953173,41.8899182],[12.4953044,41.8899487],[12.4952857,41.8899775],[12.4952635,41.8900027],[12.4952383,41.8900262],[12.4951933,41.8900585],[12.4951646,41.8900759],[12.4951137,41.8900998],[12.4950862,41.8901077],[12.4950424,41.8901177],[12.4950231,41.8900632],[12.4950424,41.8900585],[12.4950728,41.890048],[12.4951207,41.8900245],[12.4951547,41.890004],[12.4951623,41.8900084],[12.4951787,41.8899953],[12.4951716,41.889991],[12.4951962,41.8899696],[12.495219,41.8899422],[12.4952354,41.8899174]]]}},{"type":"Feature","properties":{"class":"ruin","name":null,"name:en":null},"geometry":{"type":"Polygon","coordinates":[[[12.4952122,41.8901632],[12.4952253,41.8901608],[12.4952398,41.8902043],[12.4951924,41.8902131],[12.4951781,41.8901702],[12.4951897,41.8901681],[12.4951873,41.8901608],[12.4951532,41.8901671],[12.4951557,41.8901744],[12.4951677,41.8901722],[12.495182,41.890215],[12.4951352,41.8902237],[12.4951207,41.8901802],[12.4951331,41.8901779],[12.4951305,41.8901703],[12.4950914,41.8901776],[12.4950939,41.8901852],[12.4951094,41.8901823],[12.4951242,41.8902265],[12.4950717,41.8902362],[12.4950572,41.8901928],[12.4950704,41.8901903],[12.4950678,41.8901825],[12.4950372,41.8901882],[12.4950398,41.890196],[12.495048,41.8901945],[12.4950689,41.8902572],[12.4950775,41.8902556],[12.4950739,41.890245],[12.4952589,41.8902107],[12.4952563,41.8902031],[12.4952494,41.8902044],[12.4952343,41.8901591],[12.4952445,41.8901572],[12.4952422,41.8901501],[12.4952304,41.8901523],[12.4952279,41.8901447],[12.495218,41.8901466],[12.4952205,41.8901541],[12.4952098,41.8901561],[12.4952122,41.8901632]]]}},{"type":"Feature","properties":{"class":"ruin","name":null,"name:en":null},"geometry":{"type":"Polygon","coordinates":[[[12.4946706,41.8903231],[12.4946697,41.8903202],[12.4949467,41.8902694],[12.4949483,41.8902742],[12.4949616,41.8902717],[12.4949585,41.8902624],[12.4949416,41.8902116],[12.4949537,41.8902094],[12.4949515,41.8902029],[12.4949108,41.8902103],[12.4949131,41.8902172],[12.4949315,41.8902138],[12.4949467,41.8902596],[12.494891,41.8902698],[12.494876,41.8902243],[12.4948881,41.8902222],[12.4948858,41.8902156],[12.49485,41.8902222],[12.494852,41.8902287],[12.4948662,41.8902261],[12.4948813,41.8902716],[12.4948427,41.8902787],[12.4948356,41.89028],[12.4948207,41.8902348],[12.494836,41.890232],[12.494834,41.8902257],[12.4947949,41.8902328],[12.4947969,41.8902386],[12.4948103,41.8902361],[12.4948258,41.890283],[12.4947797,41.8902915],[12.4947643,41.8902449],[12.4947761,41.8902428],[12.4947742,41.8902373],[12.4947378,41.8902439],[12.4947396,41.8902495],[12.494753,41.8902471],[12.4947685,41.8902939],[12.4947237,41.8903021],[12.4947084,41.890256],[12.494719,41.8902539],[12.4947172,41.8902482],[12.4946817,41.8902548],[12.4946836,41.8902602],[12.4946972,41.8902577],[12.494713,41.8903056],[12.4946657,41.8903143],[12.49465,41.8902667],[12.4946607,41.8902648],[12.4946589,41.8902596],[12.494622,41.8902664],[12.4946236,41.8902715],[12.4946398,41.8902686],[12.4946558,41.8903172],[12.4946076,41.890326],[12.4945918,41.8902781],[12.4946042,41.8902757],[12.4946025,41.8902705],[12.4945694,41.8902765],[12.4945714,41.8902825],[12.4945836,41.8902802],[12.494599,41.8903269],[12.4945571,41.8903347],[12.4945415,41.8902873],[12.4945509,41.8902855],[12.4945493,41.8902808],[12.4945311,41.8902841],[12.4945512,41.8903449],[12.4946706,41.8903231]]]}},{"type":"Feature","properties":{"class":"ruin","name":"Tempio di Minerva","name:en":"Temple of Minerva"},"geometry":{"type":"Polygon","coordinates":[[[12.4870837,41.8936459],[12.4871016,41.8936318],[12.4871287,41.8936174],[12.4871521,41.8936349],[12.4871776,41.8936623],[12.4872413,41.8936883],[12.4872755,41.8937082],[12.4872049,41.8937711],[12.487174,41.8937584],[12.4871466,41.8937461],[12.4871231,41.8937278],[12.4870995,41.8937133],[12.4870555,41.8936889],[12.4870637,41.893679],[12.487055,41.8936729],[12.4870837,41.8936459]]]}},{"type":"Feature","properties":{"class":"public","name":"Santa Maria della neve al Colosseo","name:en":null},"geometry":{"type":"Polygon","coordinates":[[[12.4901285,41.8925536],[12.4900929,41.8926632],[12.4901793,41.8926822],[12.4902289,41.8925769],[12.4901786,41.892566],[12.4901285,41.8925536]]]}},{"type":"Feature","properties":{"class":"public","name":"Chiesa di Ges\u00f9 Divino Lavoratore","name:en":null},"geometry":{"type":"Polygon","coordinates":[[[12.4659937,41.8690102],[12.4660721,41.8690202],[12.4661524,41.8690174],[12.466227,41.869006],[12.4663208,41.8689746],[12.4664011,41.8689034],[12.4664241,41.8688507],[12.4664203,41.8688008],[12.4664069,41.8687581],[12.4663533,41.8687054],[12.4662921,41.868674],[12.4662251,41.8686612],[12.4661371,41.8686641],[12.4660549,41.8686883],[12.4659707,41.8687267],[12.4658961,41.868788],[12.4658609,41.8688667],[12.4657912,41.8688765],[12.4657295,41.8689137],[12.4656048,41.8687786],[12.4654837,41.868832],[12.4656318,41.8689923],[12.46568,41.869179],[12.4658141,41.8691626],[12.4657841,41.869003],[12.4658666,41.8690013],[12.4659141,41.8689771],[12.4659937,41.8690102]]]}},{"type":"Feature","properties":{"class":"public","name":"Chiesa di Santa Bibiana","name:en":null},"geometry":{"type":"Polygon","coordinates":[[[12.509085,41.8955191],[12.5091361,41.8955069],[12.5091249,41.8954857],[12.5093248,41.8954383],[12.5093404,41.8954838],[12.5093529,41.8954803],[12.5093987,41.8955707],[12.5092028,41.8956197],[12.5092121,41.8956399],[12.5091458,41.8956528],[12.5091166,41.8955885],[12.509085,41.8955191]]]}},{"type":"Feature","properties":{"class":"public","name":"San Giovanni della Malva in Trastevere","name:en":null},"geometry":{"type":"Polygon","coordinates":[[[12.4690337,41.8920545],[12.4691178,41.8919473],[12.4691695,41.8919698],[12.4693504,41.8920484],[12.4692663,41.8921556],[12.4690337,41.8920545]]]}},{"type":"Feature","properties":{"class":"wall","name":null,"name:en":null},"geometry":{"type":"LineString","coordinates":[[12.4803331,41.8761337],[12.4802338,41.8763671],[12.4802729,41.876384],[12.4803443,41.8763517],[12.4806594,41.8768107],[12.4807221,41.8767855],[12.4807135,41.8767713],[12.48082,41.8767297]]}},{"type":"Feature","properties":{"class":"public","name":"Santa Giovanna Antida Thouret","name:en":null},"geometry":{"type":"Polygon","coordinates":[[[12.4514197,41.9147714],[12.4515339,41.914866],[12.4518924,41.9146263],[12.4517782,41.9145318],[12.451718,41.9145721],[12.4517071,41.9145794],[12.4516343,41.9146279],[12.4514197,41.9147714]]]}},{"type":"Feature","properties":{"class":"public","name":"San Damaso","name:en":null},"geometry":{"type":"Polygon","coordinates":[[[12.455583,41.8723858],[12.4557798,41.8724306],[12.4559783,41.8723604],[12.4560401,41.8721932],[12.4559978,41.8721302],[12.4557408,41.8720939],[12.4555749,41.8721617],[12.455539,41.8722492],[12.4554861,41.8722371],[12.4555615,41.8720532],[12.4554043,41.8720175],[12.4552191,41.8724688],[12.4553814,41.8725057],[12.4554301,41.872387],[12.4554816,41.8723987],[12.455467,41.8724344],[12.4555549,41.8724544],[12.455583,41.8723858]]]}},{"type":"Feature","properties":{"class":"public","name":"Santa Brigida","name:en":null},"geometry":{"type":"Polygon","coordinates":[[[12.470813,41.8952321],[12.4708753,41.8952802],[12.4707519,41.8953688],[12.4707419,41.8953611],[12.4707046,41.8953879],[12.4706653,41.8953576],[12.4707033,41.8953304],[12.4706902,41.8953203],[12.470813,41.8952321]]]}},{"type":"Feature","properties":{"class":"public","name":"Chiesa di Santa Maria della Piet\u00e0","name:en":null},"geometry":{"type":"Polygon","coordinates":[[[12.4547778,41.9013475],[12.4547754,41.9012928],[12.4547704,41.9011593],[12.45477,41.9011366],[12.4548517,41.9011359],[12.4548563,41.9011239],[12.4548743,41.9011128],[12.4548957,41.9011082],[12.4549171,41.9011111],[12.4549562,41.9011329],[12.45504,41.9011312],[12.455051,41.9013426],[12.4547778,41.9013475]]]}},{"type":"Feature","properties":{"class":"public","name":"Colonnato del Bernini","name:en":"Bernini's Colonnade"},"geometry":{"type":"Polygon","coordinates":[[[12.4562631,41.9016731],[12.4562392,41.9017676],[12.4562993,41.9017745],[12.4563737,41.9017824],[12.4564545,41.9017919],[12.4564723,41.9017965],[12.4564894,41.9017738],[12.4565045,41.9017796],[12.4565386,41.9017317],[12.4565666,41.9016925],[12.4565488,41.9016838],[12.4565822,41.9016414],[12.4566151,41.9016085],[12.4566449,41.9015774],[12.4566757,41.9015477],[12.4567113,41.9015163],[12.4567493,41.9014914],[12.4567703,41.9014806],[12.45679,41.9014689],[12.4568249,41.9014495],[12.4568311,41.901446],[12.4568742,41.9014229],[12.4569154,41.9014052],[12.4569672,41.9013883],[12.4570128,41.9013752],[12.4570638,41.9013639],[12.4571126,41.9013544],[12.4571661,41.9013483],[12.4572034,41.9013465],[12.457203,41.9013658],[12.4572742,41.9013666],[12.4573568,41.9013676],[12.4573572,41.9013483],[12.4574169,41.901353],[12.457474,41.9013609],[12.4575194,41.9013706],[12.4575662,41.9013819],[12.4576146,41.9013968],[12.4576576,41.9014145],[12.4577016,41.9014358],[12.4577428,41.9014553],[12.4577879,41.901481],[12.4578266,41.9015033],[12.4578589,41.9015324],[12.4578895,41.90156],[12.4579235,41.9015922],[12.4579548,41.9016236],[12.4579807,41.9016587],[12.4580039,41.9016865],[12.4580262,41.9017246],[12.4580053,41.9017303],[12.4580222,41.9017634],[12.4580468,41.9018151],[12.4580685,41.9018093],[12.4580767,41.9018257],[12.4581194,41.9018141],[12.4581454,41.9018071],[12.4581589,41.9018034],[12.4581919,41.9017945],[12.4582221,41.9017863],[12.4582357,41.9017826],[12.4582636,41.9017751],[12.4583038,41.9017642],[12.4582953,41.9017468],[12.4583173,41.9017414],[12.4582817,41.9016713],[12.4582761,41.9016574],[12.4582497,41.9016666],[12.4582061,41.9015986],[12.4581689,41.9015523],[12.458133,41.9015105],[12.4580864,41.9014665],[12.4580483,41.9014327],[12.458042,41.9014268],[12.4579938,41.9013883],[12.45795,41.9013575],[12.457898,41.9013284],[12.4578421,41.9012962],[12.4577878,41.9012719],[12.4577354,41.9012504],[12.4576786,41.9012304],[12.4576176,41.9012134],[12.4575536,41.9011984],[12.4575018,41.9011886],[12.4573593,41.901174],[12.4572326,41.9011698],[12.4571647,41.9011733],[12.4571102,41.9011797],[12.4570442,41.90119],[12.4569773,41.9012023],[12.4569052,41.9012222],[12.45686,41.9012373],[12.4567992,41.901259],[12.456749,41.9012809],[12.4567154,41.9012969],[12.4566933,41.9013075],[12.4566623,41.901323],[12.4566485,41.9013308],[12.4565728,41.9013704],[12.4565175,41.9014131],[12.456474,41.9014513],[12.4564371,41.9014911],[12.456401,41.9015304],[12.4563796,41.901559],[12.4563688,41.9015733],[12.4563435,41.9016049],[12.4563273,41.9016151],[12.4563015,41.9016166],[12.4562811,41.9016406],[12.4562631,41.9016731]]]}},{"type":"Feature","properties":{"class":"public","name":"San Lorenzo in Panisperna","name:en":null},"geometry":{"type":"Polygon","coordinates":[[[12.4932801,41.8972167],[12.4931725,41.8972426],[12.4930723,41.8972706],[12.4931067,41.8973422],[12.4931824,41.8974981],[12.4932055,41.8974919],[12.4932675,41.8976208],[12.4932931,41.8976729],[12.4934485,41.897631],[12.4933597,41.8974483],[12.4933246,41.897376],[12.4933497,41.8973693],[12.4932801,41.8972167]]]}},{"type":"Feature","properties":{"class":"public","name":"Santa Maria del Ritiro al Gianicolo","name:en":null},"geometry":{"type":"Polygon","coordinates":[[[12.4622097,41.8951379],[12.4622487,41.8950043],[12.4622639,41.8949521],[12.4621538,41.8949343],[12.4620996,41.8951201],[12.4622097,41.8951379]]]}},{"type":"Feature","properties":{"class":"public","name":null,"name:en":null},"geometry":{"type":"Polygon","coordinates":[[[12.5038924,41.8859031],[12.5039138,41.8856834],[12.5036576,41.8856702],[12.5034223,41.88566],[12.5034257,41.8856299],[12.5034433,41.8854473],[12.5036873,41.8854604],[12.5036909,41.8854353],[12.5036992,41.885344],[12.5037198,41.8852025],[12.503734,41.8851052],[12.5037475,41.8850125],[12.5037261,41.8850105],[12.5037475,41.8848847],[12.50371,41.8848827],[12.5037127,41.8848447],[12.5035517,41.8847888],[12.5035303,41.8847928],[12.5035195,41.8848108],[12.5034525,41.8848068],[12.5034686,41.8846391],[12.5032659,41.884624],[12.5032696,41.8846373],[12.5032433,41.8848208],[12.5032969,41.8848248],[12.5032459,41.8853719],[12.5032669,41.8853792],[12.5032508,41.885501],[12.5032915,41.8855057],[12.5032727,41.8856555],[12.5032647,41.8857194],[12.5033479,41.8857234],[12.5033473,41.8857646],[12.5033742,41.8857945],[12.5034176,41.8858192],[12.5034659,41.8858332],[12.5034922,41.8858345],[12.5034919,41.8858797],[12.5038924,41.8859031]]]}},{"type":"Feature","properties":{"class":"public","name":"San Bernardino in Panisperna","name:en":null},"geometry":{"type":"Polygon","coordinates":[[[12.4893278,41.8960767],[12.4893637,41.8959642],[12.4893717,41.8959387],[12.4891665,41.8959029],[12.4891191,41.8960392],[12.4893278,41.8960767]]]}},{"type":"Feature","properties":{"class":"public","name":"Chiesa di Santa Maria ai Monti","name:en":null},"geometry":{"type":"Polygon","coordinates":[[[12.4907128,41.8947262],[12.4906526,41.8948941],[12.4906215,41.8948879],[12.4904319,41.8948503],[12.4904609,41.8947694],[12.490492,41.8946824],[12.4905239,41.8946887],[12.4905729,41.894552],[12.4906535,41.894568],[12.4907297,41.8945832],[12.4906808,41.8947198],[12.4907128,41.8947262]]]}},{"type":"Feature","properties":{"class":"public","name":"Chiesa di San Francesco di Paola ai Monti","name:en":null},"geometry":{"type":"Polygon","coordinates":[[[12.4914121,41.8938181],[12.4913612,41.8938064],[12.491326,41.8938915],[12.4913787,41.8939035],[12.4913595,41.8939498],[12.4914952,41.8939787],[12.4915529,41.8938448],[12.4915921,41.8937434],[12.4916217,41.8936675],[12.4914872,41.8936367],[12.4914121,41.8938181]]]}},{"type":"Feature","properties":{"class":"ruin","name":"Scavi del Circo Massimo","name:en":null},"geometry":{"type":"Polygon","coordinates":[[[12.4881137,41.8853417],[12.4879759,41.8852097],[12.4873496,41.8846097],[12.4872242,41.8844806],[12.4870717,41.8843237],[12.4873825,41.8841461],[12.4874864,41.8841036],[12.4876116,41.884068],[12.4877307,41.8840468],[12.4878809,41.8840383],[12.4880558,41.8840536],[12.4881867,41.8840796],[12.4883238,41.8841168],[12.488429,41.884174],[12.4885267,41.884238],[12.4885427,41.8842512],[12.4886277,41.8843216],[12.4886368,41.8843305],[12.4887077,41.8843999],[12.4887832,41.8844966],[12.4888341,41.8845839],[12.4888451,41.8846115],[12.488867,41.8846663],[12.4888821,41.8847527],[12.4888834,41.884833],[12.4888704,41.8849157],[12.4888307,41.8850002],[12.4888007,41.8849912],[12.4881326,41.8853626],[12.4881137,41.8853417]]]}},{"type":"Feature","properties":{"class":"public","name":"Chiesa di San Gioacchino in Prati","name:en":null},"geometry":{"type":"Polygon","coordinates":[[[12.4650643,41.9096169],[12.4650432,41.9096661],[12.4649581,41.9098645],[12.4649177,41.9098549],[12.4648289,41.9100622],[12.4648694,41.9100718],[12.4648411,41.9101377],[12.4651701,41.9102158],[12.4652091,41.9101247],[12.4652348,41.9101308],[12.4652667,41.9100564],[12.4652939,41.9099929],[12.4653107,41.9099537],[12.4652851,41.9099476],[12.4653934,41.909695],[12.4652385,41.9096582],[12.4650643,41.9096169]]]}},{"type":"Feature","properties":{"class":"public","name":"Sant\u2019Egidio a Trastevere","name:en":null},"geometry":{"type":"Polygon","coordinates":[[[12.4684597,41.8900966],[12.4685049,41.8900005],[12.4686115,41.8900282],[12.4686251,41.8899994],[12.468721,41.8900244],[12.4687036,41.8900613],[12.4688956,41.8901093],[12.4688523,41.8901936],[12.4687998,41.8901799],[12.4686746,41.8901473],[12.4686551,41.8901888],[12.4685484,41.890161],[12.4685283,41.8901558],[12.4685456,41.8901189],[12.4684597,41.8900966]]]}},{"type":"Feature","properties":{"class":"public","name":null,"name:en":null},"geometry":{"type":"Polygon","coordinates":[[[12.5008728,41.9182044],[12.5008773,41.9182701],[12.500752,41.9183724],[12.5008478,41.9184354],[12.5010382,41.9182792],[12.501005,41.9182573],[12.5010067,41.9182139],[12.5010056,41.9182028],[12.5008728,41.9182044]]]}},{"type":"Feature","properties":{"class":"public","name":null,"name:en":null},"geometry":{"type":"Polygon","coordinates":[[[12.5009927,41.9180279],[12.5009878,41.9179521],[12.5009326,41.9179155],[12.5009718,41.9178836],[12.5008282,41.9177812],[12.5007177,41.9178689],[12.5008662,41.9179649],[12.5008687,41.9180403],[12.5009926,41.9180408],[12.5009927,41.9180279]]]}},{"type":"Feature","properties":{"class":"public","name":"Basilica di Sant'Eugenio","name:en":null},"geometry":{"type":"Polygon","coordinates":[[[12.4744999,41.9188364],[12.4744958,41.9188654],[12.4748941,41.9188963],[12.4748962,41.9188815],[12.4749,41.918854],[12.4749146,41.9188552],[12.4749837,41.9183614],[12.4745739,41.9183296],[12.4745646,41.9183963],[12.4745129,41.9183923],[12.4744925,41.9185384],[12.474541,41.9185421],[12.4744999,41.9188364]]]}},{"type":"Feature","properties":{"class":"public","name":null,"name:en":null},"geometry":{"type":"Polygon","coordinates":[[[12.4925498,41.9037514],[12.4926516,41.903817],[12.4931034,41.9041084],[12.4931833,41.9040398],[12.4930896,41.9039793],[12.4927609,41.9037673],[12.4926297,41.9036827],[12.4925498,41.9037514]]]}},{"type":"Feature","properties":{"class":"public","name":null,"name:en":null},"geometry":{"type":"Polygon","coordinates":[[[12.4650253,41.929035],[12.4656362,41.9291747],[12.4656855,41.9291791],[12.4657188,41.9291769],[12.4657481,41.9291698],[12.4659046,41.929215],[12.4659665,41.9292205],[12.466034,41.9292127],[12.4660922,41.9291929],[12.4661475,41.9291705],[12.4662539,41.9291137],[12.4663471,41.9292056],[12.4665115,41.9290365],[12.4664617,41.9289856],[12.4665145,41.9289531],[12.4666662,41.9288248],[12.4668088,41.9287345],[12.4668098,41.9287014],[12.4668157,41.9286647],[12.4668305,41.9286287],[12.4668433,41.9285934],[12.466875,41.9285655],[12.4669006,41.928531],[12.4669777,41.9283465],[12.4668852,41.9283268],[12.4669275,41.928239],[12.466237,41.9280859],[12.4661837,41.9282204],[12.4661651,41.9282691],[12.4662243,41.9282833],[12.4659616,41.9289452],[12.4659449,41.928975],[12.4659173,41.9290029],[12.4658847,41.9290242],[12.4658452,41.9290397],[12.4658017,41.9290507],[12.4657632,41.9290529],[12.4657138,41.9290448],[12.4649678,41.9288647],[12.4649215,41.9289744],[12.4650378,41.929001],[12.4650253,41.929035]]]}},{"type":"Feature","properties":{"class":"public","name":"Chiesa di San Cosimato","name:en":null},"geometry":{"type":"Polygon","coordinates":[[[12.4707052,41.8866317],[12.4707031,41.8867493],[12.4705978,41.8867482],[12.4702391,41.8867446],[12.47024,41.8866923],[12.4702403,41.8866753],[12.4702417,41.8866269],[12.4704577,41.8866293],[12.4707052,41.8866317]]]}},{"type":"Feature","properties":{"class":"ruin","name":"Tempio di Apollo Sosiano","name:en":"Temple of Apollo Sosianus"},"geometry":{"type":"Polygon","coordinates":[[[12.4795113,41.8925884],[12.4796496,41.8925889],[12.4796619,41.8923264],[12.4796648,41.89227],[12.4795841,41.8922678],[12.4794035,41.8922643],[12.4794012,41.8923191],[12.4794,41.8924046],[12.479542,41.8923939],[12.4795401,41.8924559],[12.4795141,41.8925615],[12.4795113,41.8925884]]]}},{"type":"Feature","properties":{"class":"wall","name":null,"name:en":null},"geometry":{"type":"LineString","coordinates":[[12.4545788,41.9003896],[12.4545808,41.900344],[12.4545155,41.9002048],[12.4542374,41.9002498],[12.4539906,41.9002909],[12.4538853,41.9003061],[12.4538798,41.9003158],[12.4537687,41.9003298],[12.4533796,41.9003996],[12.4531493,41.9004382],[12.4529513,41.9004712],[12.4529304,41.9004747],[12.4528837,41.9004825],[12.4528348,41.900491],[12.452806,41.9003709],[12.452791,41.9002848],[12.4525599,41.9002996],[12.4522215,41.9003213],[12.4520982,41.9003279],[12.4520874,41.9003289],[12.4518065,41.9003561],[12.451557,41.9004154],[12.4514229,41.9004473],[12.4512814,41.900481],[12.4512105,41.9004978],[12.4511812,41.9005048],[12.451153,41.9005115],[12.4511333,41.9005162],[12.4510337,41.9005398],[12.4508389,41.9005862],[12.4508789,41.9008134],[12.4508651,41.9008147],[12.4508676,41.900827],[12.4487752,41.9009986],[12.448775,41.9008166],[12.448127,41.900719],[12.4479497,41.9006923],[12.4477919,41.9008499],[12.447935,41.9009781],[12.4479414,41.9009743],[12.4479728,41.901002],[12.4474486,41.9013362],[12.4474403,41.9013292],[12.4473874,41.9013627],[12.4473346,41.9013963],[12.4473425,41.9014028],[12.4467233,41.9017975],[12.4465468,41.9016406],[12.4465013,41.9016602],[12.4457878,41.9019669]]}},{"type":"Feature","properties":{"class":"wall","name":null,"name:en":null},"geometry":{"type":"LineString","coordinates":[[12.4575078,41.8991571],[12.4577524,41.8990517],[12.4582844,41.898837],[12.458602,41.898983],[12.4586744,41.899023],[12.4594362,41.8994262],[12.4592986,41.8996951],[12.4596217,41.8997795],[12.4597546,41.8998208],[12.4598431,41.8998413],[12.4599669,41.8998758],[12.4604823,41.9000238],[12.4605095,41.9000324],[12.4605399,41.8999588],[12.4606025,41.8998082],[12.4606047,41.8998026],[12.4606154,41.8997857],[12.4609372,41.8998023],[12.4610647,41.8998081],[12.4612157,41.8998144],[12.4617928,41.8998451],[12.4617914,41.8998566],[12.4617898,41.8999463],[12.4616691,41.900104],[12.4614966,41.9002177],[12.461523,41.9002463],[12.4615458,41.9002354]]}},{"type":"Feature","properties":{"class":"public","name":null,"name:en":null},"geometry":{"type":"Polygon","coordinates":[[[12.5041198,41.9252356],[12.5042567,41.9251625],[12.5043482,41.9252574],[12.5042344,41.9253182],[12.5042113,41.9253305],[12.5041198,41.9252356]]]}},{"type":"Feature","properties":{"class":"wall","name":"Mura Aureliane","name:en":"Aurelian Walls"},"geometry":{"type":"LineString","coordinates":[[12.5023494,41.8763988],[12.5023631,41.8763948],[12.502377,41.8763933],[12.5023954,41.8763935],[12.5024176,41.8763973],[12.5024325,41.8764044],[12.5024424,41.8764171],[12.5024439,41.8764279],[12.5024424,41.876438],[12.5024386,41.8764466],[12.502428,41.8764593],[12.5024875,41.8765186],[12.5025192,41.8765512],[12.5025487,41.8765452],[12.5025678,41.8765467],[12.5025852,41.8765522],[12.5026003,41.8765627],[12.5026073,41.8765788],[12.502606,41.8765956],[12.502593,41.8766096],[12.5025785,41.8766181],[12.5025849,41.876638],[12.5026037,41.8767263],[12.5026011,41.8768858],[12.5025491,41.8769028],[12.5026131,41.8771114],[12.50266,41.8771054],[12.5026774,41.8771893],[12.5026506,41.8771913],[12.5026573,41.8772282],[12.5026345,41.8772292],[12.5026479,41.8773211],[12.5026707,41.8773171],[12.5026774,41.877354],[12.5026593,41.8773555],[12.502664,41.8774069],[12.5026882,41.8774089],[12.5026959,41.877458],[12.5027412,41.8774671],[12.5026993,41.8775856],[12.5026338,41.8775701],[12.5025359,41.8777729],[12.5025782,41.8777854],[12.502542,41.8778573],[12.5025009,41.8778472],[12.5023757,41.878084],[12.5024119,41.8780949],[12.5023743,41.8781638],[12.5023277,41.8781495],[12.5020351,41.8783146],[12.5020632,41.8783416],[12.5019868,41.8783885],[12.5019546,41.8783615],[12.501689,41.8785143],[12.5017105,41.8785413],[12.5016274,41.8785822],[12.5016059,41.8785573],[12.5013241,41.8786964],[12.5013457,41.87873],[12.5012626,41.8787729],[12.5012344,41.878743],[12.5009608,41.8788938],[12.5009769,41.8789197],[12.5008998,41.8789629],[12.5008737,41.8789327],[12.5005813,41.8790865],[12.5006108,41.8791124],[12.500533,41.8791574],[12.5004995,41.8791294],[12.5003558,41.879224],[12.500174,41.8793596],[12.4999952,41.8795678],[12.5000314,41.8795877],[12.4999778,41.8796516],[12.499929,41.8796241],[12.4997431,41.8798324],[12.4997672,41.8798464],[12.499719,41.8799153],[12.4996908,41.8799023],[12.4995191,41.880117],[12.4995406,41.8801259],[12.499491,41.8801908],[12.4994651,41.8801818],[12.4993166,41.8804075],[12.4993515,41.8804215],[12.4993099,41.8804854],[12.4992737,41.8804744],[12.4991114,41.8807091],[12.4991423,41.880722],[12.4991007,41.8807879],[12.4990691,41.880774],[12.4988767,41.8809936],[12.4989022,41.8810066],[12.4988553,41.8810655],[12.4988244,41.8810516],[12.4987212,41.8811933],[12.498689,41.8812961],[12.4987453,41.8813102],[12.4987212,41.881393],[12.4986756,41.881393],[12.4986758,41.8814622],[12.4986769,41.8816207],[12.4987198,41.8816197],[12.4987252,41.8816936],[12.4986859,41.8816939],[12.4986944,41.8819557],[12.4987654,41.8819622],[12.4987567,41.8820575],[12.4987356,41.8820558],[12.4987002,41.882053],[12.4987009,41.8820676],[12.4987006,41.8820728],[12.4986988,41.8821054]]}},{"type":"Feature","properties":{"class":"wall","name":"Mura Aureliane","name:en":"Aurelian Walls"},"geometry":{"type":"LineString","coordinates":[[12.50851,41.8855824],[12.5085197,41.8855745],[12.5085331,41.8855702],[12.5085512,41.8855682],[12.5085698,41.8855701],[12.5085807,41.8855763],[12.5085876,41.8855835],[12.5085941,41.8855932],[12.5085958,41.8856044],[12.5085893,41.885622],[12.5085781,41.8856382]]}},{"type":"Feature","properties":{"class":"public","name":"Chiesa di San Francesco a Ripa","name:en":null},"geometry":{"type":"Polygon","coordinates":[[[12.4731749,41.8852164],[12.4735548,41.8850172],[12.473486,41.8849444],[12.4734382,41.8848939],[12.4733532,41.8849385],[12.4730583,41.8850932],[12.4731166,41.8851548],[12.4731749,41.8852164]]]}},{"type":"Feature","properties":{"class":"public","name":"Archivio del Vicariato di Roma","name:en":null},"geometry":{"type":"Polygon","coordinates":[[[12.5031156,41.8856102],[12.5030614,41.8855777],[12.5031619,41.8846273],[12.5032696,41.8846373],[12.5032433,41.8848208],[12.5032969,41.8848248],[12.5032459,41.8853719],[12.5031939,41.8853717],[12.5031879,41.8854863],[12.5031543,41.8854897],[12.5031482,41.885594],[12.5031156,41.8856102]]]}},{"type":"Feature","properties":{"class":"public","name":"Scala Santa","name:en":null},"geometry":{"type":"Polygon","coordinates":[[[12.5068978,41.8870327],[12.5066805,41.8870305],[12.5066297,41.88703],[12.506629,41.8870509],[12.5066221,41.8872505],[12.5066214,41.8872712],[12.5067205,41.8872715],[12.5068391,41.8872692],[12.5068412,41.8872326],[12.5069798,41.887237],[12.5069825,41.8873032],[12.5069998,41.8873178],[12.5070153,41.8873176],[12.5071313,41.8873161],[12.5071296,41.8871799],[12.5071326,41.8870369],[12.5068978,41.8870327]]]}},{"type":"Feature","properties":{"class":"public","name":"Oratorio dell'Arciconfraternita del Santissimo Sacramento","name:en":null},"geometry":{"type":"Polygon","coordinates":[[[12.5068978,41.8870327],[12.5071326,41.8870369],[12.5071328,41.8869907],[12.50711,41.8869879],[12.5071087,41.8869728],[12.5070984,41.886973],[12.506896,41.8869765],[12.5068978,41.8870327]]]}},{"type":"Feature","properties":{"class":"public","name":"Basilica di Santa Croce a Via Flaminia","name:en":null},"geometry":{"type":"Polygon","coordinates":[[[12.4676873,41.9288897],[12.4676725,41.9289269],[12.4676801,41.9289809],[12.4677369,41.9290152],[12.4678096,41.9290095],[12.4678557,41.9289673],[12.4678705,41.9289301],[12.4679347,41.9289442],[12.4679506,41.9289044],[12.46797,41.9288556],[12.4680947,41.9285428],[12.4677692,41.928471],[12.4676092,41.9288724],[12.4676873,41.9288897]]]}},{"type":"Feature","properties":{"class":"public","name":"Chiesa di San Rocco all'Augusteo","name:en":null},"geometry":{"type":"Polygon","coordinates":[[[12.4761147,41.9053655],[12.4760877,41.9053658],[12.476,41.9053738],[12.4755804,41.9054278],[12.4756312,41.9056463],[12.4760127,41.9055954],[12.4761663,41.9055749],[12.4761147,41.9053655]]]}},{"type":"Feature","properties":{"class":"public","name":"Museo dell'Ara Pacis","name:en":null},"geometry":{"type":"Polygon","coordinates":[[[12.4753385,41.9063887],[12.4752923,41.9063927],[12.4753162,41.9065462],[12.4756424,41.9065183],[12.4756737,41.9065155],[12.4756695,41.9064881],[12.4755719,41.9058602],[12.475533,41.9058636],[12.4755018,41.9056623],[12.4754806,41.9056641],[12.4753045,41.9056793],[12.4752744,41.9056818],[12.475306,41.9058858],[12.4752837,41.9058884],[12.4753385,41.9063887]]]}},{"type":"Feature","properties":{"class":"public","name":"Chiesa dei Santi Vitale e Compagni Martiri in Fovea","name:en":null},"geometry":{"type":"Polygon","coordinates":[[[12.4904171,41.8997931],[12.4903921,41.8998108],[12.4903788,41.8998336],[12.4903778,41.8998567],[12.4903907,41.8998819],[12.4904142,41.8998997],[12.4904444,41.8999093],[12.4904756,41.89991],[12.4905078,41.899901],[12.4905377,41.8999446],[12.4906353,41.899909],[12.4906059,41.8998715],[12.4909338,41.8997187],[12.4910454,41.8996688],[12.4910365,41.8996564],[12.4909401,41.8995297],[12.4908712,41.8995635],[12.49084,41.8995771],[12.4904081,41.8997825],[12.4904171,41.8997931]]]}},{"type":"Feature","properties":{"class":"public","name":"San Paolo dentro le Mura","name:en":"St. Paul's Within the Walls"},"geometry":{"type":"Polygon","coordinates":[[[12.4944757,41.9009223],[12.4944578,41.9009137],[12.4944373,41.9009096],[12.494416,41.9009104],[12.4943961,41.9009161],[12.4943796,41.9009294],[12.4943409,41.9009027],[12.4943044,41.9008781],[12.4942677,41.9009082],[12.4943057,41.9009338],[12.4941521,41.90106],[12.4941044,41.9010276],[12.4940515,41.9010678],[12.4940696,41.9010797],[12.494032,41.9011092],[12.4940554,41.9011249],[12.49405,41.9011295],[12.4941099,41.9011684],[12.4942392,41.9012524],[12.4944886,41.9010452],[12.4945173,41.9010208],[12.4944764,41.9009943],[12.4944924,41.9009806],[12.4944979,41.9009653],[12.4944968,41.9009494],[12.4944891,41.9009346],[12.4944757,41.9009223]]]}},{"type":"Feature","properties":{"class":"public","name":"San Carlo alle Quattro Fontane","name:en":null},"geometry":{"type":"Polygon","coordinates":[[[12.4907682,41.9018866],[12.4909284,41.9017912],[12.4908,41.9016848],[12.4906181,41.9018254],[12.4907021,41.9018836],[12.4907682,41.9018866]]]}},{"type":"Feature","properties":{"class":"public","name":"Santi Gioacchino e Anna alle Quattro Fontane","name:en":null},"geometry":{"type":"Polygon","coordinates":[[[12.4905226,41.9017629],[12.4903881,41.9016636],[12.4905903,41.9015118],[12.49066,41.9014594],[12.4907946,41.9015587],[12.4907747,41.9015736],[12.4907177,41.9016164],[12.4905226,41.9017629]]]}},{"type":"Feature","properties":{"class":"public","name":null,"name:en":null},"geometry":{"type":"Polygon","coordinates":[[[12.491386,41.9008842],[12.4914799,41.9008316],[12.4915146,41.900866],[12.4915577,41.9008418],[12.4917174,41.9009998],[12.4916692,41.9010268],[12.4917116,41.9010687],[12.4917597,41.9010417],[12.4918275,41.9011088],[12.4917794,41.9011358],[12.4918187,41.9011746],[12.4918668,41.9011477],[12.491943,41.901223],[12.4918898,41.9012528],[12.4918526,41.9012736],[12.4918187,41.9012926],[12.4912778,41.9015955],[12.4912074,41.9015259],[12.491353,41.9014444],[12.4913252,41.9014168],[12.4912793,41.9014424],[12.4911456,41.9013102],[12.4910618,41.9013571],[12.4909258,41.9012628],[12.4908525,41.9013074],[12.4907943,41.9012544],[12.4908821,41.901201],[12.4909236,41.9012388],[12.4911452,41.9010962],[12.4912727,41.9011877],[12.4914181,41.9013315],[12.4916863,41.9011813],[12.491541,41.9010376],[12.4914237,41.9011032],[12.4912082,41.900963],[12.4913376,41.9008528],[12.491386,41.9008842]]]}},{"type":"Feature","properties":{"class":"ruin","name":"Arco di Settimio Severo","name:en":null},"geometry":{"type":"Polygon","coordinates":[[[12.4820289,41.9146307],[12.4819862,41.9145925],[12.4819519,41.9145615],[12.481916,41.9145835],[12.4819491,41.9146134],[12.4819932,41.9146528],[12.4820289,41.9146307]]]}},{"type":"Feature","properties":{"class":"public","name":"Palazzo Albani","name:en":null},"geometry":{"type":"Polygon","coordinates":[[[12.4911203,41.9019929],[12.4911036,41.9019767],[12.4910094,41.901884],[12.4909108,41.9019362],[12.4908699,41.9019578],[12.4908669,41.9019975],[12.4909423,41.9020505],[12.4909831,41.9020793],[12.4911203,41.9019929]]]}},{"type":"Feature","properties":{"class":"public","name":"Basilica di Santa Maria degli Angeli e dei Martiri","name:en":null},"geometry":{"type":"Polygon","coordinates":[[[12.4968729,41.9029675],[12.4968418,41.902991],[12.4968549,41.9030056],[12.4968651,41.9030237],[12.4968718,41.9030486],[12.4968624,41.9030776],[12.4968426,41.9030944],[12.4968113,41.9031086],[12.4967819,41.9031115],[12.496743,41.9031055],[12.496719,41.9030892],[12.4966904,41.9031145],[12.4967741,41.9031668],[12.4967819,41.9031554],[12.496794,41.9031624],[12.4968128,41.9031644],[12.4968275,41.9031405],[12.4968369,41.9031474],[12.4968289,41.9031724],[12.4968409,41.9032033],[12.4967887,41.9032495],[12.4969153,41.9033287],[12.4969446,41.9033027],[12.4969919,41.9033323],[12.4970897,41.9033934],[12.496948,41.9035191],[12.4969768,41.9035371],[12.4968051,41.9036892],[12.4968344,41.9037075],[12.4968477,41.9036957],[12.4969774,41.9037768],[12.496959,41.9037931],[12.496986,41.90381],[12.4971603,41.9036556],[12.4972024,41.9036819],[12.4973458,41.9035549],[12.4975129,41.9036595],[12.497536,41.903639],[12.4975967,41.9036769],[12.4975553,41.9037136],[12.4975684,41.9037218],[12.4974633,41.903815],[12.4976439,41.903928],[12.4976819,41.9038943],[12.4977469,41.9038367],[12.4977937,41.9038659],[12.4979842,41.9036972],[12.4977639,41.9035594],[12.4977424,41.903546],[12.4976814,41.9035079],[12.4977062,41.9034859],[12.4976548,41.9034538],[12.4975422,41.9033834],[12.4976894,41.9032531],[12.4976553,41.9032318],[12.4978318,41.9030755],[12.4976435,41.9029578],[12.4974675,41.9031137],[12.4974362,41.9030941],[12.497297,41.9032174],[12.4971992,41.9031563],[12.4971655,41.9031352],[12.4971366,41.9031609],[12.4971131,41.9031462],[12.4971681,41.9030975],[12.4970463,41.9030214],[12.4970044,41.9030584],[12.4969496,41.9030566],[12.4969455,41.9030406],[12.4969246,41.9030236],[12.4969368,41.9030143],[12.4968729,41.9029675]]]}},{"type":"Feature","properties":{"class":"ruin","name":null,"name:en":null},"geometry":{"type":"Polygon","coordinates":[[[12.4965866,41.9043371],[12.4961605,41.9040559],[12.4961339,41.9040783],[12.4962803,41.9041748],[12.4962793,41.9041801],[12.4962937,41.9042155],[12.4963253,41.9042461],[12.4963748,41.9042677],[12.4964212,41.9042734],[12.4964286,41.9042725],[12.4964531,41.9042887],[12.4964641,41.9042794],[12.4966188,41.9043814],[12.4966342,41.9043684],[12.49661,41.9043525],[12.4966403,41.904327],[12.4966168,41.9043116],[12.4965866,41.9043371]]]}},{"type":"Feature","properties":{"class":"ruin","name":null,"name:en":null},"geometry":{"type":"Polygon","coordinates":[[[12.4961339,41.9040783],[12.4962803,41.9041748],[12.4962793,41.9041801],[12.4962937,41.9042155],[12.4963253,41.9042461],[12.4963748,41.9042677],[12.4964212,41.9042734],[12.4964286,41.9042725],[12.4964531,41.9042887],[12.4964641,41.9042794],[12.4966188,41.9043814],[12.4966605,41.9044088],[12.4967114,41.9044424],[12.4967953,41.904495],[12.4969938,41.9043283],[12.4962457,41.9038559],[12.4962188,41.9038389],[12.4960234,41.9040098],[12.4961339,41.9040783]]]}},{"type":"Feature","properties":{"class":"ruin","name":null,"name:en":null},"geometry":{"type":"Polygon","coordinates":[[[12.4968818,41.9043995],[12.4968744,41.9043924],[12.49686,41.904357],[12.4968684,41.9043104],[12.4969015,41.9042826],[12.4968833,41.9042707],[12.4968239,41.9043206],[12.4968403,41.9043314],[12.4968354,41.9043584],[12.4968412,41.9043727],[12.4968149,41.9043554],[12.4968262,41.9043459],[12.4968081,41.9043339],[12.4967086,41.9044175],[12.4966759,41.9043959],[12.4966605,41.9044088],[12.4967114,41.9044424],[12.4968009,41.9043672],[12.4968693,41.9044123],[12.4968834,41.9044005],[12.4968818,41.9043995]]]}},{"type":"Feature","properties":{"class":"ruin","name":null,"name:en":null},"geometry":{"type":"Polygon","coordinates":[[[12.4962436,41.9039861],[12.4962316,41.9039962],[12.4965507,41.9042066],[12.4965628,41.9041965],[12.4962436,41.9039861]]]}},{"type":"Feature","properties":{"class":"ruin","name":null,"name:en":null},"geometry":{"type":"Polygon","coordinates":[[[12.4966933,41.9042825],[12.4967368,41.9043111],[12.4967489,41.904301],[12.4966667,41.9042468],[12.4966546,41.904257],[12.4966699,41.904267],[12.4966375,41.9042942],[12.4966609,41.9043097],[12.4966933,41.9042825]]]}},{"type":"Feature","properties":{"class":"ruin","name":"Terme di Diocleziano","name:en":"Baths of Diocletian"},"geometry":{"type":"Polygon","coordinates":[[[12.4998236,41.9031285],[12.499845,41.9031495],[12.4998662,41.9031855],[12.4998757,41.9032183],[12.4998678,41.9032613],[12.4998461,41.9032963],[12.4998611,41.9033062],[12.4997967,41.9033631],[12.4997833,41.9033501],[12.4997391,41.9033631],[12.4997337,41.903387],[12.4996532,41.903397],[12.4996291,41.903413],[12.4996232,41.903409],[12.4995567,41.9034639],[12.4995567,41.9034828],[12.4995553,41.9035128],[12.4995459,41.9035527],[12.4995359,41.9035763],[12.4995298,41.9035906],[12.4995111,41.9036246],[12.4994695,41.9036575],[12.4994434,41.9036749],[12.4994024,41.9036944],[12.4993703,41.9037044],[12.4993461,41.9037074],[12.4993126,41.9037154],[12.4992737,41.9037184],[12.4992429,41.9037174],[12.4992313,41.903724],[12.4992594,41.9037416],[12.4990345,41.9039408],[12.4989325,41.9040312],[12.499184,41.9041885],[12.4984133,41.9048714],[12.4983169,41.9049567],[12.4982348,41.9050295],[12.4981956,41.905005],[12.4981735,41.9049888],[12.4981438,41.9049669],[12.4972548,41.9043512],[12.4972385,41.904341],[12.4970745,41.9042279],[12.4963526,41.90373],[12.4960775,41.903558],[12.4964428,41.9032344],[12.4965133,41.9031719],[12.4965792,41.9032131],[12.4966904,41.9031145],[12.496719,41.9030892],[12.496743,41.9031055],[12.4967819,41.9031115],[12.4968113,41.9031086],[12.4968426,41.9030944],[12.4968624,41.9030776],[12.4968718,41.9030486],[12.4968651,41.9030237],[12.4968549,41.9030056],[12.4968418,41.902991],[12.4968729,41.9029675],[12.4971118,41.9027871],[12.4971103,41.9027818],[12.4971096,41.9027794],[12.4970698,41.902638],[12.4975403,41.9025377],[12.4977103,41.9024961],[12.4983486,41.9023341],[12.4984081,41.9023703],[12.4984902,41.9024208],[12.4985567,41.9024623],[12.49864,41.9024459],[12.4987081,41.9024863],[12.4992433,41.902804],[12.4995054,41.9029536],[12.4995275,41.9029662],[12.4995923,41.9030048],[12.499686,41.9030606],[12.4997254,41.9030844],[12.4997686,41.9031135],[12.4997928,41.9031009],[12.4998236,41.9031285]]]}},{"type":"Feature","properties":{"class":"public","name":"Chiesa del Bambin Ges\u00f9 a via Urbana","name:en":null},"geometry":{"type":"Polygon","coordinates":[[[12.4956522,41.8979482],[12.4957468,41.8980517],[12.4957754,41.8980373],[12.4957874,41.8980504],[12.4959361,41.8979752],[12.4960772,41.8979038],[12.4959563,41.8977714],[12.4958546,41.8978229],[12.4956665,41.8979181],[12.4956808,41.8979337],[12.4956522,41.8979482]]]}},{"type":"Feature","properties":{"class":"public","name":"Chiesa evangelica battista ai Monti","name:en":null},"geometry":{"type":"Polygon","coordinates":[[[12.4951309,41.8978333],[12.4951728,41.8978774],[12.4953469,41.8977907],[12.495303,41.897743],[12.4951309,41.8978333]]]}},{"type":"Feature","properties":{"class":"public","name":"Santi Vincenzo e Anastasio a Fontana di Trevi","name:en":null},"geometry":{"type":"Polygon","coordinates":[[[12.484005,41.9007616],[12.4840658,41.9007637],[12.4840918,41.9007405],[12.4840946,41.9006963],[12.484095,41.9006901],[12.4840659,41.9006636],[12.4840536,41.9006632],[12.48401,41.9005784],[12.4839113,41.9005889],[12.4836896,41.900652],[12.4837591,41.900787],[12.4839052,41.9007453],[12.4839667,41.9007278],[12.4839709,41.9007266],[12.4839804,41.900724],[12.4839791,41.9007429],[12.484005,41.9007616]]]}},{"type":"Feature","properties":{"class":"ruin","name":null,"name:en":null},"geometry":{"type":"Polygon","coordinates":[[[12.4797866,41.8999132],[12.4797851,41.8999294],[12.4795321,41.8999138],[12.4790482,41.899884],[12.4790517,41.8998643],[12.4791393,41.8998701],[12.479138,41.8998814],[12.4796315,41.8999143],[12.4796328,41.899903],[12.4797866,41.8999132]]]}},{"type":"Feature","properties":{"class":"public","name":"Chiesa di Ognissanti","name:en":"All Saints' Anglican Church"},"geometry":{"type":"Polygon","coordinates":[[[12.4789284,41.9084247],[12.4786477,41.9083589],[12.4785468,41.9083353],[12.4784961,41.9083234],[12.478567,41.9081545],[12.4788102,41.9082111],[12.4789935,41.9082537],[12.4790981,41.9082773],[12.4789284,41.9084247]]]}},{"type":"Feature","properties":{"class":"public","name":"Chiesa dei Santi Giorgio e Martiri inglesi","name:en":null},"geometry":{"type":"Polygon","coordinates":[[[12.482223,41.9068126],[12.4823799,41.9068456],[12.4823442,41.9069393],[12.4823138,41.9069328],[12.4822905,41.9069941],[12.4823208,41.9070005],[12.4822834,41.9070987],[12.4821677,41.9070743],[12.4822285,41.9069149],[12.4821873,41.9069062],[12.482223,41.9068126]]]}},{"type":"Feature","properties":{"class":"public","name":"Santa Maria in Monterone","name:en":null},"geometry":{"type":"Polygon","coordinates":[[[12.4756636,41.8968167],[12.4756642,41.8967319],[12.4755397,41.8967263],[12.4754294,41.8967233],[12.4754329,41.8967468],[12.4754167,41.8967468],[12.475413,41.896804],[12.4754494,41.8968043],[12.4756636,41.8968167]]]}},{"type":"Feature","properties":{"class":"public","name":"Basilica di San Pietro in Vincoli","name:en":"Saint Peter in Chains"},"geometry":{"type":"Polygon","coordinates":[[[12.4935603,41.8938631],[12.4934988,41.8938388],[12.4929452,41.89362],[12.4928439,41.8937669],[12.4927408,41.8939164],[12.4932015,41.8940635],[12.4934152,41.8940904],[12.4934481,41.8940373],[12.4935017,41.8940417],[12.4935194,41.8940401],[12.4935361,41.894036],[12.4935529,41.8940281],[12.4935675,41.894018],[12.4935769,41.894004],[12.4935814,41.8939908],[12.4935843,41.8939776],[12.4935812,41.8939652],[12.4935764,41.8939515],[12.4935704,41.8939403],[12.4935288,41.8939121],[12.4935565,41.8939132],[12.4935773,41.8938993],[12.4935789,41.8938786],[12.4935603,41.8938631]]]}},{"type":"Feature","properties":{"class":"public","name":"Dipartimento di Ingegneria Civile, Edile e Ambientale","name:en":null},"geometry":{"type":"Polygon","coordinates":[[[12.494435,41.8933393],[12.4943602,41.893444],[12.4944031,41.893461],[12.4944467,41.8934338],[12.4945506,41.8935252],[12.4944943,41.8936041],[12.4940998,41.8934481],[12.4941768,41.8933402],[12.4942091,41.893353],[12.4943013,41.8932237],[12.4944041,41.8932643],[12.494435,41.8933393]]]}},{"type":"Feature","properties":{"class":"public","name":null,"name:en":null},"geometry":{"type":"Polygon","coordinates":[[[12.4942201,41.8932434],[12.4943214,41.8931925],[12.494239,41.8931017],[12.4941378,41.8931526],[12.4942201,41.8932434]]]}},{"type":"Feature","properties":{"class":"ruin","name":"Thermae Traianae","name:en":"Baths of Trajan"},"geometry":{"type":"Polygon","coordinates":[[[12.4938259,41.8924416],[12.4938409,41.8924349],[12.4938331,41.8924253],[12.4939079,41.8923899],[12.4939843,41.8924805],[12.4939053,41.8925175],[12.4938993,41.8925123],[12.4938941,41.8925148],[12.4939069,41.8925272],[12.4940088,41.8924839],[12.4939264,41.892379],[12.4940238,41.8923306],[12.4940384,41.8923223],[12.4940567,41.8923142],[12.4940902,41.8922961],[12.4940933,41.89226],[12.4940623,41.8922628],[12.4940619,41.8922962],[12.49405,41.8922989],[12.4940519,41.8922849],[12.4940266,41.8922851],[12.4940234,41.8922724],[12.4940031,41.8922716],[12.494005,41.8922872],[12.4939941,41.8922862],[12.4939936,41.8922807],[12.4939793,41.8922819],[12.4939819,41.8922896],[12.4939884,41.8922905],[12.4939956,41.8922999],[12.4940051,41.8923149],[12.4940062,41.8923266],[12.4939905,41.8923294],[12.4939852,41.8923334],[12.4939652,41.8923413],[12.4939413,41.8923036],[12.4939287,41.8923087],[12.4939551,41.8923449],[12.4937995,41.8924205],[12.4938159,41.8924418],[12.4937969,41.8924485],[12.4938067,41.8924599],[12.4937754,41.8924745],[12.4937887,41.8924849],[12.4938324,41.8924619],[12.4938573,41.8924842],[12.4937915,41.89252],[12.493803,41.8925367],[12.4937785,41.8925595],[12.493775,41.892588],[12.4937624,41.8926415],[12.4937506,41.8926527],[12.4937753,41.8926851],[12.4937632,41.8926952],[12.4938054,41.8927474],[12.4938555,41.8927927],[12.4938794,41.8927775],[12.4939763,41.8927886],[12.4940028,41.8928138],[12.4941202,41.8927542],[12.4940851,41.8927175],[12.4940323,41.8927397],[12.4939653,41.8927463],[12.4939096,41.8927383],[12.493862,41.8927152],[12.4938313,41.8926908],[12.493802,41.8926504],[12.4938028,41.892612],[12.4938102,41.8925811],[12.4938411,41.892545],[12.493867,41.8925191],[12.4938747,41.8925255],[12.4938952,41.8925119],[12.4938259,41.8924416]]]}},{"type":"Feature","properties":{"class":"ruin","name":"Thermae Traianae","name:en":"Baths of Trajan"},"geometry":{"type":"Polygon","coordinates":[[[12.49712,41.8913019],[12.4971576,41.8912838],[12.4971772,41.8912635],[12.4972042,41.8912357],[12.4972229,41.891175],[12.4972078,41.8911138],[12.4971646,41.8910645],[12.4971093,41.8910343],[12.4970197,41.891018],[12.4969385,41.8910294],[12.4969145,41.891041],[12.4968483,41.8909664],[12.4960579,41.8913547],[12.4960254,41.8913641],[12.4960273,41.8913686],[12.4960602,41.8913586],[12.4968416,41.890976],[12.4969037,41.8910462],[12.49693,41.8910763],[12.4969568,41.8910634],[12.4970184,41.8910547],[12.4970885,41.8910675],[12.4971289,41.8910896],[12.4971621,41.8911274],[12.4971736,41.8911742],[12.4971593,41.8912206],[12.4971237,41.8912573],[12.4970938,41.8912717],[12.49712,41.8913019]]]}},{"type":"Feature","properties":{"class":"ruin","name":null,"name:en":null},"geometry":{"type":"Polygon","coordinates":[[[12.4975657,41.8930701],[12.4975636,41.8930566],[12.497473,41.8930644],[12.4974366,41.8930695],[12.4974077,41.8930834],[12.4973884,41.8931031],[12.4973791,41.8931308],[12.4973869,41.893161],[12.4974033,41.8931799],[12.4974328,41.8931959],[12.4974574,41.8932003],[12.4974548,41.893186],[12.4974405,41.8931834],[12.4974167,41.8931705],[12.497404,41.8931559],[12.4973977,41.8931312],[12.4974051,41.8931089],[12.4974204,41.8930933],[12.4974434,41.8930822],[12.4975657,41.8930701]]]}},{"type":"Feature","properties":{"class":"ruin","name":"Cisterna delle Sette Sale","name:en":null},"geometry":{"type":"Polygon","coordinates":[[[12.499519,41.8929466],[12.4995297,41.8929394],[12.4995303,41.8929287],[12.499529,41.8929276],[12.4995657,41.892927],[12.4995653,41.8929343],[12.499575,41.8929422],[12.4995894,41.8929427],[12.4996001,41.8929355],[12.4996006,41.8929264],[12.4996869,41.8929249],[12.4996704,41.8923999],[12.4991831,41.8924084],[12.4991996,41.8929333],[12.49927,41.8929321],[12.4992695,41.8929405],[12.4992792,41.8929484],[12.4992936,41.8929489],[12.4993043,41.8929416],[12.4993049,41.8929315],[12.4994174,41.8929296],[12.4994168,41.8929402],[12.4994265,41.8929481],[12.4994409,41.8929486],[12.4994516,41.8929413],[12.4994522,41.8929306],[12.4994503,41.892929],[12.4994955,41.8929282],[12.4994949,41.8929382],[12.4995046,41.8929462],[12.499519,41.8929466]]]}},{"type":"Feature","properties":{"class":"ruin","name":null,"name:en":null},"geometry":{"type":"Polygon","coordinates":[[[12.4992275,41.8928704],[12.4993231,41.8928688],[12.4993213,41.8928119],[12.4993273,41.8928118],[12.4993293,41.8928732],[12.4992216,41.892875],[12.4992069,41.892408],[12.4993146,41.8924061],[12.4993261,41.8927723],[12.4993201,41.8927724],[12.4993087,41.8924107],[12.4992131,41.8924123],[12.4992275,41.8928704]]]}},{"type":"Feature","properties":{"class":"ruin","name":null,"name:en":null},"geometry":{"type":"Polygon","coordinates":[[[12.49942,41.8926618],[12.4994067,41.8926636],[12.4993939,41.8926612],[12.4993855,41.8926567],[12.499389,41.8927674],[12.4996757,41.8927624],[12.4996716,41.8926298],[12.4994738,41.8926333],[12.4994733,41.8926168],[12.4994575,41.892614],[12.4994302,41.8925992],[12.4994205,41.892588],[12.4994347,41.8925878],[12.4994391,41.8925929],[12.4994627,41.8926056],[12.4994906,41.8926107],[12.4995225,41.8926065],[12.4995443,41.892596],[12.4995543,41.8925857],[12.4995694,41.8925854],[12.4995528,41.8926026],[12.499527,41.892615],[12.4994902,41.8926199],[12.4994793,41.8926179],[12.4994797,41.8926287],[12.4996714,41.8926253],[12.4996645,41.8924045],[12.4994819,41.8924077],[12.4994818,41.8924032],[12.4996704,41.8923999],[12.4996819,41.8927668],[12.4993831,41.892772],[12.4993793,41.8926508],[12.4993864,41.8926507],[12.4993879,41.8926524],[12.4993965,41.8926571],[12.4994069,41.892659],[12.4994185,41.8926574],[12.4994267,41.8926535],[12.4994329,41.8926471],[12.4994354,41.8926391],[12.4994333,41.892631],[12.4994276,41.8926245],[12.4994203,41.8926204],[12.4994085,41.8926183],[12.4993977,41.8926198],[12.4993892,41.8926239],[12.4993862,41.892627],[12.4993786,41.8926271],[12.4993716,41.8924051],[12.4993933,41.8924047],[12.4993935,41.8924092],[12.4993778,41.8924095],[12.4993847,41.8926209],[12.4993954,41.8926156],[12.4994086,41.8926137],[12.4994228,41.8926163],[12.4994321,41.8926213],[12.4994391,41.8926293],[12.4994415,41.8926392],[12.4994385,41.892649],[12.4994325,41.8926551],[12.4994414,41.8926509],[12.499458,41.8926485],[12.4994581,41.8926531],[12.4994437,41.8926551],[12.4994253,41.892664],[12.4994128,41.8926766],[12.4994069,41.8926943],[12.4994118,41.8927134],[12.4994225,41.8927256],[12.4994412,41.8927357],[12.4994608,41.8927393],[12.499461,41.8927439],[12.4994386,41.8927399],[12.4994181,41.8927288],[12.4994061,41.8927151],[12.4994008,41.8926942],[12.4994073,41.8926747],[12.49942,41.8926618]]]}},{"type":"Feature","properties":{"class":"public","name":"Santa Maria del Buon Consiglio","name:en":null},"geometry":{"type":"Polygon","coordinates":[[[12.4893716,41.8934054],[12.4893624,41.8934186],[12.4895501,41.8934911],[12.4895781,41.8934509],[12.4895869,41.8934383],[12.4893991,41.8933659],[12.4893954,41.8933712],[12.4893732,41.8933627],[12.4893495,41.8933968],[12.4893716,41.8934054]]]}},{"type":"Feature","properties":{"class":"public","name":"Chiesa di San Salvatore ai Monti","name:en":null},"geometry":{"type":"Polygon","coordinates":[[[12.4897631,41.8944209],[12.4898534,41.894449],[12.4898699,41.8944268],[12.4899295,41.8943468],[12.4898232,41.8943137],[12.4897631,41.8944209]]]}},{"type":"Feature","properties":{"class":"public","name":"Sant\u2019Isidoro a Capo le Case","name:en":null},"geometry":{"type":"Polygon","coordinates":[[[12.4870304,41.9061419],[12.4870522,41.906151],[12.4872148,41.905934],[12.4870699,41.9058739],[12.4870507,41.9058995],[12.4869936,41.9059757],[12.4869485,41.9060359],[12.4869073,41.9060908],[12.4869323,41.9061012],[12.4869152,41.9061239],[12.4870133,41.9061647],[12.4870304,41.9061419]]]}},{"type":"Feature","properties":{"class":"public","name":null,"name:en":null},"geometry":{"type":"Polygon","coordinates":[[[12.4835576,41.8986156],[12.4835583,41.8986318],[12.4835599,41.8986741],[12.4834262,41.8986769],[12.4834245,41.898631],[12.4831814,41.8986242],[12.4831286,41.898865],[12.4834071,41.8988923],[12.4836747,41.8989185],[12.4837114,41.898718],[12.4836096,41.8986676],[12.4836078,41.8986362],[12.483607,41.8986224],[12.4835576,41.8986156]]]}},{"type":"Feature","properties":{"class":"public","name":"Palazzo Frascara","name:en":null},"geometry":{"type":"Polygon","coordinates":[[[12.484243,41.8991822],[12.4842759,41.8990652],[12.4837141,41.8989778],[12.4836364,41.8991859],[12.4837421,41.8992023],[12.483766,41.8991171],[12.4839537,41.8991463],[12.4839329,41.8992204],[12.4839271,41.8992412],[12.4841943,41.8992828],[12.484243,41.8991822]]]}},{"type":"Feature","properties":{"class":"public","name":"Santa Croce e San Bonaventura dei Lucchesi","name:en":null},"geometry":{"type":"Polygon","coordinates":[[[12.4842578,41.8997728],[12.4842666,41.8995762],[12.4845708,41.8995838],[12.4845818,41.899584],[12.4845793,41.8996397],[12.4846653,41.8996418],[12.4846621,41.8997134],[12.4845787,41.8997113],[12.484576,41.8997714],[12.4845664,41.8997712],[12.484566,41.8997805],[12.4842578,41.8997728]]]}},{"type":"Feature","properties":{"class":"public","name":"Santa Maria d'Itria","name:en":null},"geometry":{"type":"Polygon","coordinates":[[[12.4859106,41.9030094],[12.4858583,41.9031223],[12.4858236,41.9031971],[12.4859281,41.903224],[12.4859486,41.9031798],[12.4860151,41.9030363],[12.4859619,41.9030226],[12.4859106,41.9030094]]]}},{"type":"Feature","properties":{"class":"public","name":"Sant\u2019Ildefonso in Via Sistina","name:en":null},"geometry":{"type":"Polygon","coordinates":[[[12.4872467,41.9038724],[12.4872726,41.9038579],[12.4872971,41.9038433],[12.487319,41.9038308],[12.4873302,41.9038248],[12.4873538,41.9038124],[12.4873812,41.903797],[12.4873731,41.903789],[12.4873597,41.9037965],[12.4872581,41.9036961],[12.4872715,41.9036886],[12.4872474,41.9036649],[12.4872142,41.9036835],[12.4871129,41.9037403],[12.487137,41.9037641],[12.487147,41.9037584],[12.4871782,41.9037893],[12.4872486,41.9038588],[12.4872386,41.9038644],[12.4872467,41.9038724]]]}},{"type":"Feature","properties":{"class":"public","name":"Santi Quaranta e San Pasquale Baylon","name:en":null},"geometry":{"type":"Polygon","coordinates":[[[12.4715638,41.887878],[12.4719067,41.8878708],[12.4719009,41.887719],[12.4715581,41.8877262],[12.4715638,41.887878]]]}},{"type":"Feature","properties":{"class":"public","name":"Basilica di Sant'Andrea delle Fratte","name:en":null},"geometry":{"type":"Polygon","coordinates":[[[12.4835556,41.9034965],[12.4835038,41.9036758],[12.4840695,41.9037664],[12.4840699,41.9037683],[12.4840744,41.9037747],[12.4840812,41.9037799],[12.4840899,41.9037832],[12.4840999,41.9037843],[12.4841099,41.9037832],[12.4841185,41.9037799],[12.4841254,41.9037747],[12.4841298,41.9037683],[12.4841314,41.9037608],[12.4841298,41.9037534],[12.4841254,41.9037469],[12.4841185,41.9037419],[12.4841205,41.9037404],[12.4841461,41.9037375],[12.4841683,41.903729],[12.4841861,41.9037157],[12.4841975,41.9036992],[12.4842016,41.9036799],[12.4842008,41.9036762],[12.4841975,41.9036609],[12.4841861,41.9036441],[12.4841843,41.9036428],[12.4841683,41.9036311],[12.4841461,41.9036225],[12.4841403,41.9036218],[12.4841491,41.9035916],[12.4835556,41.9034965]]]}},{"type":"Feature","properties":{"class":"public","name":null,"name:en":null},"geometry":{"type":"Polygon","coordinates":[[[12.4931392,41.8926639],[12.4930976,41.8927146],[12.4931564,41.89276],[12.493188,41.8927844],[12.4933198,41.8928227],[12.4934295,41.8927439],[12.4936389,41.8929055],[12.4936767,41.8928783],[12.4937592,41.892942],[12.4938446,41.8928807],[12.4938521,41.8928753],[12.4935677,41.8926558],[12.4934711,41.8925812],[12.4934919,41.8925663],[12.493358,41.8924629],[12.4933254,41.8924864],[12.4932003,41.8925761],[12.4932148,41.8925873],[12.4932973,41.8926509],[12.4932067,41.892716],[12.4931392,41.8926639]]]}},{"type":"Feature","properties":{"class":"ruin","name":"Villa dell'Auditorium","name:en":null},"geometry":{"type":"Polygon","coordinates":[[[12.4754473,41.9284858],[12.4756117,41.9285787],[12.4758322,41.9287621],[12.4759467,41.928899],[12.4755518,41.9289642],[12.4753148,41.9290034],[12.4752997,41.9289921],[12.4751161,41.9288564],[12.475241,41.9287558],[12.4751777,41.9287175],[12.4754473,41.9284858]]]}},{"type":"Feature","properties":{"class":"public","name":null,"name:en":null},"geometry":{"type":"Polygon","coordinates":[[[12.4636314,41.9037697],[12.4636352,41.9038002],[12.4632696,41.9038255],[12.463261,41.9037565],[12.4632478,41.9036503],[12.4635231,41.9036313],[12.4635605,41.9036288],[12.4636133,41.9036251],[12.4636314,41.9037697]]]}},{"type":"Feature","properties":{"class":"public","name":"Oratorio di Santa Maria Annunziata","name:en":null},"geometry":{"type":"Polygon","coordinates":[[[12.4637397,41.9019364],[12.4637092,41.9020189],[12.4636899,41.9020711],[12.4636207,41.9020569],[12.4636142,41.9020744],[12.4635583,41.9020629],[12.4635641,41.9020472],[12.4635016,41.9020344],[12.463552,41.901898],[12.4636375,41.9019155],[12.4637397,41.9019364]]]}},{"type":"Feature","properties":{"class":"public","name":"Chiesa di San Benedetto in Piscinula","name:en":null},"geometry":{"type":"Polygon","coordinates":[[[12.4767697,41.8888263],[12.4768492,41.8889612],[12.476946,41.8889296],[12.4768908,41.8888359],[12.4769154,41.8888278],[12.4768499,41.8887167],[12.4767285,41.8887563],[12.4767697,41.8888263]]]}},{"type":"Feature","properties":{"class":"public","name":null,"name:en":null},"geometry":{"type":"Polygon","coordinates":[[[12.4910563,41.8971703],[12.4909407,41.8971023],[12.4911821,41.8968431],[12.4915804,41.8969137],[12.4915442,41.8970343],[12.4914873,41.8970279],[12.491489,41.8970176],[12.4912511,41.8969714],[12.4912459,41.8969791],[12.4912011,41.896974],[12.4911718,41.8969984],[12.4912097,41.8970176],[12.4910563,41.8971703]]]}},{"type":"Feature","properties":{"class":"public","name":null,"name:en":null},"geometry":{"type":"Polygon","coordinates":[[[12.4913572,41.8973099],[12.4915502,41.897434],[12.4916215,41.8973727],[12.4916385,41.8973836],[12.4917156,41.8973171],[12.4916985,41.8973061],[12.4918045,41.8972148],[12.491764,41.8971888],[12.4917834,41.8971721],[12.4916318,41.8970747],[12.4915353,41.8971579],[12.4915257,41.8971517],[12.491436,41.897229],[12.4914446,41.8972346],[12.4913572,41.8973099]]]}},{"type":"Feature","properties":{"class":"public","name":"Torre di Galina Alba","name:en":null},"geometry":{"type":"Polygon","coordinates":[[[12.4914075,41.8970761],[12.4913272,41.8971337],[12.4912624,41.8970838],[12.4913427,41.8970261],[12.4914075,41.8970761]]]}},{"type":"Feature","properties":{"class":"public","name":"Cappella Policlinico Militare","name:en":null},"geometry":{"type":"Polygon","coordinates":[[[12.4960811,41.8853902],[12.4960551,41.885395],[12.4960831,41.88548],[12.4961874,41.885461],[12.496264,41.8856894],[12.4964454,41.8856556],[12.4963831,41.8854703],[12.4965047,41.8854476],[12.4964762,41.8853629],[12.4964056,41.885376],[12.4963945,41.8853429],[12.4963202,41.8853411],[12.4962925,41.8853462],[12.4963163,41.8854179],[12.4963148,41.8854182],[12.496311,41.8854124],[12.4963023,41.8854049],[12.4962909,41.8853998],[12.4962779,41.8853976],[12.4962647,41.8853985],[12.4962524,41.8854024],[12.4962424,41.8854089],[12.4962356,41.8854174],[12.4962326,41.885427],[12.4962327,41.8854322],[12.4962305,41.8854326],[12.4962156,41.8853903],[12.4961659,41.8854001],[12.4961573,41.8853757],[12.4961345,41.8853802],[12.4961319,41.8853728],[12.4961259,41.8853677],[12.4961182,41.8853642],[12.4961094,41.8853627],[12.4961004,41.8853633],[12.496092,41.8853659],[12.4960852,41.8853704],[12.4960806,41.8853761],[12.4960786,41.8853827],[12.4960811,41.8853902]]]}},{"type":"Feature","properties":{"class":"public","name":"Chiesa di San Tommaso in Formis all\u2019Arco di Dolabella","name:en":null},"geometry":{"type":"Polygon","coordinates":[[[12.4946312,41.8853222],[12.4945702,41.8854131],[12.4947622,41.8854852],[12.4948202,41.8853926],[12.4946312,41.8853222]]]}},{"type":"Feature","properties":{"class":"public","name":"Basilica dei Santi Quattro Coronati","name:en":null},"geometry":{"type":"Polygon","coordinates":[[[12.4979807,41.888172],[12.4979477,41.888178],[12.4979189,41.8881912],[12.4979042,41.8882041],[12.497897,41.8882104],[12.4978841,41.8882337],[12.4978815,41.8882589],[12.4978894,41.8882834],[12.4979072,41.8883048],[12.497933,41.8883212],[12.4979643,41.8883308],[12.4979981,41.8883327],[12.4983215,41.8883132],[12.4983123,41.8882284],[12.4983041,41.8881526],[12.4979807,41.888172]]]}},{"type":"Feature","properties":{"class":"public","name":"Santa Maria in Tempulo","name:en":null},"geometry":{"type":"Polygon","coordinates":[[[12.4936426,41.8821129],[12.4937427,41.8821694],[12.4937957,41.8821173],[12.4936956,41.8820608],[12.4936426,41.8821129]]]}},{"type":"Feature","properties":{"class":"ruin","name":null,"name:en":null},"geometry":{"type":"Polygon","coordinates":[[[12.4934873,41.8775412],[12.4933197,41.8774164],[12.4932799,41.8773868],[12.4932265,41.877347],[12.4932655,41.877318],[12.4932813,41.8773297],[12.4932813,41.8773695],[12.4933019,41.8773695],[12.4933019,41.8773719],[12.4933109,41.8773926],[12.4933264,41.8774084],[12.493341,41.8774005],[12.4933272,41.8773864],[12.49332,41.8773698],[12.49332,41.8773523],[12.4933272,41.8773357],[12.493341,41.8773216],[12.49336,41.8773113],[12.4933823,41.8773059],[12.4934057,41.8773059],[12.493428,41.8773113],[12.493447,41.8773216],[12.4934576,41.8773107],[12.4934364,41.8772992],[12.4934086,41.8772924],[12.4933794,41.8772924],[12.4933517,41.8772992],[12.493328,41.8773119],[12.4933109,41.8773295],[12.4933098,41.8773319],[12.4932994,41.8773241],[12.4933064,41.8773115],[12.4932994,41.8772989],[12.4932824,41.8772937],[12.4932655,41.8772989],[12.4932009,41.877347],[12.4935468,41.8776045],[12.4936134,41.8775549],[12.4936006,41.8775454],[12.4935596,41.877576],[12.4935001,41.8775317],[12.4934873,41.8775412]]]}},{"type":"Feature","properties":{"class":"ruin","name":null,"name:en":null},"geometry":{"type":"Polygon","coordinates":[[[12.4914425,41.8780998],[12.4914581,41.8781116],[12.4914666,41.8781054],[12.4921068,41.8776389],[12.4921497,41.8776162],[12.4921999,41.8776045],[12.4922525,41.8776049],[12.4923023,41.8776174],[12.4923445,41.8776408],[12.492375,41.8776727],[12.4923947,41.8776623],[12.492362,41.877628],[12.4923136,41.8776013],[12.4922565,41.877587],[12.4921963,41.8775865],[12.4921807,41.8775901],[12.4921388,41.8775999],[12.4920913,41.877625],[12.4918253,41.8778189],[12.4917649,41.8777732],[12.4917497,41.8777842],[12.49181,41.8778301],[12.4915991,41.8779838],[12.4915412,41.8779397],[12.491526,41.8779508],[12.4915839,41.8779948],[12.4914789,41.8780714],[12.4914497,41.8780926],[12.4914371,41.8780856],[12.4914222,41.8780819],[12.4914064,41.8780817],[12.4913914,41.8780852],[12.4913786,41.878092],[12.4913692,41.8781014],[12.4913642,41.8781125],[12.491364,41.8781243],[12.4913687,41.8781354],[12.4913778,41.878145],[12.4913877,41.8781398],[12.4913797,41.8781314],[12.4913761,41.8781229],[12.4913762,41.8781141],[12.49138,41.8781057],[12.4913871,41.8780985],[12.4913969,41.8780934],[12.4914082,41.8780907],[12.4914201,41.8780908],[12.4914314,41.8780937],[12.4914425,41.8780998]]]}},{"type":"Feature","properties":{"class":"ruin","name":null,"name:en":null},"geometry":{"type":"Polygon","coordinates":[[[12.4927898,41.8770219],[12.492777,41.8770314],[12.4931334,41.8772968],[12.493195,41.8772509],[12.4932336,41.8772796],[12.4932464,41.8772701],[12.493195,41.8772318],[12.4931334,41.8772777],[12.4927898,41.8770219]]]}},{"type":"Feature","properties":{"class":"ruin","name":null,"name:en":null},"geometry":{"type":"Polygon","coordinates":[[[12.4910941,41.879966],[12.4911028,41.8799611],[12.491113,41.8799584],[12.491124,41.8799582],[12.4911344,41.8799605],[12.4911434,41.8799651],[12.4911899,41.8799998],[12.4912029,41.8799902],[12.4910669,41.8798885],[12.4910538,41.8798982],[12.4910998,41.8799325],[12.4910388,41.8799778],[12.4910584,41.8799925],[12.4910941,41.879966]]]}},{"type":"Feature","properties":{"class":"ruin","name":null,"name:en":null},"geometry":{"type":"Polygon","coordinates":[[[12.4904647,41.8787043],[12.4904336,41.8787254],[12.4903855,41.8787581],[12.4904007,41.8787705],[12.4903688,41.8787921],[12.4902331,41.8788843],[12.4902691,41.8789137],[12.4903411,41.8788648],[12.490315,41.8788435],[12.4903239,41.8788374],[12.4903581,41.8788654],[12.4902773,41.8789203],[12.490291,41.8789316],[12.490132,41.8790395],[12.4903111,41.8791857],[12.490395,41.8791286],[12.4904032,41.8791353],[12.4903103,41.8791983],[12.490115,41.8790389],[12.490274,41.878931],[12.4902161,41.8788837],[12.4903837,41.8787699],[12.4903685,41.8787575],[12.4904566,41.8786976],[12.4904647,41.8787043]]]}},{"type":"Feature","properties":{"class":"ruin","name":null,"name:en":null},"geometry":{"type":"Polygon","coordinates":[[[12.4907399,41.8786593],[12.4907416,41.8786962],[12.4907585,41.8787309],[12.490789,41.8787601],[12.4907699,41.8787711],[12.4907371,41.8787397],[12.4907176,41.8786997],[12.4907158,41.8786599],[12.4907399,41.8786593]]]}},{"type":"Feature","properties":{"class":"ruin","name":null,"name:en":null},"geometry":{"type":"Polygon","coordinates":[[[12.4917218,41.8803826],[12.491471,41.8801951],[12.4914603,41.880203],[12.4914723,41.8802119],[12.4914154,41.8802541],[12.4913495,41.8802048],[12.4914063,41.8801626],[12.4914137,41.8801681],[12.4914244,41.8801602],[12.4914039,41.8801449],[12.4913363,41.880195],[12.4913327,41.8801923],[12.4911859,41.880192],[12.49133,41.8800852],[12.4912364,41.8800152],[12.4912233,41.8800249],[12.4912887,41.8800737],[12.4911683,41.880163],[12.4911479,41.8801691],[12.4911259,41.8801704],[12.4911044,41.8801668],[12.4910853,41.8801587],[12.4910165,41.8801073],[12.4909981,41.8801036],[12.4910022,41.8800924],[12.490981,41.8800854],[12.4909739,41.8800718],[12.4910022,41.8800508],[12.4910022,41.8800477],[12.4910022,41.8800342],[12.4910231,41.8800187],[12.4910035,41.880004],[12.490911,41.8800726],[12.4905562,41.8798074],[12.490577,41.8797919],[12.4906143,41.8798198],[12.4906312,41.8798072],[12.490594,41.8797794],[12.4906108,41.8797669],[12.4905585,41.8797278],[12.4905249,41.8797278],[12.4903809,41.8796201],[12.4903613,41.8796014],[12.4903517,41.8795817],[12.4903508,41.8795608],[12.4903586,41.8795408],[12.4903743,41.8795235],[12.4903964,41.8795106],[12.4904228,41.8795035],[12.4904508,41.8795028],[12.4904778,41.8795086],[12.4905197,41.8795263],[12.4905612,41.8795328],[12.4907349,41.8796656],[12.4907483,41.8796551],[12.4900676,41.879145],[12.4900586,41.8791517],[12.4900386,41.8791367],[12.4900476,41.87913],[12.4900322,41.8791185],[12.490068,41.8790919],[12.4900553,41.8790824],[12.4900066,41.8791185],[12.4904753,41.8794688],[12.4904542,41.8794845],[12.4904548,41.879485],[12.4904539,41.8794848],[12.4904182,41.8794856],[12.4903846,41.8794947],[12.4903564,41.879511],[12.4903364,41.8795331],[12.4903266,41.8795586],[12.4903278,41.8795852],[12.4903399,41.8796102],[12.4903619,41.8796311],[12.4904881,41.8797335],[12.4904947,41.8797685],[12.4905202,41.8798132],[12.4905627,41.8798646],[12.4906093,41.8799126],[12.4906559,41.8799547],[12.490717,41.8799995],[12.4907799,41.8800378],[12.4908533,41.8800756],[12.4909262,41.8801031],[12.4910071,41.8801194],[12.4911223,41.8802054],[12.4913252,41.8802057],[12.4913983,41.8802604],[12.4910464,41.8802599],[12.4908088,41.8801966],[12.490641,41.880117],[12.490478,41.8800054],[12.4903815,41.879884],[12.4903356,41.8798024],[12.4902863,41.8796826],[12.4902918,41.8796418],[12.4902737,41.8796405],[12.4902679,41.879684],[12.4903185,41.879807],[12.4903653,41.8798901],[12.4904638,41.880014],[12.49063,41.8801278],[12.4908008,41.8802088],[12.4910433,41.8802734],[12.4914251,41.8802739],[12.4914904,41.8802255],[12.4917112,41.8803905],[12.4917218,41.8803826]]]}},{"type":"Feature","properties":{"class":"ruin","name":null,"name:en":null},"geometry":{"type":"Polygon","coordinates":[[[12.4927607,41.8808574],[12.4928598,41.8809316],[12.4931612,41.8807082],[12.493062,41.8806341],[12.4927607,41.8808574]]]}},{"type":"Feature","properties":{"class":"ruin","name":null,"name:en":null},"geometry":{"type":"Polygon","coordinates":[[[12.4923667,41.8788671],[12.4923774,41.878871],[12.4923928,41.87888],[12.4923825,41.8788963],[12.4923731,41.8788963],[12.4923583,41.8788993],[12.4923529,41.8789162],[12.4923556,41.8789242],[12.492367,41.8789317],[12.4923597,41.8789487],[12.4923476,41.8789467],[12.4923428,41.8789689],[12.4923462,41.8789991],[12.4923529,41.8790291],[12.492312,41.8790391],[12.4923047,41.8790191],[12.4922939,41.8790181],[12.4922872,41.8789886],[12.4922923,41.8789477],[12.4923117,41.8789392],[12.4923258,41.8789167],[12.4923526,41.8788918],[12.4923442,41.8788858],[12.4923509,41.8788733],[12.4923348,41.8788579],[12.4923258,41.8788396],[12.492325,41.8788201],[12.4923322,41.8788014],[12.4923469,41.8787852],[12.4923676,41.8787732],[12.4923922,41.8787666],[12.4924183,41.8787659],[12.4924435,41.8787713],[12.4924582,41.8787742],[12.4924981,41.8787657],[12.4925451,41.878761],[12.4926051,41.8787587],[12.4926574,41.8787582],[12.4926996,41.8787672],[12.4927499,41.8787854],[12.4927613,41.8787984],[12.4927653,41.8788101],[12.4927647,41.8788201],[12.4927506,41.8788219],[12.4927412,41.8788201],[12.4927412,41.8788086],[12.4927392,41.8787972],[12.4927218,41.8787924],[12.4927164,41.8787924],[12.492705,41.8787959],[12.4926926,41.8787997],[12.4926825,41.8787952],[12.4926775,41.8787884],[12.4926574,41.8787862],[12.4925947,41.8787824],[12.4925685,41.8787857],[12.4925568,41.8787947],[12.4925508,41.8787979],[12.4925397,41.8787937],[12.49253,41.8787834],[12.4925203,41.8787782],[12.4924985,41.8787792],[12.4924736,41.8787894],[12.4924649,41.8787942],[12.4924527,41.8787922],[12.4924357,41.8787837],[12.4924161,41.8787795],[12.4923956,41.87878],[12.4923764,41.8787852],[12.4923603,41.8787945],[12.4923488,41.8788072],[12.4923431,41.8788218],[12.4923438,41.878837],[12.4923508,41.8788513],[12.4923566,41.8788581],[12.4923667,41.8788671]]]}},{"type":"Feature","properties":{"class":"ruin","name":null,"name:en":null},"geometry":{"type":"Polygon","coordinates":[[[12.4922076,41.8799325],[12.4922158,41.8799387],[12.4922089,41.8799437],[12.492224,41.8799552],[12.4922308,41.8799502],[12.492244,41.8799603],[12.4922589,41.8799495],[12.4922225,41.8799217],[12.4922076,41.8799325]]]}},{"type":"Feature","properties":{"class":"ruin","name":null,"name:en":null},"geometry":{"type":"Polygon","coordinates":[[[12.4942714,41.8780821],[12.4943092,41.8781109],[12.4942956,41.8781208],[12.4943034,41.8781268],[12.4943175,41.8781165],[12.4943891,41.878171],[12.4944041,41.8781601],[12.4942868,41.8780708],[12.4942714,41.8780821]]]}},{"type":"Feature","properties":{"class":"public","name":"Chiesa di Santa Maria del Priorato","name:en":null},"geometry":{"type":"Polygon","coordinates":[[[12.4775294,41.8834477],[12.4775432,41.8834514],[12.4775755,41.8834402],[12.4775878,41.8834153],[12.4775815,41.8834054],[12.4775947,41.8833946],[12.4775315,41.8833515],[12.4773758,41.8832451],[12.4773334,41.8832162],[12.4772295,41.8833005],[12.4773618,41.8833909],[12.4773693,41.8833849],[12.477484,41.8834632],[12.4775098,41.8834423],[12.477524,41.883452],[12.4775294,41.8834477]]]}},{"type":"Feature","properties":{"class":"public","name":"Sant'Andrea dei Vascellari","name:en":null},"geometry":{"type":"Polygon","coordinates":[[[12.4776577,41.8882533],[12.4778015,41.8881927],[12.4777427,41.8881355],[12.4776105,41.8881912],[12.4776577,41.8882533]]]}},{"type":"Feature","properties":{"class":"public","name":"Santa Maria in Cappella","name:en":null},"geometry":{"type":"Polygon","coordinates":[[[12.4782032,41.8872673],[12.4780825,41.8873124],[12.4780607,41.8872782],[12.4780319,41.8872925],[12.4780928,41.8873884],[12.4781238,41.8873775],[12.4782397,41.8873367],[12.4782504,41.8873535],[12.4782992,41.8873363],[12.4782569,41.8872698],[12.4782817,41.887261],[12.4782698,41.8872424],[12.4782032,41.8872673]]]}},{"type":"Feature","properties":{"class":"public","name":"Chiesa di Santa Maria dell'Orto","name:en":null},"geometry":{"type":"Polygon","coordinates":[[[12.4745902,41.8868843],[12.4746304,41.8869434],[12.4746692,41.8869288],[12.474849,41.8868612],[12.4749259,41.8868323],[12.4747829,41.8866216],[12.4747528,41.886633],[12.4746461,41.8866731],[12.4743943,41.8867678],[12.4744971,41.8869193],[12.4745902,41.8868843]]]}},{"type":"Feature","properties":{"class":"public","name":"Sant\u2019Agata in Trastevere","name:en":null},"geometry":{"type":"Polygon","coordinates":[[[12.4734734,41.8895404],[12.4734965,41.889702],[12.4735118,41.8897688],[12.4735243,41.8898091],[12.4736399,41.8897938],[12.4736207,41.8896923],[12.4735987,41.8895303],[12.4734734,41.8895404]]]}},{"type":"Feature","properties":{"class":"public","name":"Santa Maria della Luce","name:en":null},"geometry":{"type":"Polygon","coordinates":[[[12.4756615,41.8891982],[12.4756964,41.8891936],[12.4757676,41.8891806],[12.4757443,41.8891495],[12.4756942,41.8890768],[12.4756725,41.8890771],[12.4755908,41.8890877],[12.4755441,41.8890937],[12.4755367,41.8890619],[12.475416,41.8890775],[12.4754234,41.8891092],[12.4753797,41.8891149],[12.4753723,41.8890832],[12.4753157,41.8890905],[12.475282,41.8890948],[12.4752894,41.8891266],[12.4753005,41.8891744],[12.4753165,41.8892428],[12.4754068,41.8892312],[12.4753978,41.8891925],[12.4754415,41.8891869],[12.4754505,41.8892255],[12.4754979,41.8892194],[12.4755513,41.8892125],[12.4755712,41.8892099],[12.4755622,41.8891713],[12.4755883,41.8891679],[12.4755973,41.8892065],[12.4756615,41.8891982]]]}},{"type":"Feature","properties":{"class":"public","name":"San Giovanni Battista dei Genovesi","name:en":null},"geometry":{"type":"Polygon","coordinates":[[[12.475634,41.8880842],[12.4755873,41.8879871],[12.4752155,41.8880862],[12.4752621,41.8881832],[12.475634,41.8880842]]]}},{"type":"Feature","properties":{"class":"public","name":"Santa Maria della Scala","name:en":null},"geometry":{"type":"Polygon","coordinates":[[[12.4680598,41.8910572],[12.4678152,41.8909731],[12.4675287,41.8908746],[12.467443,41.8910125],[12.4675988,41.8910661],[12.4675616,41.891126],[12.467937,41.8912551],[12.4679672,41.8912065],[12.4680295,41.891106],[12.4680598,41.8910572]]]}},{"type":"Feature","properties":{"class":"public","name":"Museo di Roma in Trastevere","name:en":null},"geometry":{"type":"Polygon","coordinates":[[[12.468816,41.889626],[12.4691121,41.889739],[12.4689783,41.8900246],[12.4689498,41.890084],[12.4689125,41.8900735],[12.468721,41.8900244],[12.4686251,41.8899994],[12.4684488,41.8899534],[12.468404,41.8899417],[12.4684138,41.889921],[12.468424,41.8898992],[12.4684919,41.8899169],[12.4685174,41.8898628],[12.4686842,41.8899063],[12.4687303,41.8899183],[12.4688948,41.8899612],[12.468976,41.8897885],[12.4688115,41.8897457],[12.4687654,41.8897337],[12.468816,41.889626]]]}},{"type":"Feature","properties":{"class":"public","name":"Santa Margherita in Trastevere","name:en":null},"geometry":{"type":"Polygon","coordinates":[[[12.4709992,41.889814],[12.4711867,41.8898337],[12.4711742,41.8896944],[12.4709866,41.8897066],[12.4709992,41.889814]]]}},{"type":"Feature","properties":{"class":"public","name":"Sant\u2019Antonio Maria Zaccaria","name:en":null},"geometry":{"type":"Polygon","coordinates":[[[12.4627631,41.8856553],[12.4627756,41.8856627],[12.4627905,41.8856668],[12.4628063,41.8856672],[12.4628216,41.885664],[12.4628348,41.8856575],[12.4628446,41.8856482],[12.4628501,41.8856372],[12.4628508,41.8856254],[12.4628465,41.885614],[12.4628377,41.8856042],[12.4628297,41.8855977],[12.4628435,41.8855882],[12.4628253,41.8855736],[12.4628359,41.8855663],[12.4627628,41.8855073],[12.4627522,41.8855145],[12.4626555,41.8854371],[12.4625594,41.8855063],[12.4626529,41.8855908],[12.4627388,41.8856601],[12.4627551,41.8856489],[12.4627631,41.8856553]]]}},{"type":"Feature","properties":{"class":"public","name":null,"name:en":null},"geometry":{"type":"Polygon","coordinates":[[[12.4726326,41.8905305],[12.4730333,41.8904475],[12.4729905,41.890333],[12.4727369,41.8903875],[12.472633,41.890405],[12.4725898,41.890416],[12.4726326,41.8905305]]]}},{"type":"Feature","properties":{"class":"public","name":"Sante Rufina e Seconda","name:en":null},"geometry":{"type":"Polygon","coordinates":[[[12.4722031,41.8898655],[12.4721911,41.8897493],[12.472346,41.8897392],[12.472358,41.8898553],[12.4722031,41.8898655]]]}},{"type":"Feature","properties":{"class":"public","name":"Chiesa dei Santi Maria e Gallicano","name:en":null},"geometry":{"type":"Polygon","coordinates":[[[12.4728054,41.8886846],[12.4729779,41.8886707],[12.4729631,41.8885689],[12.4727905,41.8885829],[12.4728054,41.8886846]]]}},{"type":"Feature","properties":{"class":"public","name":null,"name:en":null},"geometry":{"type":"Polygon","coordinates":[[[12.4721607,41.8882173],[12.4721658,41.8882521],[12.472168,41.8882677],[12.4720952,41.8882736],[12.4720966,41.8882836],[12.4721061,41.8883486],[12.4721936,41.8883415],[12.4721987,41.8883761],[12.4722059,41.8883958],[12.4722209,41.8884129],[12.4722423,41.8884257],[12.4722679,41.8884329],[12.4722953,41.888434],[12.4723218,41.8884286],[12.4723448,41.8884174],[12.472362,41.8884015],[12.4723718,41.8883824],[12.4723731,41.888362],[12.4723681,41.8883274],[12.4724378,41.8883218],[12.4724287,41.8882594],[12.4723593,41.8882641],[12.4723518,41.8882157],[12.4723357,41.8881048],[12.4722877,41.8881087],[12.4722863,41.8880988],[12.472228,41.8881035],[12.4722294,41.8881134],[12.4721971,41.888116],[12.4721926,41.8880853],[12.472107,41.8880922],[12.4721142,41.8881415],[12.4721493,41.8881387],[12.4721607,41.8882173]]]}},{"type":"Feature","properties":{"class":"public","name":"Palazzo degli Esami","name:en":null},"geometry":{"type":"Polygon","coordinates":[[[12.4714802,41.8855279],[12.4715685,41.885629],[12.4724364,41.885209],[12.4723594,41.8851207],[12.4723975,41.8851023],[12.472274,41.8849609],[12.4722345,41.88498],[12.4721622,41.8848971],[12.4717286,41.885103],[12.4712943,41.8853171],[12.4713554,41.8853871],[12.47133,41.8853994],[12.4714535,41.8855408],[12.4714802,41.8855279]]]}},{"type":"Feature","properties":{"class":"public","name":"San Basilio agli Orti Sallustiani","name:en":null},"geometry":{"type":"Polygon","coordinates":[[[12.489782,41.904956],[12.489848,41.9050127],[12.4899194,41.9049253],[12.4899659,41.9048682],[12.4898839,41.9048311],[12.489782,41.904956]]]}},{"type":"Feature","properties":{"class":"public","name":"San Nicola da Tolentino","name:en":null},"geometry":{"type":"Polygon","coordinates":[[[12.4913659,41.9052992],[12.4914999,41.905353],[12.4916086,41.9053967],[12.4916302,41.9053669],[12.4916783,41.9053862],[12.4917314,41.905313],[12.4917616,41.9052713],[12.4914129,41.9051313],[12.4914232,41.9051171],[12.4912087,41.905031],[12.4911566,41.9051013],[12.4911043,41.9051656],[12.4911475,41.9051841],[12.4913813,41.905278],[12.4913659,41.9052992]]]}},{"type":"Feature","properties":{"class":"public","name":null,"name:en":null},"geometry":{"type":"Polygon","coordinates":[[[12.488504,41.9047935],[12.4883055,41.9049216],[12.4884037,41.9050042],[12.4884609,41.9050502],[12.4887364,41.9052767],[12.4888765,41.9051881],[12.4887925,41.9051182],[12.4888572,41.9050758],[12.4885941,41.9048626],[12.488504,41.9047935]]]}},{"type":"Feature","properties":{"class":"public","name":"San Camillo de Lellis","name:en":null},"geometry":{"type":"Polygon","coordinates":[[[12.4945169,41.9072116],[12.4945407,41.9071993],[12.494609,41.907222],[12.4946536,41.9071477],[12.4947356,41.9070111],[12.494117,41.9068053],[12.4939659,41.9070569],[12.4944733,41.9072257],[12.4944843,41.9072073],[12.4945169,41.9072116]]]}},{"type":"Feature","properties":{"class":"public","name":"San Bernardo alle Terme","name:en":null},"geometry":{"type":"Polygon","coordinates":[[[12.4946583,41.903497],[12.4946147,41.9034707],[12.4945851,41.9034623],[12.4945624,41.9034558],[12.4945064,41.9034537],[12.4944334,41.9034585],[12.4943782,41.9035122],[12.4943279,41.9034872],[12.4942923,41.9035427],[12.4943491,41.9035709],[12.4943471,41.9036003],[12.4943616,41.9036406],[12.4943922,41.9036755],[12.4944358,41.9037018],[12.4944881,41.9037167],[12.4945441,41.9037189],[12.494552,41.9037173],[12.4945982,41.903708],[12.4946228,41.9036961],[12.4946452,41.9036853],[12.4946805,41.9036529],[12.4947005,41.9036139],[12.4947034,41.9035722],[12.4946889,41.903532],[12.4946583,41.903497]]]}},{"type":"Feature","properties":{"class":"public","name":"Chiesa di San Patrizio a Villa Ludovisi","name:en":null},"geometry":{"type":"Polygon","coordinates":[[[12.4927621,41.9087502],[12.4927529,41.9087697],[12.4927486,41.9087876],[12.4927519,41.9088055],[12.4927625,41.9088219],[12.4927793,41.9088349],[12.4928008,41.9088435],[12.4928248,41.9088467],[12.4928489,41.9088443],[12.4928708,41.9088364],[12.4928884,41.9088238],[12.4928999,41.9088079],[12.4929093,41.9087878],[12.4929259,41.9087921],[12.4929849,41.9088074],[12.4931009,41.9085596],[12.4931733,41.908405],[12.4928838,41.9083299],[12.4926951,41.9087328],[12.4927621,41.9087502]]]}},{"type":"Feature","properties":{"class":"public","name":null,"name:en":null},"geometry":{"type":"Polygon","coordinates":[[[12.4984169,41.9064809],[12.4985946,41.9066035],[12.4986299,41.9065752],[12.4988555,41.906731],[12.4990605,41.9065665],[12.4984346,41.9061343],[12.4982296,41.9062988],[12.4984522,41.9064525],[12.4984169,41.9064809]]]}},{"type":"Feature","properties":{"class":"ruin","name":"Mausoleo di Lucilio Peto","name:en":null},"geometry":{"type":"Polygon","coordinates":[[[12.4967924,41.9150124],[12.4967935,41.9149633],[12.4967742,41.9149164],[12.4967364,41.9148762],[12.4966837,41.9148467],[12.4966213,41.9148307],[12.4965554,41.9148299],[12.4964923,41.9148442],[12.4964383,41.9148724],[12.4963986,41.9149116],[12.4963772,41.914958],[12.496376,41.9150071],[12.4963953,41.915054],[12.4964332,41.9150942],[12.4964859,41.9151237],[12.4965482,41.9151397],[12.4966142,41.9151405],[12.4966772,41.9151262],[12.4967312,41.915098],[12.4967709,41.9150588],[12.4967924,41.9150124]]]}},{"type":"Feature","properties":{"class":"ruin","name":"Horti Sallustiani","name:en":null},"geometry":{"type":"Polygon","coordinates":[[[12.4966532,41.9083141],[12.4964663,41.9080057],[12.4965363,41.9078892],[12.4969719,41.9077901],[12.4971637,41.9078479],[12.4973896,41.9079846],[12.4972785,41.9080855],[12.4973414,41.9081267],[12.497263,41.9082625],[12.4972205,41.908249],[12.4971388,41.9083921],[12.4968231,41.9083693],[12.4966532,41.9083141]]]}},{"type":"Feature","properties":{"class":"ruin","name":null,"name:en":null},"geometry":{"type":"Polygon","coordinates":[[[12.4969555,41.9080336],[12.4970536,41.9080629],[12.4970862,41.9080025],[12.496988,41.9079732],[12.4969555,41.9080336]]]}},{"type":"Feature","properties":{"class":"public","name":"Cappella del Pontificio Seminario Romano Minore","name:en":null},"geometry":{"type":"Polygon","coordinates":[[[12.4447458,41.9016323],[12.4447915,41.901656],[12.4447772,41.9016721],[12.444775,41.9016888],[12.4447861,41.9017077],[12.4448152,41.9017245],[12.4448467,41.9017265],[12.4448733,41.9017174],[12.4448831,41.9017076],[12.444918,41.9017278],[12.4449701,41.9016826],[12.4450431,41.901607],[12.4448704,41.90151],[12.4447458,41.9016323]]]}},{"type":"Feature","properties":{"class":"public","name":"Santa Dorotea","name:en":null},"geometry":{"type":"Polygon","coordinates":[[[12.4682332,41.8920502],[12.4681902,41.8920549],[12.4681468,41.8920518],[12.4681058,41.8920417],[12.4680542,41.8920382],[12.4680211,41.8921885],[12.4680141,41.8922211],[12.4680449,41.8922248],[12.468025,41.8923168],[12.468025,41.8923357],[12.4680328,41.8923538],[12.4680477,41.8923691],[12.4680682,41.8923803],[12.4680926,41.8923863],[12.4681181,41.8923863],[12.4681423,41.8923805],[12.468163,41.8923694],[12.468178,41.892354],[12.468186,41.892336],[12.4682058,41.8922441],[12.4682427,41.8922485],[12.4682579,41.8921781],[12.4682848,41.8920537],[12.4682332,41.8920502]]]}},{"type":"Feature","properties":{"class":"wall","name":"Mura Aureliane","name:en":"Aurelian Walls"},"geometry":{"type":"LineString","coordinates":[[12.4688462,41.8928869],[12.4687314,41.8928229],[12.4687084,41.8928454],[12.4686328,41.8928025],[12.4686582,41.8927778],[12.4684958,41.8926908],[12.4683816,41.8926268],[12.468352,41.8926561],[12.4682735,41.8926122],[12.4683031,41.8925829],[12.4681927,41.8925218],[12.4680699,41.8924537],[12.4680414,41.892438],[12.4678967,41.8923578],[12.4678125,41.8923153],[12.4677718,41.8922934],[12.467659,41.8922583],[12.4676041,41.8922396],[12.4675656,41.8922235],[12.4673393,41.89208],[12.4671087,41.8918813],[12.4669155,41.8916377],[12.4665695,41.8912164],[12.466304,41.8907971],[12.4656281,41.8898367],[12.4654524,41.8896001]]}},{"type":"Feature","properties":{"class":"public","name":"Santa Croce alla Lungara","name:en":null},"geometry":{"type":"Polygon","coordinates":[[[12.4661043,41.8944009],[12.4657876,41.8942981],[12.4657387,41.8943849],[12.4659395,41.8944541],[12.4660391,41.8944849],[12.4661043,41.8944009]]]}},{"type":"Feature","properties":{"class":"public","name":"San Giuseppe alla Lungara","name:en":null},"geometry":{"type":"Polygon","coordinates":[[[12.4642248,41.8968259],[12.4640813,41.8967653],[12.4640324,41.8967446],[12.4639942,41.8967285],[12.4639706,41.8967594],[12.4639301,41.8968126],[12.4639935,41.8968393],[12.4641607,41.8969099],[12.4642248,41.8968259]]]}},{"type":"Feature","properties":{"class":"public","name":null,"name:en":null},"geometry":{"type":"Polygon","coordinates":[[[12.4648474,41.8887411],[12.4647573,41.888761],[12.4647516,41.888775],[12.4648489,41.8887851],[12.4648474,41.8887411]]]}},{"type":"Feature","properties":{"class":"public","name":"Chiesa di San Silvestro al Quirinale","name:en":null},"geometry":{"type":"Polygon","coordinates":[[[12.4868557,41.8973335],[12.4868497,41.8972417],[12.486647,41.8971345],[12.4866213,41.8971575],[12.4866093,41.8971779],[12.4865552,41.8972697],[12.4864469,41.8972232],[12.4864057,41.8972123],[12.4863669,41.8971803],[12.4863138,41.8971698],[12.4862776,41.8972004],[12.4862463,41.8972711],[12.4862327,41.8973369],[12.4863681,41.8973697],[12.4866281,41.8974392],[12.4867985,41.8974336],[12.4868557,41.8973335]]]}},{"type":"Feature","properties":{"class":"public","name":"Oratorio di San Giovanni in Oleo","name:en":null},"geometry":{"type":"Polygon","coordinates":[[[12.5021392,41.8766342],[12.5021215,41.8766314],[12.502108,41.8766229],[12.502101,41.8766104],[12.5021019,41.8765991],[12.5021112,41.876587],[12.5021256,41.8765802],[12.5021523,41.8765807],[12.5021653,41.8765874],[12.5021751,41.8766035],[12.5021718,41.8766183],[12.5021605,41.8766287],[12.5021392,41.8766342]]]}},{"type":"Feature","properties":{"class":"public","name":null,"name:en":null},"geometry":{"type":"Polygon","coordinates":[[[12.4863716,41.8979363],[12.4864248,41.897944],[12.4864322,41.8979251],[12.4864786,41.8979344],[12.4866405,41.8979638],[12.4866682,41.8978682],[12.4865687,41.897849],[12.4866132,41.8977154],[12.4867166,41.8977344],[12.4867985,41.8974336],[12.4866281,41.8974392],[12.4865393,41.897613],[12.4862912,41.897559],[12.4863681,41.8973697],[12.4862327,41.8973369],[12.4861948,41.8974368],[12.4861537,41.8975534],[12.4861324,41.8976251],[12.4863772,41.8976732],[12.4864523,41.897688],[12.4864161,41.8977991],[12.4863851,41.8978943],[12.4863716,41.8979363]]]}},{"type":"Feature","properties":{"class":"ruin","name":null,"name:en":"Vatican Necropolis"},"geometry":{"type":"Polygon","coordinates":[[[12.4534321,41.9022227],[12.4534004,41.9022348],[12.4533699,41.9022375],[12.45334,41.9022326],[12.453314,41.9022204],[12.4532959,41.9022037],[12.4532857,41.9021837],[12.4532845,41.9021622],[12.4532925,41.9021416],[12.4533087,41.9021239],[12.4533316,41.9021108],[12.4533589,41.9021038],[12.4533877,41.9021036],[12.4534152,41.9021101],[12.4534306,41.9021186],[12.4540526,41.9021182],[12.4540527,41.9022222],[12.4534321,41.9022227]]]}},{"type":"Feature","properties":{"class":"public","name":"Cappella del Monastero Mater Ecclesiae","name:en":"Chapel of the Mater Ecclesiae Monastery"},"geometry":{"type":"Polygon","coordinates":[[[12.4510443,41.9038265],[12.4507965,41.9038222],[12.4508028,41.9037254],[12.4510487,41.9037346],[12.4510471,41.903759],[12.4510443,41.9038265]]]}},{"type":"Feature","properties":{"class":"public","name":"Chiesa di San Roberto Bellarmino","name:en":null},"geometry":{"type":"Polygon","coordinates":[[[12.492849,41.9232629],[12.4927521,41.9230875],[12.4927188,41.923092],[12.4926957,41.9230836],[12.4926828,41.9230679],[12.4926877,41.9230498],[12.4927019,41.9230377],[12.4929141,41.9229576],[12.4929564,41.9229467],[12.4929831,41.9229438],[12.4930131,41.9229436],[12.4930289,41.9229623],[12.4930215,41.9229908],[12.4931345,41.9231598],[12.49317,41.923148],[12.4931932,41.9231512],[12.4932398,41.92323],[12.4933005,41.9232525],[12.4933452,41.9233304],[12.4933343,41.9233712],[12.4933724,41.9234318],[12.493457,41.9234064],[12.493395,41.9233095],[12.4935011,41.9232754],[12.4936214,41.9234656],[12.4933844,41.9235469],[12.4933331,41.9234757],[12.4932855,41.9234663],[12.4932855,41.9234754],[12.4933168,41.9234886],[12.4933013,41.9235356],[12.4932474,41.9235899],[12.4931712,41.9236099],[12.4931111,41.9236011],[12.4930405,41.9235663],[12.4930212,41.9235885],[12.492975,41.9235973],[12.4929486,41.9235855],[12.4929437,41.923558],[12.4929577,41.9235338],[12.4929307,41.9235351],[12.4928605,41.9234845],[12.492803,41.9234236],[12.4928219,41.9233695],[12.4927782,41.9232908],[12.492849,41.9232629]]]}},{"type":"Feature","properties":{"class":"public","name":null,"name:en":null},"geometry":{"type":"Polygon","coordinates":[[[12.4937866,41.9247618],[12.4938017,41.924759],[12.4938249,41.9247494],[12.4938413,41.9247339],[12.4938486,41.924715],[12.4938456,41.9246954],[12.4938327,41.9246781],[12.4938119,41.9246658],[12.4937864,41.9246604],[12.4937601,41.9246627],[12.4937401,41.9246668],[12.4937258,41.9246328],[12.4938786,41.9245968],[12.4938126,41.9244418],[12.4938535,41.9244321],[12.4938101,41.9243302],[12.4937692,41.9243398],[12.4937274,41.9242419],[12.493878,41.9242064],[12.4938435,41.9241256],[12.4938103,41.9241335],[12.4936631,41.9237879],[12.4934479,41.9238386],[12.4935464,41.9240697],[12.4935883,41.9240598],[12.4936291,41.9241534],[12.4932732,41.9242426],[12.4932223,41.9241237],[12.4930817,41.9241568],[12.4932531,41.9245593],[12.4933804,41.9245293],[12.4934063,41.92459],[12.4933742,41.9245976],[12.4933909,41.9246369],[12.4934303,41.9246276],[12.493464,41.924701],[12.4933381,41.9247343],[12.4933966,41.9248709],[12.4937895,41.9247689],[12.4937866,41.9247618]]]}},{"type":"Feature","properties":{"class":"public","name":"Basilica di Sant'Agnese fuori le mura","name:en":null},"geometry":{"type":"Polygon","coordinates":[[[12.5190473,41.9228848],[12.5190884,41.9229283],[12.5188791,41.9230276],[12.5187846,41.9230702],[12.5187328,41.9230183],[12.5186714,41.9229566],[12.5189264,41.9228145],[12.5189784,41.9227859],[12.5189914,41.922799],[12.5190203,41.9228281],[12.518998,41.9228404],[12.5189999,41.9228416],[12.5190249,41.9228351],[12.5190419,41.9228406],[12.519048,41.9228455],[12.5190522,41.9228504],[12.5190556,41.9228561],[12.5190585,41.9228634],[12.5190562,41.9228756],[12.5190473,41.9228848]]]}},{"type":"Feature","properties":{"class":"public","name":"Santa Maria dei Sette Dolori","name:en":null},"geometry":{"type":"Polygon","coordinates":[[[12.466177,41.8898524],[12.466165,41.8898596],[12.466209,41.8898823],[12.4662484,41.889919],[12.4662662,41.8899539],[12.4663722,41.889891],[12.4662711,41.8897966],[12.466177,41.8898524]]]}},{"type":"Feature","properties":{"class":"public","name":null,"name:en":null},"geometry":{"type":"Polygon","coordinates":[[[12.464311,41.9070827],[12.4646262,41.9071307],[12.4646424,41.9069856],[12.4643521,41.9069616],[12.464311,41.9070827]]]}},{"type":"Feature","properties":{"class":"public","name":"Cappella Sistina","name:en":"Sistine Chapel"},"geometry":{"type":"Polygon","coordinates":[[[12.454129,41.9028363],[12.4541255,41.9030257],[12.454221,41.9030266],[12.4542343,41.9030268],[12.4542683,41.9030271],[12.4546031,41.9030305],[12.4546795,41.9030313],[12.454683,41.9028419],[12.4542397,41.9028374],[12.454129,41.9028363]]]}},{"type":"Feature","properties":{"class":"public","name":"Cappella Paolina","name:en":"Pauline Chapel"},"geometry":{"type":"Polygon","coordinates":[[[12.4546685,41.9026758],[12.4546684,41.9026345],[12.454668,41.9025323],[12.4546679,41.9025036],[12.4547998,41.9025051],[12.4547992,41.902554],[12.4548191,41.9025542],[12.4548171,41.9026749],[12.4546685,41.9026758]]]}},{"type":"Feature","properties":{"class":"public","name":null,"name:en":null},"geometry":{"type":"Polygon","coordinates":[[[12.4914786,41.8977604],[12.4915996,41.8976595],[12.4915851,41.8976498],[12.4913969,41.8975247],[12.4913297,41.8975808],[12.4914291,41.8976469],[12.4913754,41.8976917],[12.4914786,41.8977604]]]}},{"type":"Feature","properties":{"class":"public","name":"Chiesa di San Benedetto","name:en":null},"geometry":{"type":"Polygon","coordinates":[[[12.4783848,41.8715681],[12.4788305,41.8716649],[12.4788358,41.8716515],[12.4788758,41.8716602],[12.4789178,41.8715528],[12.4788778,41.8715442],[12.4788838,41.8715288],[12.478438,41.8714321],[12.4784332,41.8714445],[12.4783859,41.8714355],[12.4783245,41.871452],[12.4783118,41.8714983],[12.478344,41.8715416],[12.4783912,41.8715517],[12.4783848,41.8715681]]]}},{"type":"Feature","properties":{"class":"public","name":null,"name:en":null},"geometry":{"type":"Polygon","coordinates":[[[12.5024975,41.9048952],[12.5026615,41.9050084],[12.5023717,41.9052411],[12.5023275,41.9052105],[12.5023932,41.9051577],[12.5023768,41.9051465],[12.5025063,41.9050426],[12.5024387,41.9049959],[12.5024625,41.9049768],[12.5024267,41.9049521],[12.5024975,41.9048952]]]}},{"type":"Feature","properties":{"class":"public","name":"Basilica del Sacro Cuore di Ges\u00f9 a Castro Pretorio","name:en":null},"geometry":{"type":"Polygon","coordinates":[[[12.5029597,41.9028786],[12.5029766,41.9028655],[12.5028031,41.9027425],[12.5028215,41.9027279],[12.5027542,41.9026819],[12.5027751,41.9026625],[12.5024269,41.9024282],[12.5022103,41.9025769],[12.5024553,41.9027485],[12.5026556,41.9028795],[12.5026944,41.9028468],[12.5028576,41.9029587],[12.502876,41.9029443],[12.5028815,41.9029457],[12.5028911,41.9029475],[12.5029,41.9029483],[12.5029162,41.902948],[12.5029323,41.9029447],[12.5029434,41.9029399],[12.5029511,41.9029341],[12.5029556,41.902929],[12.5029605,41.9029229],[12.5029641,41.9029158],[12.5029658,41.9029074],[12.5029658,41.9028992],[12.5029624,41.9028829],[12.5029597,41.9028786]]]}},{"type":"Feature","properties":{"class":"public","name":null,"name:en":null},"geometry":{"type":"Polygon","coordinates":[[[12.5078168,41.8990668],[12.5080026,41.8992165],[12.5074506,41.8995658],[12.5072749,41.8994142],[12.5078168,41.8990668]]]}},{"type":"Feature","properties":{"class":"public","name":null,"name:en":null},"geometry":{"type":"Polygon","coordinates":[[[12.5072006,41.8994586],[12.5065798,41.8998561],[12.5065891,41.8998639],[12.5067172,41.8999781],[12.5073442,41.8995847],[12.5072006,41.8994586]]]}},{"type":"Feature","properties":{"class":"public","name":null,"name:en":null},"geometry":{"type":"Polygon","coordinates":[[[12.4746906,41.9136848],[12.4745094,41.9136435],[12.4745027,41.9136598],[12.4744811,41.9136549],[12.4744879,41.9136386],[12.4743762,41.9136131],[12.474267,41.9138782],[12.4745269,41.9139374],[12.4745595,41.9138583],[12.4745164,41.9138485],[12.4745622,41.9137373],[12.4746597,41.9137596],[12.4746906,41.9136848]]]}},{"type":"Feature","properties":{"class":"public","name":null,"name:en":null},"geometry":{"type":"Polygon","coordinates":[[[12.4723773,41.9142905],[12.4723312,41.9144008],[12.4719979,41.9143029],[12.4719062,41.9145243],[12.4722473,41.9145994],[12.4722564,41.9145808],[12.4723754,41.9146099],[12.472481,41.91436],[12.4724983,41.9143184],[12.4723773,41.9142905]]]}},{"type":"Feature","properties":{"class":"public","name":null,"name:en":null},"geometry":{"type":"Polygon","coordinates":[[[12.4752594,41.9149185],[12.4751759,41.9151137],[12.4758865,41.9152819],[12.47597,41.9150868],[12.4752594,41.9149185]]]}},{"type":"Feature","properties":{"class":"public","name":"Chiesa di San Valentino","name:en":null},"geometry":{"type":"Polygon","coordinates":[[[12.4728436,41.9328562],[12.4727981,41.9331096],[12.4728231,41.933112],[12.4728197,41.9331312],[12.4728453,41.9331337],[12.472842,41.9331519],[12.4728741,41.933155],[12.4728773,41.9331369],[12.4728965,41.9331388],[12.4728933,41.9331569],[12.4729214,41.9331597],[12.4729246,41.9331416],[12.4730053,41.9331496],[12.473052,41.9328891],[12.4729713,41.9328811],[12.4729735,41.9328691],[12.4728436,41.9328562]]]}},{"type":"Feature","properties":{"class":"public","name":"Chiesa di San Salvatore in Onda","name:en":null},"geometry":{"type":"Polygon","coordinates":[[[12.4716567,41.8931712],[12.4716017,41.8931283],[12.4717001,41.8930585],[12.4715569,41.8929642],[12.4715013,41.8930002],[12.4714506,41.8930478],[12.4713892,41.8931055],[12.4715316,41.8932101],[12.4715522,41.8931945],[12.4715709,41.8932016],[12.4715915,41.8932042],[12.4716122,41.8932021],[12.4716311,41.8931954],[12.4716464,41.8931848],[12.4716567,41.8931712]]]}},{"type":"Feature","properties":{"class":"public","name":"San Nicola dei Lorenesi","name:en":null},"geometry":{"type":"Polygon","coordinates":[[[12.472301,41.8998896],[12.4723018,41.8998169],[12.4725169,41.8998182],[12.4725164,41.8998629],[12.4725161,41.8998909],[12.4724483,41.8998905],[12.472301,41.8998896]]]}},{"type":"Feature","properties":{"class":"public","name":null,"name:en":null},"geometry":{"type":"Polygon","coordinates":[[[12.511527,41.9033802],[12.511755,41.9034441],[12.511578,41.9037934],[12.5116035,41.9038044],[12.5116222,41.9038234],[12.5116316,41.9038523],[12.5116182,41.9038823],[12.5115941,41.9039012],[12.5115659,41.9039082],[12.511531,41.9039072],[12.5115176,41.9039042],[12.5114908,41.9039571],[12.5114975,41.9039601],[12.5114398,41.9040659],[12.5113057,41.904027],[12.5113473,41.9039372],[12.5112937,41.9039212],[12.5114157,41.9036527],[12.5114492,41.9035828],[12.5114264,41.9035768],[12.511527,41.9033802]]]}},{"type":"Feature","properties":{"class":"public","name":null,"name:en":null},"geometry":{"type":"Polygon","coordinates":[[[12.5120433,41.9042236],[12.5123739,41.904324],[12.5123658,41.9043388],[12.5124374,41.9043605],[12.5125021,41.9043801],[12.5125108,41.9043643],[12.512855,41.9044686],[12.5129081,41.9043715],[12.5129216,41.9043445],[12.5129536,41.9043533],[12.5131431,41.9039712],[12.5129627,41.9039217],[12.5128596,41.9041297],[12.5128221,41.9042054],[12.5127052,41.9041733],[12.5126907,41.9042026],[12.5126311,41.9041862],[12.5126526,41.9041428],[12.5124959,41.9040998],[12.5124923,41.9040988],[12.5124655,41.9041528],[12.5122929,41.9041054],[12.5123671,41.9039556],[12.5121441,41.9038944],[12.5121062,41.9039711],[12.512161,41.9039861],[12.5120433,41.9042236]]]}},{"type":"Feature","properties":{"class":"public","name":null,"name:en":null},"geometry":{"type":"Polygon","coordinates":[[[12.5125246,41.9038876],[12.5125657,41.9037995],[12.5122369,41.9037175],[12.5121947,41.9037884],[12.5125246,41.9038876]]]}},{"type":"Feature","properties":{"class":"public","name":null,"name:en":null},"geometry":{"type":"Polygon","coordinates":[[[12.5141717,41.9049253],[12.5142122,41.9048445],[12.5140668,41.9048041],[12.5141031,41.9047316],[12.5138757,41.9046685],[12.5137989,41.9048218],[12.5141717,41.9049253]]]}},{"type":"Feature","properties":{"class":"public","name":null,"name:en":null},"geometry":{"type":"Polygon","coordinates":[[[12.5140013,41.9046179],[12.5142401,41.9046855],[12.5144812,41.9042136],[12.5142828,41.9041575],[12.5142103,41.9042994],[12.514252,41.9043112],[12.5141887,41.9044352],[12.5141045,41.9044114],[12.5140912,41.9044375],[12.5138137,41.9043592],[12.5138487,41.9042905],[12.5137945,41.9042752],[12.513807,41.9042506],[12.5134916,41.9041619],[12.5134992,41.904147],[12.5134248,41.904126],[12.5133481,41.9042773],[12.5140708,41.9044804],[12.514018,41.9045845],[12.5140013,41.9046179]]]}},{"type":"Feature","properties":{"class":"public","name":"Igiene","name:en":null},"geometry":{"type":"Polygon","coordinates":[[[12.5122083,41.9026346],[12.5122546,41.9025457],[12.5128075,41.902694],[12.5126,41.9031103],[12.5120472,41.9029577],[12.5122083,41.9026346]]]}},{"type":"Feature","properties":{"class":"public","name":"Ortopedia","name:en":null},"geometry":{"type":"Polygon","coordinates":[[[12.5125154,41.9020087],[12.5127821,41.9020825],[12.513079,41.9021647],[12.5130911,41.9021417],[12.5131098,41.9021367],[12.5131273,41.9021258],[12.5131367,41.9021048],[12.51313,41.9020848],[12.5133164,41.9017225],[12.513252,41.9017045],[12.5132815,41.9016526],[12.5133821,41.9016816],[12.5134639,41.9015259],[12.5132761,41.901471],[12.5132292,41.9015648],[12.512961,41.9014879],[12.5128752,41.901465],[12.5128418,41.9015293],[12.5128135,41.9015838],[12.5127424,41.9015658],[12.5125717,41.9018969],[12.5125154,41.9020087]]]}},{"type":"Feature","properties":{"class":"public","name":null,"name:en":null},"geometry":{"type":"Polygon","coordinates":[[[12.5124219,41.9014131],[12.5128418,41.9015293],[12.5128752,41.901465],[12.512961,41.9014879],[12.5130052,41.9014011],[12.5128684,41.9013622],[12.5129972,41.9011056],[12.5128497,41.9010637],[12.5127169,41.9013192],[12.5125023,41.9012574],[12.5124219,41.9014131]]]}},{"type":"Feature","properties":{"class":"public","name":null,"name:en":null},"geometry":{"type":"Polygon","coordinates":[[[12.5146006,41.900866],[12.51466,41.9007469],[12.5148266,41.9007988],[12.5148251,41.9008092],[12.51506,41.900879],[12.5150543,41.9008916],[12.5152349,41.9009412],[12.5151912,41.9010208],[12.5146006,41.900866]]]}},{"type":"Feature","properties":{"class":"public","name":null,"name:en":null},"geometry":{"type":"Polygon","coordinates":[[[12.5148979,41.9034615],[12.514936,41.90338],[12.5149867,41.9032716],[12.5151361,41.9033141],[12.5151209,41.9033437],[12.5150806,41.9034224],[12.5150403,41.9035011],[12.5148979,41.9034615]]]}},{"type":"Feature","properties":{"class":"public","name":null,"name:en":null},"geometry":{"type":"Polygon","coordinates":[[[12.5148719,41.9051669],[12.5149471,41.905026],[12.5150584,41.9050599],[12.5150423,41.9050878],[12.5152743,41.9051647],[12.5152093,41.9052732],[12.5148719,41.9051669]]]}},{"type":"Feature","properties":{"class":"public","name":"Fisiologia Umana e Farmacologia","name:en":null},"geometry":{"type":"Polygon","coordinates":[[[12.5178157,41.9029868],[12.5179417,41.9029848],[12.5180477,41.9030676],[12.5180356,41.9030756],[12.5179283,41.9030706],[12.5179297,41.9031225],[12.5179672,41.9031145],[12.5179672,41.9031265],[12.5179417,41.9031355],[12.5179176,41.9031485],[12.5179042,41.9031674],[12.5179069,41.9032024],[12.517923,41.9032513],[12.5179458,41.9032862],[12.5179833,41.9033052],[12.5180195,41.9033092],[12.5180584,41.9032992],[12.5180759,41.9032962],[12.5182448,41.903423],[12.5184929,41.9032343],[12.5180383,41.9028899],[12.5180168,41.9026584],[12.5177915,41.9026664],[12.5178157,41.9029868]]]}},{"type":"Feature","properties":{"class":"public","name":"Studi di Medicina Sociale - Universit\u00e0 La Sapienza di Roma","name:en":null},"geometry":{"type":"Polygon","coordinates":[[[12.5181315,41.9028885],[12.5185499,41.9031849],[12.518967,41.9028555],[12.518668,41.9024483],[12.5185653,41.9024906],[12.5185642,41.9023325],[12.5184158,41.9023514],[12.5183963,41.9023207],[12.5183491,41.9023402],[12.5183649,41.9023664],[12.5183219,41.9023954],[12.5182831,41.9024273],[12.5182615,41.9024594],[12.5183351,41.9024903],[12.5184587,41.9025421],[12.518672,41.9028266],[12.5185808,41.9028914],[12.5183434,41.9027198],[12.5181315,41.9028885]]]}},{"type":"Feature","properties":{"class":"public","name":null,"name:en":null},"geometry":{"type":"Polygon","coordinates":[[[12.5182053,41.902611],[12.5182898,41.9025331],[12.5184909,41.9026559],[12.5184051,41.9027347],[12.5182053,41.902611]]]}},{"type":"Feature","properties":{"class":"public","name":"Chiesa di Santa Emerenziana","name:en":null},"geometry":{"type":"Polygon","coordinates":[[[12.5158755,41.928828],[12.5157467,41.9286903],[12.5157721,41.9286766],[12.5157387,41.9286414],[12.5157548,41.9286314],[12.5157087,41.9285787],[12.515728,41.9285691],[12.5156985,41.9285363],[12.515698,41.9285342],[12.5156881,41.9285249],[12.5156964,41.9285206],[12.5156502,41.9284708],[12.5156246,41.9284836],[12.5155804,41.9285057],[12.5155617,41.9284857],[12.5155348,41.9284987],[12.5155241,41.9284837],[12.5155067,41.9284728],[12.5154825,41.9284648],[12.5154477,41.9284608],[12.5154195,41.9284658],[12.515386,41.9284757],[12.5153659,41.9284897],[12.5153511,41.9285147],[12.5153471,41.9285386],[12.5153498,41.9285626],[12.5153645,41.9285775],[12.5153712,41.9285855],[12.5153444,41.9285995],[12.5154423,41.9287072],[12.5153752,41.9287461],[12.5155582,41.9289346],[12.5155682,41.9289449],[12.5156301,41.9289116],[12.515659,41.9289413],[12.5158755,41.928828]]]}},{"type":"Feature","properties":{"class":"public","name":"Chiesa San Tommaso Moro","name:en":null},"geometry":{"type":"Polygon","coordinates":[[[12.5131093,41.8994624],[12.5132587,41.8995398],[12.5132386,41.8995613],[12.5133224,41.8996048],[12.5133434,41.8995823],[12.5135081,41.8996676],[12.5135086,41.8996679],[12.5135352,41.8996394],[12.5135702,41.8996575],[12.5136263,41.8995975],[12.5135935,41.8995805],[12.5136225,41.8995495],[12.5134564,41.8994635],[12.5134733,41.8994454],[12.5133903,41.8994025],[12.5133836,41.8994096],[12.5133116,41.8993723],[12.5133438,41.8993378],[12.5133137,41.8993222],[12.5132664,41.8993728],[12.513217,41.8993472],[12.5131093,41.8994624]]]}},{"type":"Feature","properties":{"class":"public","name":"Chiesa dei Santi Sette Fondatori","name:en":null},"geometry":{"type":"Polygon","coordinates":[[[12.5129236,41.9107591],[12.5127919,41.9108669],[12.5127788,41.9108821],[12.5127684,41.9109003],[12.5127657,41.9109222],[12.5127513,41.9109212],[12.5127335,41.9109225],[12.5127168,41.9109307],[12.5126688,41.9109702],[12.5127967,41.9110551],[12.5128088,41.9110461],[12.5128752,41.911091],[12.5128849,41.9110839],[12.5129275,41.9110531],[12.512955,41.9110486],[12.5129751,41.9110421],[12.5129952,41.9110332],[12.5130075,41.9110256],[12.5130153,41.9110207],[12.5130375,41.9110047],[12.5130515,41.9109877],[12.5130616,41.9109703],[12.5130717,41.9109413],[12.5130737,41.9109144],[12.513069,41.9108021],[12.5129236,41.9107591]]]}},{"type":"Feature","properties":{"class":"public","name":"Facolt\u00e0 di Economia","name:en":null},"geometry":{"type":"Polygon","coordinates":[[[12.5182266,41.9053939],[12.5183348,41.9054622],[12.5184775,41.9053645],[12.5185327,41.9054403],[12.518433,41.905534],[12.5189559,41.9059057],[12.5190801,41.9058062],[12.5187185,41.9055766],[12.5187512,41.9054948],[12.5188468,41.9054663],[12.5190556,41.9056061],[12.5190662,41.9055984],[12.5189059,41.9054295],[12.5190667,41.9054053],[12.5191217,41.9053963],[12.5190466,41.9052336],[12.5189278,41.9051652],[12.5187627,41.9051366],[12.5187447,41.9051726],[12.5187176,41.9053284],[12.5185717,41.9052786],[12.5186055,41.9052119],[12.5185253,41.9051518],[12.5183917,41.9052568],[12.5182266,41.9053939]]]}},{"type":"Feature","properties":{"class":"public","name":"Facolt\u00e0 di Economia","name:en":null},"geometry":{"type":"Polygon","coordinates":[[[12.5187185,41.9055766],[12.5187512,41.9054948],[12.5188468,41.9054663],[12.5190556,41.9056061],[12.5191223,41.9056533],[12.5192068,41.9055859],[12.5193215,41.9054984],[12.5193551,41.9054705],[12.5194973,41.9055633],[12.5194526,41.9055953],[12.5193513,41.9056777],[12.5192907,41.90573],[12.5194047,41.9058018],[12.5194168,41.9057939],[12.5196622,41.9059555],[12.5195281,41.9060723],[12.5192367,41.9058777],[12.5190617,41.9060221],[12.5189308,41.9059239],[12.5189559,41.9059057],[12.5190801,41.9058062],[12.5187185,41.9055766]]]}},{"type":"Feature","properties":{"class":"public","name":"Merceologia","name:en":null},"geometry":{"type":"Polygon","coordinates":[[[12.5201131,41.9065164],[12.5200031,41.9064016],[12.5200179,41.9063846],[12.5200152,41.9063617],[12.5199991,41.9063557],[12.5199374,41.9064176],[12.5197953,41.9063417],[12.5200134,41.9061184],[12.5200317,41.9060955],[12.5200407,41.9060832],[12.5202714,41.906199],[12.5202794,41.9062898],[12.5203223,41.9062948],[12.5202955,41.9063657],[12.520321,41.9063936],[12.5202311,41.9064894],[12.5201909,41.9064795],[12.5201131,41.9065164]]]}},{"type":"Feature","properties":{"class":"public","name":null,"name:en":null},"geometry":{"type":"Polygon","coordinates":[[[12.5193513,41.9056777],[12.5195932,41.9058334],[12.5196916,41.9057482],[12.5194526,41.9055953],[12.5193513,41.9056777]]]}},{"type":"Feature","properties":{"class":"public","name":null,"name:en":null},"geometry":{"type":"Polygon","coordinates":[[[12.5191223,41.9056533],[12.5192068,41.9055859],[12.5193215,41.9054984],[12.5192604,41.9054584],[12.5191874,41.9055167],[12.5191029,41.905462],[12.5190667,41.9054053],[12.5189059,41.9054295],[12.5190662,41.9055984],[12.5190556,41.9056061],[12.5191223,41.9056533]]]}},{"type":"Feature","properties":{"class":"ruin","name":"Ponte Neroniano","name:en":null},"geometry":{"type":"Polygon","coordinates":[[[12.4643822,41.9009222],[12.4643151,41.9009032],[12.4642816,41.9008393],[12.4642883,41.9007894],[12.4643231,41.9007515],[12.464405,41.9007535],[12.4644492,41.9008174],[12.4644345,41.9008623],[12.4643822,41.9009222]]]}},{"type":"Feature","properties":{"class":"ruin","name":"Arco di Druso","name:en":null},"geometry":{"type":"Polygon","coordinates":[[[12.5013656,41.8737868],[12.5013786,41.8737415],[12.5014597,41.8737544],[12.5015081,41.8737622],[12.5014951,41.8738074],[12.5014469,41.8737997],[12.5013656,41.8737868]]]}},{"type":"Feature","properties":{"class":"public","name":"Dipartimento Scienze Statistiche","name:en":null},"geometry":{"type":"Polygon","coordinates":[[[12.5174071,41.9050685],[12.5174998,41.9051331],[12.5176204,41.9050371],[12.5172499,41.9047793],[12.517182,41.9048333],[12.517302,41.9049168],[12.5172498,41.9049584],[12.5173344,41.9050173],[12.517383,41.9049786],[12.5174561,41.9050295],[12.5174071,41.9050685]]]}},{"type":"Feature","properties":{"class":"public","name":"Basilica di San Pietro","name:en":"Saint Peter's Basilica"},"geometry":{"type":"Polygon","coordinates":[[[12.4547998,41.9025051],[12.4546679,41.9025036],[12.4542833,41.9025058],[12.4542794,41.9025251],[12.4542784,41.9026046],[12.4542762,41.9026046],[12.4540036,41.9026021],[12.454001,41.9026274],[12.4539992,41.9026444],[12.4538915,41.9026442],[12.4538921,41.9026278],[12.4538706,41.9026282],[12.45387,41.9026155],[12.4537658,41.9026178],[12.4537466,41.9026535],[12.4536792,41.902686],[12.4536253,41.9027152],[12.4536018,41.9027156],[12.4535764,41.902746],[12.4535597,41.902772],[12.4535403,41.9027948],[12.4535202,41.902816],[12.4534948,41.9028345],[12.4534653,41.9028493],[12.4534253,41.9028617],[12.4533825,41.9028673],[12.4533415,41.902866],[12.4533018,41.9028585],[12.4532679,41.9028463],[12.4532622,41.9028425],[12.4532512,41.9028377],[12.45324,41.9028325],[12.4532297,41.9028273],[12.4532195,41.9028219],[12.4532095,41.9028157],[12.4531994,41.9028089],[12.45319,41.9028016],[12.4531901,41.9027961],[12.4531798,41.9027861],[12.4531704,41.9027765],[12.45316,41.9027646],[12.4531522,41.9027539],[12.4531447,41.9027422],[12.453138,41.9027402],[12.4531311,41.9027301],[12.4531003,41.9027287],[12.4530139,41.9026798],[12.4530068,41.9026797],[12.4529835,41.9026654],[12.4529835,41.90266],[12.4529743,41.9026498],[12.4529767,41.9026479],[12.4529661,41.9026402],[12.4529597,41.9026402],[12.4529596,41.9026373],[12.452885,41.9026369],[12.452885,41.9026411],[12.4528696,41.902641],[12.4528694,41.9026523],[12.4526721,41.9026518],[12.452669,41.9025319],[12.4527087,41.9025339],[12.4527056,41.9024661],[12.4526874,41.9024639],[12.4526867,41.9024459],[12.4526493,41.9024419],[12.4525692,41.9023586],[12.4525788,41.9023304],[12.4525396,41.9023209],[12.4524928,41.9023008],[12.4524495,41.9022692],[12.4524249,41.9022398],[12.4524088,41.9022073],[12.452402,41.9021738],[12.4524043,41.90214],[12.4524145,41.9021095],[12.452432,41.9020809],[12.4524819,41.9020363],[12.4525473,41.9020074],[12.4525808,41.9019982],[12.4525796,41.901975],[12.4526753,41.9018845],[12.4527089,41.9018841],[12.4527228,41.9018606],[12.4527347,41.9017872],[12.452721,41.901786],[12.4527213,41.9016738],[12.4528651,41.9016699],[12.4528866,41.901684],[12.4529756,41.901684],[12.4529943,41.901647],[12.4530969,41.9016023],[12.45317,41.9015888],[12.4531816,41.9015585],[12.4532009,41.9015303],[12.4532279,41.9015039],[12.4532611,41.901484],[12.4532995,41.9014683],[12.4533414,41.9014587],[12.4533999,41.9014559],[12.4534572,41.9014648],[12.4535213,41.9014915],[12.4535619,41.9015235],[12.4535899,41.9015635],[12.4535996,41.9015919],[12.4536666,41.9016158],[12.4536654,41.9015533],[12.4536645,41.9015076],[12.4537264,41.901509],[12.4537238,41.9015594],[12.4537243,41.9016411],[12.4537777,41.9016767],[12.4537845,41.9016935],[12.4538311,41.9016949],[12.4538683,41.9016964],[12.4538919,41.9016802],[12.4539913,41.9016825],[12.4540108,41.9016831],[12.4540493,41.9016842],[12.4540482,41.9016926],[12.4541324,41.9016961],[12.454133,41.9017091],[12.4541544,41.9017205],[12.4542909,41.9017214],[12.4542912,41.9017269],[12.4543343,41.9017261],[12.4543354,41.9018205],[12.4543927,41.9018231],[12.454417,41.9018171],[12.4545729,41.901819],[12.4545875,41.9018264],[12.454659,41.9018281],[12.4546887,41.9018203],[12.454748,41.901821],[12.4547486,41.9017585],[12.4547492,41.9016644],[12.4548104,41.9016347],[12.4550001,41.9016395],[12.4550245,41.9016425],[12.4550112,41.9026776],[12.4548171,41.9026749],[12.4548191,41.9025542],[12.4547992,41.902554],[12.4547998,41.9025051]]]}},{"type":"Feature","properties":{"class":"ruin","name":"Necropoli di Via Pierantoni","name:en":null},"geometry":{"type":"Polygon","coordinates":[[[12.4708918,41.8695687],[12.4704736,41.8694263],[12.4700498,41.8693005],[12.4702218,41.8689682],[12.4704,41.8689917],[12.4704761,41.869001],[12.4706196,41.8686758],[12.4709718,41.868757],[12.4712044,41.8689467],[12.4708918,41.8695687]]]}},{"type":"Feature","properties":{"class":"ruin","name":"Pozzo Pantaleo","name:en":null},"geometry":{"type":"Polygon","coordinates":[[[12.4624484,41.8660687],[12.4627837,41.8654934],[12.4632316,41.8656193],[12.463296,41.8655394],[12.4633845,41.8655394],[12.4634221,41.8656712],[12.4633443,41.865827],[12.463119,41.8660887],[12.4630814,41.8661386],[12.4629232,41.8661526],[12.4624484,41.8660687]]]}},{"type":"Feature","properties":{"class":"ruin","name":"Tomba romana - Pozzo Pantaleo","name:en":null},"geometry":{"type":"Polygon","coordinates":[[[12.4630668,41.8657854],[12.463064,41.8657993],[12.4630553,41.8658118],[12.4630417,41.8658215],[12.4630247,41.8658275],[12.4630059,41.8658291],[12.4629875,41.8658261],[12.4629713,41.8658189],[12.4629591,41.8658082],[12.4629522,41.8657951],[12.4629513,41.8657807],[12.4629568,41.865767],[12.462968,41.8657553],[12.4629838,41.865747],[12.4630023,41.865743],[12.4630216,41.8657438],[12.4630394,41.8657492],[12.4630539,41.8657587],[12.4630634,41.8657713],[12.4630668,41.8657854]]]}},{"type":"Feature","properties":{"class":"ruin","name":"terme romana","name:en":null},"geometry":{"type":"Polygon","coordinates":[[[12.4628722,41.8661027],[12.4625758,41.8660128],[12.4626254,41.8659219],[12.4627019,41.8659249],[12.4627864,41.8659568],[12.4628883,41.8657691],[12.4629285,41.8657801],[12.4629902,41.8657111],[12.463178,41.8657801],[12.4628722,41.8661027]]]}},{"type":"Feature","properties":{"class":"ruin","name":"Sepolcri repubblicani di Via Statilia","name:en":null},"geometry":{"type":"Polygon","coordinates":[[[12.5118375,41.8903104],[12.5117624,41.8902475],[12.5118308,41.8902025],[12.5119059,41.8902674],[12.5118375,41.8903104]]]}},{"type":"Feature","properties":{"class":"wall","name":"Mura Serviane","name:en":null},"geometry":{"type":"LineString","coordinates":[[12.4867473,41.8964569],[12.4868287,41.8964384]]}},{"type":"Feature","properties":{"class":"ruin","name":null,"name:en":null},"geometry":{"type":"Polygon","coordinates":[[[12.4806594,41.8768107],[12.4805293,41.876615],[12.4807398,41.8766198],[12.4807675,41.8767673],[12.4807221,41.8767855],[12.4806594,41.8768107]]]}},{"type":"Feature","properties":{"class":"public","name":"Suore Dell'Addolorata Serve di Maria di Pisa","name:en":null},"geometry":{"type":"Polygon","coordinates":[[[12.4583162,41.8853142],[12.4582474,41.8852557],[12.4582295,41.8852657],[12.4582107,41.8852557],[12.4580936,41.8853313],[12.4580755,41.8853838],[12.4580808,41.885396],[12.458125,41.8854221],[12.4581816,41.8854236],[12.4583135,41.8853396],[12.4583011,41.8853249],[12.4583162,41.8853142]]]}},{"type":"Feature","properties":{"class":"public","name":"Intercollegiate Center for Classical Studies","name:en":null},"geometry":{"type":"Polygon","coordinates":[[[12.4580581,41.8854267],[12.4578613,41.8853755],[12.4578531,41.8853932],[12.4577868,41.8853762],[12.4577697,41.8854142],[12.4577486,41.8854095],[12.4577038,41.885399],[12.4577513,41.8852935],[12.4576463,41.8852897],[12.4576472,41.885247],[12.4579392,41.8852517],[12.4579202,41.8852843],[12.4580936,41.8853313],[12.4580755,41.8853838],[12.4580581,41.8854267]]]}},{"type":"Feature","properties":{"class":"ruin","name":"Colombario di Pomponio Hylas","name:en":null},"geometry":{"type":"Polygon","coordinates":[[[12.5021461,41.8764293],[12.5020992,41.8763724],[12.5021369,41.8763552],[12.5021838,41.8764121],[12.5021461,41.8764293]]]}},{"type":"Feature","properties":{"class":"ruin","name":"Sepolcro degli Scipioni","name:en":null},"geometry":{"type":"Polygon","coordinates":[[[12.5002994,41.8759417],[12.5004109,41.875782],[12.500791,41.875991],[12.5006492,41.876134],[12.5002994,41.8759417]]]}},{"type":"Feature","properties":{"class":"public","name":"Cappella dello Spirito Santo","name:en":"Chapel of the Holy Spirit"},"geometry":{"type":"Polygon","coordinates":[[[12.4533909,41.9004919],[12.4533887,41.9004752],[12.4533725,41.9004746],[12.4533712,41.9004502],[12.4533847,41.9004445],[12.4533823,41.9004266],[12.4536639,41.9003798],[12.4536903,41.9003832],[12.4536692,41.9003976],[12.4536698,41.9004064],[12.4536952,41.9004119],[12.4536964,41.9004184],[12.4537191,41.9004222],[12.4537194,41.9004321],[12.4537362,41.900437],[12.45372,41.9004449],[12.4537202,41.9004552],[12.4536998,41.9004616],[12.4537001,41.9004732],[12.4536799,41.9004789],[12.4536813,41.900491],[12.453699,41.9004981],[12.4536826,41.9005037],[12.4536673,41.9005046],[12.453658,41.9004974],[12.4536585,41.9004929],[12.4533909,41.9004919]]]}},{"type":"Feature","properties":{"class":"public","name":null,"name:en":null},"geometry":{"type":"Polygon","coordinates":[[[12.453883,41.9068006],[12.4538569,41.9068876],[12.453829,41.9069806],[12.4538682,41.9069904],[12.4538672,41.9069936],[12.4539308,41.9070125],[12.4542466,41.9070937],[12.4543805,41.9071272],[12.4543976,41.907067],[12.4544595,41.907005],[12.4545639,41.9069612],[12.454513,41.9069193],[12.4544043,41.9069053],[12.4538873,41.9068023],[12.453883,41.9068006]]]}},{"type":"Feature","properties":{"class":"public","name":null,"name:en":null},"geometry":{"type":"Polygon","coordinates":[[[12.4993394,41.9226966],[12.4994934,41.9226965],[12.4994934,41.9226778],[12.4994933,41.9226497],[12.4996275,41.9226496],[12.4996275,41.9226907],[12.4997877,41.9226907],[12.4997878,41.9227636],[12.4997878,41.9227835],[12.499813,41.9227835],[12.4998131,41.9229079],[12.4997881,41.9229079],[12.4997882,41.9229547],[12.4997095,41.9229548],[12.4997095,41.9229817],[12.4996592,41.9229817],[12.4996592,41.9230077],[12.4994668,41.9230077],[12.4994668,41.9229852],[12.4992487,41.9229852],[12.4992486,41.9228533],[12.4993395,41.9228533],[12.4993394,41.9226966]]]}},{"type":"Feature","properties":{"class":"public","name":"Chiesa di Sant'Ambrogio","name:en":null},"geometry":{"type":"Polygon","coordinates":[[[12.4349955,41.9005594],[12.4349593,41.9005075],[12.4349526,41.9004466],[12.4349727,41.9003897],[12.4350223,41.9003438],[12.435092,41.9003208],[12.4351685,41.9003118],[12.4352436,41.9003278],[12.4352168,41.9003717],[12.4352583,41.9003937],[12.4352865,41.9004266],[12.4352959,41.9004645],[12.4352852,41.9004985],[12.435253,41.9005244],[12.4352114,41.9005424],[12.4351618,41.9005464],[12.4351081,41.9005384],[12.4350746,41.9005154],[12.4349955,41.9005594]]]}},{"type":"Feature","properties":{"class":"ruin","name":"Domus di Aufidia Cornelia","name:en":null},"geometry":{"type":"Polygon","coordinates":[[[12.5158043,41.890266],[12.5157571,41.8902503],[12.5157433,41.8901926],[12.5157525,41.8901196],[12.5157711,41.8901013],[12.5158343,41.8901283],[12.5158639,41.8901184],[12.5158796,41.8901363],[12.5159155,41.8901834],[12.5159054,41.8901983],[12.5158656,41.8902186],[12.5158499,41.890246],[12.5158043,41.890266]]]}},{"type":"Feature","properties":{"class":"ruin","name":"Tomba di Priscilla","name:en":null},"geometry":{"type":"Polygon","coordinates":[[[12.5031032,41.8666356],[12.5030735,41.8666565],[12.5030751,41.8666584],[12.5030479,41.8666722],[12.5030112,41.8666774],[12.5030004,41.8666776],[12.5029597,41.8666783],[12.5029213,41.8666648],[12.5028943,41.8666418],[12.5028828,41.8666113],[12.5028862,41.866581],[12.5028951,41.866558],[12.5029138,41.8665387],[12.5029518,41.8665187],[12.5029871,41.866509],[12.5030248,41.8665084],[12.5030576,41.8665208],[12.5030845,41.8665381],[12.5031088,41.8665636],[12.5031161,41.8665848],[12.5031156,41.8666103],[12.5031032,41.8666356]]]}},{"type":"Feature","properties":{"class":"public","name":"Chiesa di San Tarcisio","name:en":null},"geometry":{"type":"Polygon","coordinates":[[[12.5084311,41.8615048],[12.5083143,41.8614279],[12.5082334,41.8615007],[12.5084546,41.8616474],[12.5085675,41.8616173],[12.5085422,41.8615819],[12.5084311,41.8615048]]]}},{"type":"Feature","properties":{"class":"ruin","name":"Tempio di Iside a via Labicana","name:en":null},"geometry":{"type":"Polygon","coordinates":[[[12.5011969,41.8899795],[12.5011348,41.889987],[12.5010877,41.88984],[12.5011884,41.8898209],[12.5013498,41.8898375],[12.5016299,41.889823],[12.5021397,41.8898305],[12.5021354,41.8898879],[12.5011939,41.8898875],[12.5011969,41.8899795]]]}},{"type":"Feature","properties":{"class":"public","name":"San Girolamo della Carit\u00e0","name:en":null},"geometry":{"type":"Polygon","coordinates":[[[12.4703365,41.895341],[12.4702398,41.8952346],[12.4702006,41.8951938],[12.4700707,41.8952735],[12.4702071,41.8954068],[12.4703365,41.895341]]]}},{"type":"Feature","properties":{"class":"public","name":"Centro San Lorenzo","name:en":null},"geometry":{"type":"Polygon","coordinates":[[[12.4589889,41.9016397],[12.4589982,41.9016949],[12.4590424,41.901693],[12.4590507,41.9017446],[12.4591065,41.9017377],[12.4591018,41.9016901],[12.4590998,41.9016734],[12.4590948,41.9016325],[12.4590458,41.9016358],[12.459046,41.9016369],[12.4590478,41.9016437],[12.4590092,41.9016464],[12.4590076,41.9016385],[12.4589889,41.9016397]]]}},{"type":"Feature","properties":{"class":"ruin","name":"insula Volusiana","name:en":null},"geometry":{"type":"Polygon","coordinates":[[[12.4812218,41.8902879],[12.4812438,41.8902925],[12.4814394,41.8903334],[12.4814299,41.8903638],[12.4815278,41.890377],[12.4815319,41.8903425],[12.4816733,41.8903496],[12.4816842,41.8901714],[12.4815686,41.8901694],[12.481574,41.8901329],[12.4815047,41.8901248],[12.4814965,41.8901582],[12.4813795,41.890141],[12.4812938,41.8901228],[12.4812786,41.8901577],[12.4812218,41.8902879]]]}},{"type":"Feature","properties":{"class":"public","name":null,"name:en":null},"geometry":{"type":"Polygon","coordinates":[[[12.4521904,41.8985099],[12.4522951,41.8985726],[12.4523845,41.8984899],[12.4523786,41.8984864],[12.4524085,41.8984588],[12.4524051,41.8984566],[12.4524353,41.8984323],[12.4523743,41.8983982],[12.4523477,41.8984213],[12.4523095,41.8983996],[12.4521904,41.8985099]]]}},{"type":"Feature","properties":{"class":"public","name":"Palazzo Blumenstihl","name:en":null},"geometry":{"type":"Polygon","coordinates":[[[12.4728866,41.905388],[12.4728576,41.9051567],[12.4732853,41.9051245],[12.4733597,41.9053501],[12.4731559,41.905366],[12.4731478,41.9053181],[12.4730593,41.9053261],[12.4730673,41.905376],[12.4728866,41.905388]]]}},{"type":"Feature","properties":{"class":"public","name":"Chiesa Parrocchiale della Trasfigurazione di Nostro Signore Ges\u00f9 Cristo","name:en":null},"geometry":{"type":"Polygon","coordinates":[[[12.4461352,41.8711043],[12.4461734,41.8708705],[12.4463764,41.8708937],[12.4464079,41.8707273],[12.4465224,41.8707388],[12.4465311,41.8707182],[12.4465516,41.870703],[12.4465785,41.870698],[12.4466069,41.8707003],[12.4466317,41.8707112],[12.446645,41.8707323],[12.4466435,41.8707518],[12.4467375,41.8707623],[12.446671,41.8711108],[12.4464124,41.8710826],[12.4464047,41.8711326],[12.4461352,41.8711043]]]}},{"type":"Feature","properties":{"class":"public","name":"ex Chiesa di San Lorenzo da Brindisi","name:en":null},"geometry":{"type":"Polygon","coordinates":[[[12.4953935,41.9096327],[12.4955373,41.9092919],[12.495493,41.9092816],[12.4953895,41.9092574],[12.4953704,41.9093028],[12.4953154,41.9092899],[12.4952462,41.9094541],[12.4951908,41.9095854],[12.4953935,41.9096327]]]}},{"type":"Feature","properties":{"class":"public","name":"Chiesa di Santa Maria Regina Pacis","name:en":null},"geometry":{"type":"Polygon","coordinates":[[[12.4609013,41.8814589],[12.4609574,41.8814576],[12.4609975,41.8814577],[12.4610086,41.8814574],[12.4610075,41.8814061],[12.4614268,41.881401],[12.4614948,41.8813983],[12.461537,41.8813983],[12.4615989,41.8813478],[12.4615996,41.881289],[12.4615244,41.8812468],[12.4614218,41.881246],[12.461001,41.8812529],[12.4609996,41.8812066],[12.4608904,41.8812103],[12.4609013,41.8814589]]]}},{"type":"Feature","properties":{"class":"public","name":"Facolt\u00e0 di Architettura sede Valle Giulia","name:en":null},"geometry":{"type":"Polygon","coordinates":[[[12.4797917,41.9190201],[12.480106,41.9188782],[12.4800302,41.9187853],[12.480498,41.9185741],[12.4809426,41.9191192],[12.4805049,41.9193169],[12.4803852,41.9191702],[12.4800409,41.9193256],[12.4797917,41.9190201]]]}},{"type":"Feature","properties":{"class":"public","name":"Chiesa presbiteriana scozzese di Sant'Andrea","name:en":"Saint Andrew's Presbyterian Church of Scotland"},"geometry":{"type":"Polygon","coordinates":[[[12.4918034,41.9030806],[12.4916071,41.9029526],[12.4915482,41.9030436],[12.4916763,41.9031289],[12.4917158,41.9031555],[12.4918034,41.9030806]]]}},{"type":"Feature","properties":{"class":"public","name":"Palazzo Piacentini","name:en":null},"geometry":{"type":"Polygon","coordinates":[[[12.4892711,41.9048606],[12.4893261,41.9049038],[12.4893806,41.9049467],[12.4892391,41.9050464],[12.4891957,41.9050103],[12.4891235,41.9049501],[12.4890904,41.9049225],[12.4891662,41.9048693],[12.4890972,41.904815],[12.4889633,41.9049092],[12.4890657,41.9049898],[12.4891192,41.9050327],[12.4891392,41.9050489],[12.4891808,41.9050827],[12.489023,41.9051913],[12.4889621,41.9051416],[12.4888844,41.9051946],[12.4889445,41.9052435],[12.4889165,41.9052626],[12.4887862,41.9053535],[12.4887621,41.9053698],[12.4887656,41.905298],[12.4887364,41.9052767],[12.4885541,41.9052718],[12.488532,41.9052921],[12.4885217,41.9052748],[12.4884972,41.9052572],[12.4884759,41.9052449],[12.4884707,41.9051992],[12.4884851,41.9051912],[12.4884913,41.9051806],[12.4884911,41.905168],[12.4884838,41.9051556],[12.488475,41.905148],[12.488459,41.9051414],[12.4884417,41.905141],[12.4884411,41.9051],[12.4884178,41.9050799],[12.4884609,41.9050502],[12.4884037,41.9050042],[12.4883606,41.9050339],[12.4883302,41.90501],[12.4882614,41.905028],[12.4882604,41.9050589],[12.4882369,41.9050693],[12.4882366,41.9051471],[12.4882527,41.9051486],[12.4882587,41.9052222],[12.488271,41.9052847],[12.4882934,41.9053398],[12.4883309,41.9053962],[12.4883735,41.9054499],[12.4884243,41.9054924],[12.4884718,41.9055278],[12.488458,41.9055404],[12.4885449,41.9055985],[12.488557,41.9055874],[12.4887206,41.9055971],[12.4887379,41.9056106],[12.4888165,41.905555],[12.4887934,41.905537],[12.4894025,41.9051059],[12.4894241,41.9051228],[12.4895195,41.9050536],[12.4894937,41.9050341],[12.4895952,41.9049636],[12.4894228,41.9048282],[12.4894132,41.9048206],[12.48939,41.9048024],[12.4893728,41.9047888],[12.4893205,41.9048257],[12.4892711,41.9048606]]]}},{"type":"Feature","properties":{"class":"public","name":"Chiesa di San Marone","name:en":null},"geometry":{"type":"Polygon","coordinates":[[[12.4873059,41.9079474],[12.4870437,41.9078798],[12.487081,41.9077997],[12.4870834,41.9077946],[12.4872106,41.9078273],[12.4873455,41.9078624],[12.4873059,41.9079474]]]}},{"type":"Feature","properties":{"class":"public","name":"Chiesa di Sant'Egidio a Borgo","name:en":null},"geometry":{"type":"Polygon","coordinates":[[[12.4572182,41.9043279],[12.4572388,41.9042686],[12.4573254,41.9042794],[12.4573771,41.9042837],[12.4573773,41.9042932],[12.4574538,41.9043062],[12.457442,41.9043677],[12.4572182,41.9043279]]]}},{"type":"Feature","properties":{"class":"public","name":"Cappella Corpus Christi della Curia generalizia dei Cappucci","name:en":null},"geometry":{"type":"Polygon","coordinates":[[[12.492516,41.9098076],[12.4926303,41.9098355],[12.4925851,41.9099432],[12.4925555,41.9100117],[12.4924417,41.9099833],[12.4924735,41.9099085],[12.492516,41.9098076]]]}},{"type":"Feature","properties":{"class":"public","name":null,"name:en":null},"geometry":{"type":"Polygon","coordinates":[[[12.4986485,41.9088415],[12.4985599,41.9092854],[12.4986311,41.9092927],[12.4987259,41.9093024],[12.4987971,41.9088809],[12.4986485,41.9088415]]]}},{"type":"Feature","properties":{"class":"public","name":null,"name:en":null},"geometry":{"type":"Polygon","coordinates":[[[12.4909023,41.9084469],[12.4910268,41.9084756],[12.491068,41.908393],[12.4911601,41.9082124],[12.4910303,41.9081729],[12.4909723,41.908296],[12.490933,41.9083792],[12.4909023,41.9084469]]]}},{"type":"Feature","properties":{"class":"public","name":"Ministero dell'ambiente e della sicurezza energetica","name:en":null},"geometry":{"type":"Polygon","coordinates":[[[12.4930448,41.9070441],[12.4931963,41.9070996],[12.4932795,41.9069991],[12.4933383,41.9069267],[12.4929506,41.9067631],[12.4928274,41.9069693],[12.4929648,41.9070119],[12.493015,41.9069372],[12.4930974,41.906974],[12.4930448,41.9070441]]]}},{"type":"Feature","properties":{"class":"public","name":"Santissimo Redentore e Santa Francesca Saverio Cabrini","name:en":null},"geometry":{"type":"Polygon","coordinates":[[[12.4963625,41.9098838],[12.4965003,41.909918],[12.4966573,41.9096468],[12.496525,41.9096074],[12.4964753,41.9096886],[12.4963625,41.9098838]]]}},{"type":"Feature","properties":{"class":"public","name":"Sant'Andrea di Grecia","name:en":null},"geometry":{"type":"Polygon","coordinates":[[[12.4938755,41.9100344],[12.4938146,41.9100246],[12.4938625,41.9098672],[12.4939249,41.9098811],[12.4938755,41.9100344]]]}},{"type":"Feature","properties":{"class":"public","name":"Chiesa di Santa Maria Regina dei Cuori","name:en":null},"geometry":{"type":"Polygon","coordinates":[[[12.4939106,41.9101748],[12.4938763,41.9102876],[12.4938586,41.9103463],[12.4938657,41.9103483],[12.4938702,41.910365],[12.4938756,41.910375],[12.4938908,41.9103823],[12.4939106,41.9103863],[12.4939303,41.910383],[12.4939422,41.9103759],[12.4939517,41.9103643],[12.4939609,41.9103653],[12.4940106,41.910195],[12.4939106,41.9101748]]]}},{"type":"Feature","properties":{"class":"public","name":"Chiesa di San Lorenzo in Fonte","name:en":null},"geometry":{"type":"Polygon","coordinates":[[[12.4936522,41.8957327],[12.4938035,41.8956663],[12.4939042,41.8956221],[12.4938562,41.895564],[12.4937022,41.8956335],[12.4936058,41.895677],[12.4936522,41.8957327]]]}},{"type":"Feature","properties":{"class":"public","name":"Chiesa del Sacro Cuore di Ges\u00f9","name:en":null},"geometry":{"type":"Polygon","coordinates":[[[12.4988646,41.9080482],[12.4989209,41.9080673],[12.4988901,41.9080951],[12.4992321,41.9083247],[12.4992535,41.9083098],[12.499287,41.9083337],[12.4993543,41.9082777],[12.4993045,41.9082378],[12.4993175,41.9082296],[12.4992723,41.9081939],[12.4992013,41.908136],[12.499157,41.9081061],[12.4991569,41.9080807],[12.4990041,41.9079713],[12.49898,41.9079723],[12.4989585,41.9079983],[12.4989102,41.9079753],[12.4988646,41.9080482]]]}},{"type":"Feature","properties":{"class":"public","name":null,"name:en":null},"geometry":{"type":"Polygon","coordinates":[[[12.5055722,41.9071314],[12.5055436,41.9071894],[12.5053795,41.9071446],[12.5055631,41.906772],[12.5057311,41.9068179],[12.5057015,41.906878],[12.5057879,41.9069016],[12.5058497,41.9067761],[12.5054993,41.9066805],[12.5052505,41.9071853],[12.5056057,41.9072822],[12.5056672,41.9071574],[12.5055722,41.9071314]]]}},{"type":"Feature","properties":{"class":"ruin","name":"Sepolcro a Fregio dorico","name:en":null},"geometry":{"type":"Polygon","coordinates":[[[12.514156,41.8915938],[12.5141554,41.8915751],[12.5141881,41.8915746],[12.5141887,41.8915933],[12.514156,41.8915938]]]}},{"type":"Feature","properties":{"class":"public","name":null,"name:en":null},"geometry":{"type":"Polygon","coordinates":[[[12.5124191,41.8919029],[12.5123493,41.8917742],[12.5123042,41.8916912],[12.5121685,41.891735],[12.5122939,41.8919444],[12.5124191,41.8919029]]]}},{"type":"Feature","properties":{"class":"public","name":"Torre idrica Eleniana","name:en":null},"geometry":{"type":"Polygon","coordinates":[[[12.5153615,41.8903808],[12.5150587,41.8902785],[12.5152427,41.8899942],[12.5152738,41.8900063],[12.515542,41.8901105],[12.5153615,41.8903808]]]}},{"type":"Feature","properties":{"class":"ruin","name":"Ninfeo di Alessandro Severo","name:en":null},"geometry":{"type":"Polygon","coordinates":[[[12.5035881,41.8953868],[12.5035703,41.8952481],[12.5035189,41.8951688],[12.5037931,41.8950896],[12.5038117,41.8951127],[12.5037665,41.8951444],[12.5037523,41.8951979],[12.5037798,41.8953941],[12.5035881,41.8953868]]]}},{"type":"Feature","properties":{"class":"public","name":"Chiesa di Sant'Antonio Abate all'Esquilino","name:en":null},"geometry":{"type":"Polygon","coordinates":[[[12.5006841,41.8971946],[12.5006873,41.8972145],[12.5006873,41.8972328],[12.5006777,41.8972479],[12.5006553,41.8972614],[12.5006052,41.8972836],[12.5005763,41.8972479],[12.5005167,41.8972741],[12.5005059,41.8972789],[12.5003432,41.8970969],[12.5002935,41.8970413],[12.5003522,41.8970119],[12.5003063,41.8969595],[12.5004717,41.8968943],[12.5006039,41.8970416],[12.5006458,41.8970883],[12.5006841,41.8971311],[12.5006254,41.8971589],[12.5006639,41.8972026],[12.5006841,41.8971946]]]}},{"type":"Feature","properties":{"class":"public","name":"Cappella del Palazzo Rospigliosi","name:en":null},"geometry":{"type":"Polygon","coordinates":[[[12.4971293,41.8971052],[12.4971141,41.8970931],[12.4972027,41.8970243],[12.4972472,41.8969904],[12.4972907,41.8970206],[12.497311,41.8970213],[12.4973272,41.8970266],[12.4973435,41.8970394],[12.4973404,41.8970591],[12.4973698,41.8970802],[12.4972369,41.8971784],[12.4971293,41.8971052]]]}},{"type":"Feature","properties":{"class":"public","name":"Santi Sergio e Bacco in Suburra","name:en":null},"geometry":{"type":"Polygon","coordinates":[[[12.4908161,41.8950126],[12.4907729,41.895115],[12.4907516,41.8951657],[12.4907949,41.8951758],[12.4908348,41.8951851],[12.490843,41.895162],[12.4908661,41.8951108],[12.4908993,41.895032],[12.4908161,41.8950126]]]}},{"type":"Feature","properties":{"class":"public","name":"Cappella di San Romano","name:en":null},"geometry":{"type":"Polygon","coordinates":[[[12.4917217,41.8955075],[12.4917168,41.8955201],[12.4917068,41.8955915],[12.4916952,41.895653],[12.4916828,41.8957319],[12.4918043,41.8957651],[12.4918387,41.8955205],[12.4917217,41.8955075]]]}},{"type":"Feature","properties":{"class":"public","name":null,"name:en":null},"geometry":{"type":"Polygon","coordinates":[[[12.4959652,41.896031],[12.4958311,41.8961317],[12.4957554,41.8961886],[12.4956547,41.8961144],[12.4958645,41.8959567],[12.4959652,41.896031]]]}},{"type":"Feature","properties":{"class":"public","name":"Chiesa di Santa Lucia in Selci","name:en":null},"geometry":{"type":"Polygon","coordinates":[[[12.49668,41.8946523],[12.496702,41.8946141],[12.4966273,41.8945904],[12.496718,41.8944325],[12.4967752,41.8944507],[12.4968202,41.8943723],[12.4968271,41.8943602],[12.4968592,41.8943704],[12.496883,41.8943289],[12.4969636,41.8943542],[12.4970543,41.8943834],[12.4970262,41.8944324],[12.496937,41.8945878],[12.496899,41.8946538],[12.4968925,41.8946652],[12.4968592,41.8947233],[12.4966732,41.8946642],[12.49668,41.8946523]]]}},{"type":"Feature","properties":{"class":"public","name":"Chiesa di Ognissanti in Via Appia Nuova","name:en":null},"geometry":{"type":"Polygon","coordinates":[[[12.5158816,41.8800766],[12.5156065,41.8798919],[12.5155619,41.8799287],[12.5154521,41.8798634],[12.5154988,41.8798147],[12.5154474,41.8797799],[12.5154264,41.879752],[12.5154217,41.8797242],[12.5154614,41.8796859],[12.5155362,41.8796929],[12.5156063,41.8797381],[12.5156554,41.8797016],[12.5157395,41.8797607],[12.5157816,41.8797312],[12.5158493,41.8797799],[12.5158049,41.8798199],[12.5157465,41.8797816],[12.5157138,41.8798112],[12.5159829,41.8799929],[12.5158816,41.8800766]]]}},{"type":"Feature","properties":{"class":"public","name":"Cappella dell'Instituto Santa Maria Roma dei Padri Marianisti","name:en":null},"geometry":{"type":"Polygon","coordinates":[[[12.5057432,41.8895142],[12.5059379,41.8895748],[12.5059805,41.8895881],[12.5062005,41.8891478],[12.5059551,41.8890819],[12.5057432,41.8895142]]]}},{"type":"Feature","properties":{"class":"public","name":"Chiesa di Santa Maria Immacolata all'Esquilino","name:en":null},"geometry":{"type":"Polygon","coordinates":[[[12.5058492,41.8910361],[12.5061698,41.8911339],[12.5062385,41.8909894],[12.5059272,41.8908966],[12.5058492,41.8910361]]]}},{"type":"Feature","properties":{"class":"public","name":"Chiesa di Sant'Anna al Laterano","name:en":null},"geometry":{"type":"Polygon","coordinates":[[[12.5024455,41.8908257],[12.50251,41.8907121],[12.5024431,41.8906921],[12.5021756,41.8906167],[12.5020906,41.8905928],[12.5020759,41.8906195],[12.5020665,41.8906367],[12.5020889,41.8906445],[12.502081,41.8906641],[12.5020849,41.8906817],[12.5020928,41.8907003],[12.5020823,41.8907194],[12.5021455,41.8907376],[12.5022902,41.8907826],[12.5024455,41.8908257]]]}},{"type":"Feature","properties":{"class":"public","name":"Chiesa di San Giuseppe di Cluny","name:en":null},"geometry":{"type":"Polygon","coordinates":[[[12.5005729,41.892045],[12.5006405,41.8920073],[12.5007125,41.8919673],[12.5005908,41.8918424],[12.5005597,41.891858],[12.5005432,41.8918465],[12.5005097,41.8918455],[12.5004691,41.8918632],[12.5004649,41.8918851],[12.5004635,41.8918986],[12.5004383,41.8919142],[12.5005729,41.892045]]]}},{"type":"Feature","properties":{"class":"wall","name":null,"name:en":null},"geometry":{"type":"LineString","coordinates":[[12.5206504,41.8519562],[12.5206215,41.8519835],[12.5205279,41.8519212],[12.5201726,41.8517048],[12.5203345,41.8515633]]}},{"type":"Feature","properties":{"class":"wall","name":null,"name:en":null},"geometry":{"type":"LineString","coordinates":[[12.5217098,41.8516875],[12.5214457,41.851876],[12.5214704,41.8518978],[12.5214366,41.8519223],[12.5214183,41.851908],[12.5213329,41.851982]]}},{"type":"Feature","properties":{"class":"public","name":null,"name:en":null},"geometry":{"type":"Polygon","coordinates":[[[12.4879751,41.8748997],[12.48801,41.87492],[12.4880962,41.874984],[12.4881324,41.8749672],[12.4882056,41.8749093],[12.4881953,41.8749007],[12.4882106,41.8748727],[12.4881764,41.8748385],[12.4881449,41.8748348],[12.4881268,41.8748545],[12.4881162,41.8748491],[12.4880563,41.8749035],[12.4879956,41.874876],[12.4879751,41.8748997]]]}},{"type":"Feature","properties":{"class":"public","name":null,"name:en":null},"geometry":{"type":"Polygon","coordinates":[[[12.5024733,41.8796859],[12.5021774,41.8797542],[12.5021672,41.8797325],[12.5021521,41.8797364],[12.5021299,41.8797422],[12.5021005,41.8796692],[12.5021217,41.8796654],[12.5021371,41.8796622],[12.5021258,41.879634],[12.5021238,41.8796289],[12.5021777,41.8796153],[12.5022297,41.8796022],[12.5024151,41.8795554],[12.5024821,41.8796099],[12.5024919,41.8796816],[12.5024733,41.8796859]]]}},{"type":"Feature","properties":{"class":"public","name":"Chiesa della Nativit\u00e0 di Nostro Signore Ges\u00f9 Cristo","name:en":null},"geometry":{"type":"Polygon","coordinates":[[[12.5055657,41.8805722],[12.5055589,41.8805499],[12.5055241,41.8804355],[12.5055027,41.8803655],[12.5054754,41.880276],[12.5054173,41.8802857],[12.5054051,41.8802578],[12.5053699,41.8802293],[12.50534,41.8802248],[12.5053102,41.8802236],[12.5052735,41.8802407],[12.5052521,41.880268],[12.5052513,41.8802875],[12.5052567,41.8803136],[12.5052015,41.8803231],[12.5051871,41.8803255],[12.5052399,41.8805049],[12.5052001,41.8805106],[12.50522,41.880563],[12.5052062,41.8805687],[12.5052039,41.8805778],[12.505207,41.8805887],[12.5052169,41.8805949],[12.5052344,41.8805936],[12.5052364,41.8806009],[12.5052444,41.8806291],[12.5053389,41.8806109],[12.5053441,41.8806256],[12.5055141,41.8805949],[12.5055103,41.8805824],[12.5055657,41.8805722]]]}},{"type":"Feature","properties":{"class":"public","name":"Chiesa di Santa Caterina da Siena","name:en":null},"geometry":{"type":"Polygon","coordinates":[[[12.5061861,41.8765832],[12.5065521,41.8764318],[12.5067298,41.8766597],[12.5066656,41.8767075],[12.5066827,41.8767362],[12.5066206,41.8768032],[12.5065521,41.8768303],[12.5065599,41.8768446],[12.5064989,41.8768956],[12.5064839,41.8769084],[12.5065169,41.8770024],[12.5064893,41.8770144],[12.5064679,41.8769402],[12.5064465,41.8769426],[12.5064283,41.8768821],[12.5064936,41.8768685],[12.5064486,41.8768032],[12.5063662,41.8767729],[12.5064101,41.8767514],[12.5063534,41.8766764],[12.5062667,41.876639],[12.5063138,41.8766195],[12.506302,41.8766019],[12.5062238,41.8766358],[12.5061861,41.8765832]]]}},{"type":"Feature","properties":{"class":"public","name":"Vecchia chiesa di Santa Caterina","name:en":null},"geometry":{"type":"Polygon","coordinates":[[[12.5074422,41.8742716],[12.507572,41.8742507],[12.5075687,41.8742375],[12.5075483,41.8741713],[12.5075033,41.8740146],[12.5074614,41.8740214],[12.5074583,41.8740106],[12.507448,41.8740066],[12.5074193,41.8740083],[12.5074113,41.8740126],[12.507406,41.8740185],[12.5074093,41.87403],[12.5073736,41.8740358],[12.5074422,41.8742716]]]}},{"type":"Feature","properties":{"class":"ruin","name":"Mura serviane","name:en":null},"geometry":{"type":"Polygon","coordinates":[[[12.4882393,41.8806054],[12.4882958,41.8805117],[12.488086,41.8804415],[12.4880295,41.8805352],[12.4882393,41.8806054]]]}},{"type":"Feature","properties":{"class":"public","name":"Dipartimento di Informatica","name:en":null},"geometry":{"type":"Polygon","coordinates":[[[12.5175057,41.9053959],[12.5175603,41.9053533],[12.5175737,41.9053629],[12.5176685,41.905289],[12.5176533,41.9052782],[12.5177123,41.9052322],[12.5176174,41.9051648],[12.517561,41.9052087],[12.5175456,41.9051978],[12.5174503,41.9052722],[12.5174673,41.9052843],[12.5174107,41.9053284],[12.5175057,41.9053959]]]}},{"type":"Feature","properties":{"class":"public","name":null,"name:en":null},"geometry":{"type":"Polygon","coordinates":[[[12.5162137,41.9057283],[12.5160683,41.905627],[12.5163121,41.9054388],[12.5163008,41.9054296],[12.5164329,41.9053264],[12.5164471,41.9053369],[12.5166905,41.9051438],[12.5167358,41.9051761],[12.5168066,41.9051228],[12.5167948,41.905114],[12.5168278,41.9050908],[12.5167938,41.9050659],[12.5170411,41.9048763],[12.5171581,41.9049668],[12.516924,41.9051621],[12.5168891,41.9051375],[12.516858,41.9051607],[12.5168448,41.9051512],[12.5167669,41.9052095],[12.5168174,41.9052453],[12.516582,41.9054314],[12.5165895,41.9054353],[12.5165933,41.9054465],[12.5165487,41.9054824],[12.5165144,41.9055085],[12.5164829,41.9055339],[12.5164659,41.9055473],[12.5164475,41.9055343],[12.5162137,41.9057283]]]}},{"type":"Feature","properties":{"class":"public","name":null,"name:en":null},"geometry":{"type":"Polygon","coordinates":[[[12.5166319,41.9055944],[12.5165875,41.9056299],[12.5166128,41.9056479],[12.5165892,41.9056665],[12.516584,41.9056601],[12.5163783,41.9058199],[12.5163708,41.9058266],[12.5166486,41.9060246],[12.5166576,41.9060173],[12.51667,41.9060236],[12.516693,41.9060274],[12.5167185,41.9060281],[12.516734,41.9060257],[12.5167487,41.9060201],[12.516769,41.9060074],[12.5167751,41.9059941],[12.5167806,41.9059759],[12.5167785,41.9059623],[12.5167694,41.9059491],[12.5167572,41.9059396],[12.5167668,41.9059333],[12.5166816,41.9058768],[12.5166896,41.9058703],[12.5165642,41.9057814],[12.5166796,41.905692],[12.5168805,41.9058405],[12.5168918,41.9058331],[12.5168998,41.905838],[12.5169238,41.9058425],[12.5169552,41.9058425],[12.5169832,41.9058336],[12.5170006,41.9058197],[12.5170132,41.9058033],[12.5170152,41.9057774],[12.5170099,41.9057616],[12.5169919,41.9057457],[12.5169999,41.9057397],[12.5168071,41.9055997],[12.5169165,41.9055098],[12.5171126,41.9056558],[12.5171233,41.9056483],[12.5171493,41.9056608],[12.5171767,41.9056622],[12.5172041,41.9056612],[12.5172241,41.9056523],[12.5172381,41.9056414],[12.5172521,41.905624],[12.5172521,41.9056031],[12.5172434,41.9055828],[12.5172334,41.9055669],[12.5172234,41.9055585],[12.5170419,41.9054323],[12.5170773,41.905405],[12.5170586,41.9053931],[12.517084,41.9053737],[12.517078,41.9053693],[12.5170913,41.9053598],[12.5171433,41.9053971],[12.5174116,41.9051848],[12.5172927,41.9050976],[12.5170264,41.9053071],[12.5170696,41.9053404],[12.5169999,41.9053971],[12.5169544,41.9053638],[12.5167237,41.9055495],[12.5167067,41.9055377],[12.5166663,41.9055683],[12.5166319,41.9055944]]]}},{"type":"Feature","properties":{"class":"public","name":"Chiesa Evangelica Valdese","name:en":"Reformed Waldensian Church"},"geometry":{"type":"Polygon","coordinates":[[[12.470612,41.9062779],[12.470633,41.90629],[12.4706864,41.9062414],[12.4709873,41.9063385],[12.4710229,41.9062743],[12.4710335,41.9062672],[12.4710427,41.9062601],[12.4710482,41.9062525],[12.4710505,41.9062468],[12.471051,41.9062362],[12.4710485,41.9062284],[12.4710424,41.90622],[12.4710351,41.9062142],[12.4710245,41.9062091],[12.471006,41.9062046],[12.471027,41.906159],[12.4708818,41.9061063],[12.4708309,41.9061074],[12.4708191,41.9061078],[12.4708162,41.9060951],[12.4708153,41.9060854],[12.47079,41.9060755],[12.4707884,41.9060132],[12.4707695,41.9060071],[12.4707581,41.9060041],[12.4707444,41.9060036],[12.4707317,41.9060063],[12.4707192,41.9060118],[12.4707073,41.9060225],[12.4706912,41.9060479],[12.4706005,41.9062135],[12.4705827,41.906222],[12.4705808,41.9062321],[12.4705791,41.9062465],[12.470585,41.9062622],[12.4705938,41.9062693],[12.470612,41.9062779]]]}},{"type":"Feature","properties":{"class":"public","name":"Chiesa della Beata Vergine Maria del Carmine","name:en":null},"geometry":{"type":"Polygon","coordinates":[[[12.4634865,41.9052398],[12.4636547,41.9052135],[12.4637881,41.9051927],[12.463782,41.905171],[12.4638294,41.9051637],[12.4638226,41.9051397],[12.4638366,41.9051375],[12.4638138,41.9050565],[12.4637868,41.9050607],[12.4637786,41.9050316],[12.4637315,41.9050389],[12.4637271,41.9050233],[12.4636377,41.9050372],[12.4636459,41.9050664],[12.4634589,41.9051004],[12.4634865,41.9052398]]]}},{"type":"Feature","properties":{"class":"ruin","name":null,"name:en":null},"geometry":{"type":"Polygon","coordinates":[[[12.4780634,41.8844974],[12.477987,41.8844072],[12.4779031,41.8843351],[12.4779094,41.8843304],[12.4779303,41.8843469],[12.4779513,41.8843317],[12.4779768,41.8843102],[12.4779949,41.8842958],[12.4780085,41.8843055],[12.4779388,41.884354],[12.477983,41.8843958],[12.4780034,41.8843848],[12.4780108,41.8843916],[12.4779949,41.8844013],[12.4780719,41.8844932],[12.4780634,41.8844974]]]}},{"type":"Feature","properties":{"class":"ruin","name":null,"name:en":null},"geometry":{"type":"Polygon","coordinates":[[[12.4779796,41.8842771],[12.4779484,41.8842502],[12.4779517,41.8842481],[12.4779829,41.8842749],[12.4779796,41.8842771]]]}},{"type":"Feature","properties":{"class":"ruin","name":null,"name:en":null},"geometry":{"type":"Polygon","coordinates":[[[12.478053,41.8843396],[12.4780292,41.8843209],[12.4780325,41.8843186],[12.4780563,41.8843373],[12.478053,41.8843396]]]}},{"type":"Feature","properties":{"class":"ruin","name":null,"name:en":null},"geometry":{"type":"Polygon","coordinates":[[[12.4778949,41.8842077],[12.4778606,41.8841784],[12.4778637,41.8841764],[12.477898,41.8842056],[12.4778949,41.8842077]]]}},{"type":"Feature","properties":{"class":"ruin","name":null,"name:en":null},"geometry":{"type":"Polygon","coordinates":[[[12.4779369,41.8842419],[12.4779108,41.884219],[12.4779142,41.8842168],[12.4779403,41.8842398],[12.4779369,41.8842419]]]}},{"type":"Feature","properties":{"class":"ruin","name":null,"name:en":null},"geometry":{"type":"Polygon","coordinates":[[[12.4780169,41.8843076],[12.4779877,41.8842864],[12.4779903,41.8842844],[12.4780195,41.8843056],[12.4780169,41.8843076]]]}},{"type":"Feature","properties":{"class":"ruin","name":null,"name:en":null},"geometry":{"type":"Polygon","coordinates":[[[12.4778776,41.8841202],[12.4778585,41.8841049],[12.4778944,41.8840801],[12.4781173,41.8842588],[12.4780318,41.8843179],[12.4780283,41.8843203],[12.4780117,41.8843318],[12.4779985,41.8843212],[12.4780173,41.8843081],[12.47802,41.8843063],[12.4780839,41.8842621],[12.4780552,41.884239],[12.4779901,41.884284],[12.4779873,41.8842859],[12.4779723,41.8842963],[12.4779641,41.8842897],[12.4779809,41.884278],[12.4779839,41.8842759],[12.4780423,41.8842356],[12.4780073,41.8842075],[12.4779501,41.8842471],[12.4779473,41.884249],[12.4779313,41.8842601],[12.4779229,41.8842533],[12.4779377,41.8842431],[12.4779413,41.8842406],[12.4779975,41.8842018],[12.4779932,41.8841983],[12.4779874,41.8842023],[12.4779618,41.8841818],[12.4779129,41.8842156],[12.4779094,41.884218],[12.4778947,41.8842282],[12.4778829,41.8842187],[12.4778971,41.8842089],[12.4779002,41.8842068],[12.4779501,41.8841722],[12.4779126,41.8841422],[12.4778636,41.8841761],[12.4778605,41.8841782],[12.4778478,41.884187],[12.477838,41.8841792],[12.4778988,41.8841372],[12.4778776,41.8841202]]]}},{"type":"Feature","properties":{"class":"ruin","name":null,"name:en":null},"geometry":{"type":"Polygon","coordinates":[[[12.4778675,41.8843073],[12.4777776,41.8842328],[12.477786,41.8842271],[12.4778517,41.8842816],[12.4778673,41.8842712],[12.4778753,41.8842778],[12.4778606,41.8842877],[12.4778768,41.8843011],[12.4778675,41.8843073]]]}},{"type":"Feature","properties":{"class":"public","name":null,"name:en":null},"geometry":{"type":"Polygon","coordinates":[[[12.5166924,41.8960607],[12.5166985,41.8960765],[12.516734,41.8961677],[12.51674,41.8961831],[12.5168186,41.8961662],[12.5169036,41.8961479],[12.5169211,41.8961441],[12.5169385,41.8961403],[12.5170997,41.8961056],[12.5170861,41.8960705],[12.5171316,41.8960607],[12.5170975,41.8959733],[12.5166924,41.8960607]]]}},{"type":"Feature","properties":{"class":"public","name":null,"name:en":null},"geometry":{"type":"Polygon","coordinates":[[[12.5165088,41.8966856],[12.5165708,41.8967166],[12.5165506,41.8967366],[12.5166617,41.8967924],[12.5167475,41.8967034],[12.5167281,41.8966947],[12.51675,41.8966665],[12.5167584,41.8966746],[12.5171186,41.8962781],[12.5170429,41.8962399],[12.517101,41.8961785],[12.5170597,41.8961616],[12.5170463,41.896176],[12.5170101,41.8961622],[12.5169537,41.8961747],[12.5169385,41.8961403],[12.5169211,41.8961441],[12.5169036,41.8961479],[12.5169293,41.8961948],[12.5169082,41.8962217],[12.5168746,41.8962568],[12.5168847,41.8962687],[12.5169082,41.8962706],[12.5169629,41.896213],[12.5169991,41.896228],[12.5169806,41.8962311],[12.516671,41.8965512],[12.5166445,41.8965377],[12.5165088,41.8966856]]]}},{"type":"Feature","properties":{"class":"public","name":null,"name:en":null},"geometry":{"type":"Polygon","coordinates":[[[12.516734,41.8961677],[12.5167021,41.8961732],[12.5167069,41.8961851],[12.5166422,41.8961983],[12.5164759,41.8962324],[12.5163891,41.8962502],[12.5163915,41.8962666],[12.5163409,41.896279],[12.5163817,41.8964056],[12.5164376,41.8964383],[12.5164567,41.8964188],[12.5165459,41.8964587],[12.5165864,41.8964162],[12.5166166,41.8964291],[12.5166023,41.896451],[12.5165745,41.8964754],[12.5166562,41.8965249],[12.5166445,41.8965377],[12.5165088,41.8966856],[12.5164895,41.8967066],[12.5162851,41.8966001],[12.5162859,41.8965763],[12.5162295,41.8965462],[12.5163061,41.8964738],[12.5162853,41.8964641],[12.5162649,41.8964547],[12.5162379,41.8963733],[12.5162203,41.896379],[12.5161874,41.8962988],[12.5161353,41.8963088],[12.5160915,41.8961942],[12.5166085,41.8960758],[12.5166579,41.8960645],[12.5166671,41.8960845],[12.5166985,41.8960765],[12.516734,41.8961677]]]}},{"type":"Feature","properties":{"class":"public","name":"Ingegneria Energetica - Edificio B","name:en":null},"geometry":{"type":"Polygon","coordinates":[[[12.5183901,41.9064819],[12.5183054,41.9064225],[12.5182957,41.9064302],[12.5182136,41.9063727],[12.5183058,41.9062998],[12.5183859,41.9063559],[12.5183774,41.9063627],[12.518401,41.9063792],[12.5183785,41.906397],[12.5184416,41.9064412],[12.5183901,41.9064819]]]}},{"type":"Feature","properties":{"class":"public","name":"Ingegneria Energetica - Edificio C","name:en":null},"geometry":{"type":"Polygon","coordinates":[[[12.5181876,41.9063463],[12.5181003,41.9063117],[12.5181527,41.9062261],[12.5182516,41.9062759],[12.5181876,41.9063463]]]}},{"type":"Feature","properties":{"class":"public","name":"Ingegneria Energetica - Edificio A","name:en":null},"geometry":{"type":"Polygon","coordinates":[[[12.5185048,41.9063849],[12.5182224,41.906182],[12.5183142,41.9061112],[12.5185967,41.9063141],[12.5185048,41.9063849]]]}},{"type":"Feature","properties":{"class":"public","name":"Casale Giolitti","name:en":null},"geometry":{"type":"Polygon","coordinates":[[[12.5189951,41.9069804],[12.5189206,41.9069046],[12.5189023,41.9069146],[12.5187299,41.906739],[12.51882,41.90669],[12.5190668,41.9069414],[12.5189951,41.9069804]]]}},{"type":"Feature","properties":{"class":"public","name":null,"name:en":null},"geometry":{"type":"Polygon","coordinates":[[[12.5178092,41.9052279],[12.5176704,41.9051313],[12.5177656,41.9050555],[12.5178146,41.9050896],[12.5177885,41.9051103],[12.5178783,41.9051728],[12.5178092,41.9052279]]]}},{"type":"Feature","properties":{"class":"public","name":"Aula Bianchi Bandinelli","name:en":null},"geometry":{"type":"Polygon","coordinates":[[[12.5197823,41.907044],[12.5200384,41.9068442],[12.5199467,41.9067791],[12.5198088,41.9068863],[12.5197868,41.9069043],[12.5196906,41.9069788],[12.5197823,41.907044]]]}},{"type":"Feature","properties":{"class":"public","name":"Palazzina E (ex casa del Fante)","name:en":null},"geometry":{"type":"Polygon","coordinates":[[[12.5191601,41.9066633],[12.5194231,41.9064536],[12.5192798,41.9063541],[12.519189,41.9064265],[12.5192537,41.9064715],[12.5191768,41.9065328],[12.519113,41.9064885],[12.5190177,41.9065644],[12.5191601,41.9066633]]]}},{"type":"Feature","properties":{"class":"public","name":"Palazzina A","name:en":null},"geometry":{"type":"Polygon","coordinates":[[[12.5192015,41.9063305],[12.5190778,41.9062468],[12.519151,41.9061869],[12.5191736,41.9062022],[12.5192047,41.9061766],[12.5192391,41.9061999],[12.5192117,41.9062223],[12.5192785,41.9062675],[12.5192015,41.9063305]]]}},{"type":"Feature","properties":{"class":"public","name":"Basilica di Santa Teresa d'Avila","name:en":null},"geometry":{"type":"Polygon","coordinates":[[[12.4951274,41.9112189],[12.495076,41.9112182],[12.495076,41.9111918],[12.4948643,41.9111929],[12.4948632,41.9112173],[12.4948064,41.9112179],[12.4948186,41.9117092],[12.4948316,41.9117081],[12.4948323,41.9117274],[12.4948415,41.9117478],[12.4948651,41.9117591],[12.4948887,41.911758],[12.4948986,41.9117478],[12.494907,41.9117472],[12.494907,41.9117602],[12.4949207,41.9117767],[12.4949519,41.9117959],[12.4949808,41.9117999],[12.4950075,41.911801],[12.4950418,41.911788],[12.4950669,41.9117744],[12.4950836,41.9117597],[12.4950829,41.911741],[12.4950871,41.911741],[12.4950884,41.9117458],[12.4950995,41.9117504],[12.4951132,41.9117502],[12.4951496,41.9117382],[12.4951566,41.9117269],[12.495156,41.9117113],[12.495156,41.9116881],[12.4952998,41.9116833],[12.4953569,41.9116825],[12.4953752,41.9116712],[12.4953707,41.9116139],[12.4953673,41.9115434],[12.4952935,41.9115461],[12.4952153,41.9115482],[12.4952143,41.9115278],[12.495215,41.9115069],[12.495149,41.9115085],[12.4951428,41.9112265],[12.4951275,41.9112264],[12.4951274,41.9112189]]]}},{"type":"Feature","properties":{"class":"ruin","name":null,"name:en":null},"geometry":{"type":"Polygon","coordinates":[[[12.4904055,41.8788685],[12.4904935,41.878805],[12.4906581,41.8789287],[12.4906231,41.8789564],[12.4906365,41.8789638],[12.490705,41.8789129],[12.4904336,41.8787254],[12.4903855,41.8787581],[12.4904007,41.8787705],[12.4903688,41.8787921],[12.4904171,41.8788238],[12.4903581,41.8788654],[12.4903844,41.8788842],[12.4904055,41.8788685]]]}},{"type":"Feature","properties":{"class":"public","name":"Chiesa di Santa Maria della Mercede e Sant\u2019Adriano Martire","name:en":null},"geometry":{"type":"Polygon","coordinates":[[[12.5008247,41.9172434],[12.5006394,41.9171163],[12.5006723,41.9170898],[12.5006121,41.9170485],[12.5005935,41.9170636],[12.5005592,41.91704],[12.5005391,41.9170563],[12.5005045,41.9170325],[12.5003937,41.9171266],[12.500455,41.917169],[12.5004418,41.9171796],[12.5007245,41.9173751],[12.5007449,41.9173588],[12.5007685,41.9173751],[12.500856,41.917305],[12.5008827,41.9172832],[12.5008247,41.9172434]]]}},{"type":"Feature","properties":{"class":"public","name":"Parrocchia San Giuseppe a Via Nomentana","name:en":null},"geometry":{"type":"Polygon","coordinates":[[[12.5085063,41.9134866],[12.5085169,41.913478],[12.5085464,41.9134983],[12.5085737,41.9135179],[12.5085984,41.9135152],[12.5086333,41.9135417],[12.5086336,41.913552],[12.5086345,41.9135784],[12.5086646,41.9135923],[12.508667,41.913616],[12.5086586,41.9136308],[12.5086279,41.9136577],[12.5086394,41.9136679],[12.5086147,41.9136926],[12.5085968,41.9136812],[12.5083729,41.9138586],[12.5081865,41.9137395],[12.5085063,41.9134866]]]}},{"type":"Feature","properties":{"class":"public","name":"Basilica di San Silvestro","name:en":null},"geometry":{"type":"Polygon","coordinates":[[[12.508353,41.9309539],[12.5083151,41.9309653],[12.5082925,41.9309647],[12.5082663,41.9309566],[12.5082554,41.9309431],[12.5082482,41.9309156],[12.5082708,41.930894],[12.5084,41.9308537],[12.5084055,41.9308651],[12.5084245,41.930855],[12.5084217,41.9308436],[12.5084217,41.9308308],[12.5084416,41.9308221],[12.5085384,41.9307898],[12.5085935,41.930884],[12.5084986,41.9309176],[12.5084787,41.9309176],[12.5084597,41.9309115],[12.508448,41.9309028],[12.5084398,41.9309061],[12.508448,41.9309203],[12.508353,41.9309539]]]}},{"type":"Feature","properties":{"class":"public","name":"Chiesa del Corpus Domini","name:en":null},"geometry":{"type":"Polygon","coordinates":[[[12.5036575,41.9106724],[12.5039021,41.9104606],[12.5040786,41.9105795],[12.5039109,41.9107231],[12.5039639,41.9107574],[12.5039472,41.910771],[12.5038891,41.9108222],[12.5036575,41.9106724]]]}},{"type":"Feature","properties":{"class":"public","name":"Chiesa di Santa Teresa del Bambin Ges\u00f9 in Panfilo","name:en":null},"geometry":{"type":"Polygon","coordinates":[[[12.4934498,41.9185952],[12.4933576,41.9185509],[12.4933914,41.9185118],[12.4933576,41.918498],[12.4934393,41.9184051],[12.4934218,41.9183773],[12.4934393,41.9183504],[12.4934614,41.9183374],[12.4934964,41.9183417],[12.4935233,41.9183165],[12.4935583,41.9183313],[12.4936049,41.9183217],[12.4936384,41.9183363],[12.4936503,41.9183635],[12.4936481,41.9183825],[12.4936854,41.9184007],[12.4936633,41.9184302],[12.4936761,41.9184572],[12.4936663,41.9184729],[12.4936609,41.9184815],[12.4936329,41.9184954],[12.4936073,41.9184945],[12.4935279,41.9185804],[12.4934836,41.9185613],[12.4934498,41.9185952]]]}},{"type":"Feature","properties":{"class":"public","name":null,"name:en":null},"geometry":{"type":"Polygon","coordinates":[[[12.5105673,41.8982452],[12.510387,41.8981889],[12.5102603,41.8981473],[12.5102285,41.898138],[12.5103479,41.8979288],[12.5102817,41.8979078],[12.5103501,41.8977879],[12.5104073,41.897806],[12.5103776,41.897858],[12.5105786,41.8979216],[12.510465,41.8981206],[12.5106118,41.8981671],[12.5105673,41.8982452]]]}},{"type":"Feature","properties":{"class":"public","name":null,"name:en":null},"geometry":{"type":"Polygon","coordinates":[[[12.4998086,41.922348],[12.4997083,41.9221993],[12.4996951,41.9222081],[12.4996364,41.9221654],[12.4997776,41.9220819],[12.4997927,41.9221035],[12.4998086,41.9221016],[12.4998422,41.9221458],[12.4998554,41.9221413],[12.4998838,41.9221904],[12.4999194,41.9221762],[12.4999531,41.922214],[12.49993,41.9222233],[12.4999795,41.9223068],[12.4999306,41.9223225],[12.4999221,41.9223033],[12.4998086,41.922348]]]}},{"type":"Feature","properties":{"class":"public","name":null,"name:en":null},"geometry":{"type":"Polygon","coordinates":[[[12.499274,41.9225211],[12.4993332,41.9224738],[12.4992251,41.9223989],[12.4993065,41.9223339],[12.4994082,41.9224044],[12.4993977,41.9224127],[12.4994977,41.922482],[12.4995774,41.9224182],[12.4993369,41.9222517],[12.4991495,41.9224016],[12.4991782,41.9224215],[12.4991559,41.9224393],[12.499274,41.9225211]]]}},{"type":"Feature","properties":{"class":"public","name":"Chiesa di Santa Galla","name:en":null},"geometry":{"type":"Polygon","coordinates":[[[12.4891989,41.8674908],[12.4892727,41.8674901],[12.4893603,41.8674903],[12.4893606,41.8675321],[12.4893716,41.8675322],[12.4893716,41.8675236],[12.4894531,41.8675237],[12.489453,41.8675457],[12.4894917,41.8675457],[12.4894917,41.8675378],[12.4895702,41.8675373],[12.4896517,41.8675375],[12.4896513,41.8675442],[12.489711,41.8675437],[12.4897103,41.8675767],[12.4897626,41.8675762],[12.4897626,41.8676253],[12.4897144,41.8676254],[12.489715,41.8679432],[12.4896429,41.8679435],[12.4896383,41.8679582],[12.4896347,41.8679658],[12.4896296,41.8679718],[12.4896215,41.8679782],[12.4896142,41.867982],[12.4896072,41.8679849],[12.4895995,41.8679875],[12.4895916,41.8679898],[12.4895834,41.8679911],[12.4895741,41.8679915],[12.4895656,41.8679914],[12.4895574,41.8679906],[12.4895504,41.8679889],[12.4895369,41.8679846],[12.4895281,41.8679805],[12.4895212,41.867976],[12.4895154,41.8679713],[12.4895087,41.8679632],[12.4895031,41.8679546],[12.4895007,41.8679426],[12.4894887,41.8679426],[12.4894889,41.8679112],[12.4894344,41.867911],[12.4894345,41.8678904],[12.4894119,41.8678903],[12.4894121,41.8678659],[12.4893677,41.8678657],[12.4893684,41.867741],[12.4894353,41.8677412],[12.4894359,41.8676224],[12.4892003,41.8676229],[12.4891989,41.8674908]]]}},{"type":"Feature","properties":{"class":"public","name":"Chiesa di San Luigi Gonzaga","name:en":null},"geometry":{"type":"Polygon","coordinates":[[[12.4903052,41.9292123],[12.4901926,41.9291935],[12.4901124,41.9291799],[12.4901144,41.92917],[12.49002,41.9291534],[12.4899865,41.9292509],[12.48995,41.9292425],[12.489888,41.9294412],[12.4899185,41.929448],[12.4899073,41.9294872],[12.4899256,41.9294903],[12.4899297,41.9294838],[12.4900099,41.9294993],[12.4900124,41.9294914],[12.4900855,41.929505],[12.4901043,41.9294396],[12.4901388,41.929445],[12.4901345,41.9294615],[12.4901431,41.929476],[12.4901302,41.9295149],[12.4901596,41.9295193],[12.4901582,41.9295224],[12.490205,41.9295303],[12.4902194,41.929491],[12.4901971,41.9294865],[12.4901743,41.9294797],[12.4901631,41.9294676],[12.4901596,41.9294555],[12.4901636,41.9294435],[12.4901707,41.9294348],[12.4901788,41.9294253],[12.4901824,41.9294197],[12.4902342,41.9294276],[12.4902677,41.9293391],[12.4902672,41.9293253],[12.4902184,41.9293124],[12.4902154,41.9293041],[12.4902194,41.9292909],[12.4902149,41.9292815],[12.4902189,41.9292728],[12.4902331,41.9292618],[12.4902529,41.9292573],[12.4902717,41.9292554],[12.4902915,41.9292611],[12.4903052,41.9292123]]]}},{"type":"Feature","properties":{"class":"public","name":null,"name:en":null},"geometry":{"type":"Polygon","coordinates":[[[12.4614268,41.881401],[12.4614278,41.8814506],[12.4614978,41.8814478],[12.4614948,41.8813983],[12.4614268,41.881401]]]}},{"type":"Feature","properties":{"class":"public","name":null,"name:en":null},"geometry":{"type":"Polygon","coordinates":[[[12.4612076,41.8811227],[12.4612126,41.8812031],[12.4613555,41.8812008],[12.4613543,41.8811592],[12.4613511,41.8811178],[12.4612076,41.8811227]]]}},{"type":"Feature","properties":{"class":"public","name":null,"name:en":null},"geometry":{"type":"Polygon","coordinates":[[[12.4614163,41.8811218],[12.4614192,41.8811581],[12.4614195,41.881167],[12.461485,41.8811647],[12.4614822,41.8811195],[12.4614163,41.8811218]]]}},{"type":"Feature","properties":{"class":"public","name":null,"name:en":null},"geometry":{"type":"Polygon","coordinates":[[[12.4616076,41.8817258],[12.4617054,41.8817225],[12.4617027,41.8816779],[12.4616882,41.8814417],[12.4615904,41.8814451],[12.4616076,41.8817258]]]}},{"type":"Feature","properties":{"class":"public","name":null,"name:en":null},"geometry":{"type":"Polygon","coordinates":[[[12.4613954,41.8814474],[12.4614056,41.8816639],[12.4614113,41.8817325],[12.4616076,41.8817258],[12.4615904,41.8814451],[12.4614978,41.8814478],[12.4614278,41.8814506],[12.4613954,41.8814474]]]}},{"type":"Feature","properties":{"class":"public","name":"Universit\u00e0 Cattolica Australiana Campus di Roma","name:en":"Australian Catholic University Rome Campus"},"geometry":{"type":"Polygon","coordinates":[[[12.4631401,41.8828778],[12.4632571,41.8828736],[12.4632511,41.8827813],[12.4632412,41.8826272],[12.4631242,41.8826314],[12.4630263,41.882635],[12.4630314,41.8827143],[12.463101,41.8827118],[12.4630882,41.882719],[12.4630759,41.8827348],[12.4630726,41.8827528],[12.4630789,41.8827704],[12.4630937,41.8827849],[12.4630981,41.8827868],[12.4630395,41.8827889],[12.4630455,41.8828812],[12.4631401,41.8828778]]]}},{"type":"Feature","properties":{"class":"public","name":null,"name:en":null},"geometry":{"type":"Polygon","coordinates":[[[12.4937592,41.892942],[12.4937596,41.8929595],[12.4937726,41.8929746],[12.4937955,41.8929828],[12.4940011,41.8930951],[12.4940201,41.8931055],[12.4941179,41.8931589],[12.4941307,41.8931566],[12.4941378,41.8931526],[12.494239,41.8931017],[12.4942445,41.8931001],[12.4942496,41.8930978],[12.4942351,41.8930866],[12.4941964,41.8930568],[12.494178,41.8930673],[12.4941639,41.8930593],[12.4941834,41.8930488],[12.4941098,41.8929948],[12.4940508,41.8929501],[12.4940211,41.8929839],[12.4939824,41.8929618],[12.49396,41.8929489],[12.4939773,41.8929312],[12.4939129,41.8928974],[12.4938989,41.8929127],[12.493874,41.892901],[12.4938446,41.8928807],[12.4937592,41.892942]]]}},{"type":"Feature","properties":{"class":"public","name":"Santa Maria Assunta al Gianicolo","name:en":null},"geometry":{"type":"Polygon","coordinates":[[[12.4627172,41.8954792],[12.4625384,41.8954437],[12.4624967,41.8955602],[12.4625092,41.8955626],[12.4625779,41.8955763],[12.4626402,41.8955886],[12.4626607,41.8955314],[12.4626959,41.8955384],[12.4627162,41.8954819],[12.4627172,41.8954792]]]}},{"type":"Feature","properties":{"class":"public","name":null,"name:en":null},"geometry":{"type":"Polygon","coordinates":[[[12.4610086,41.8814574],[12.4613954,41.8814474],[12.4614278,41.8814506],[12.4614268,41.881401],[12.4610075,41.8814061],[12.4610086,41.8814574]]]}},{"type":"Feature","properties":{"class":"public","name":null,"name:en":null},"geometry":{"type":"Polygon","coordinates":[[[12.4609996,41.8812066],[12.4612126,41.8812031],[12.4613555,41.8812008],[12.4613543,41.8811592],[12.4614192,41.8811581],[12.4614195,41.881167],[12.4614218,41.881246],[12.461001,41.8812529],[12.4609996,41.8812066]]]}},{"type":"Feature","properties":{"class":"public","name":null,"name:en":null},"geometry":{"type":"Polygon","coordinates":[[[12.4609975,41.8814577],[12.4610003,41.8815174],[12.4610851,41.8815155],[12.4610848,41.8815098],[12.461329,41.8815035],[12.4613366,41.8816657],[12.4614056,41.8816639],[12.4613954,41.8814474],[12.4610086,41.8814574],[12.4609975,41.8814577]]]}},{"type":"Feature","properties":{"class":"public","name":"Chiesa di Santa Lucia","name:en":null},"geometry":{"type":"Polygon","coordinates":[[[12.4561622,41.919402],[12.4562288,41.9193844],[12.456253,41.9193785],[12.4563909,41.919341],[12.4566539,41.919272],[12.4566727,41.9193111],[12.4566904,41.9193073],[12.4567435,41.9194216],[12.4567201,41.9194283],[12.4567383,41.9194383],[12.4567458,41.9194538],[12.4567458,41.9194632],[12.4567218,41.9194708],[12.4567469,41.9195108],[12.4566738,41.9195286],[12.4566282,41.919447],[12.4564454,41.9194963],[12.4564922,41.9195796],[12.4564329,41.9195983],[12.4564203,41.9195728],[12.4563666,41.9195592],[12.4563095,41.9195805],[12.4562878,41.9195388],[12.456225,41.9195584],[12.4561656,41.9195371],[12.4561455,41.9195],[12.4561393,41.9194887],[12.4561633,41.9194462],[12.4561839,41.9194436],[12.4561622,41.919402]]]}},{"type":"Feature","properties":{"class":"wall","name":"Mura gianicolensi","name:en":"Janiculum walls"},"geometry":{"type":"LineString","coordinates":[[12.4582844,41.898837],[12.4581628,41.8987149],[12.4580423,41.8986233],[12.4580061,41.8986018],[12.4579682,41.8985826],[12.45784,41.8985302],[12.4578803,41.898384],[12.4579113,41.8980774],[12.4579155,41.8980355],[12.4579418,41.8977857],[12.4580513,41.8968646],[12.4581622,41.8967037],[12.458321,41.8964475],[12.4584901,41.8964844],[12.4585884,41.8962292],[12.4586728,41.8959918],[12.4587029,41.895907],[12.4587307,41.895829],[12.458747,41.895783],[12.4586205,41.8957556],[12.4586802,41.8955556],[12.4586854,41.8955323],[12.4589047,41.8951576],[12.4589848,41.8951701],[12.4589798,41.8951967],[12.4590866,41.8952164],[12.4591949,41.8948985],[12.459408,41.8943072],[12.4595573,41.8938512],[12.4592906,41.8938215],[12.4593362,41.8933308],[12.4596473,41.892926],[12.4597352,41.8929509],[12.4597211,41.8929804],[12.4598499,41.8930203],[12.4601563,41.8925097],[12.4603038,41.8922731],[12.4603494,41.8922142],[12.4603856,41.8921054],[12.4604747,41.8918768],[12.4602636,41.8918338],[12.4601724,41.8918159],[12.4600664,41.8913876],[12.4604286,41.8909449],[12.4605037,41.8909489],[12.4605024,41.8909758],[12.4607692,41.8910038],[12.4608122,41.8907083],[12.4608971,41.8903467],[12.4609691,41.8898956],[12.4609955,41.8896222],[12.4610041,41.8895097],[12.4608191,41.8894765],[12.4608067,41.889505],[12.4606705,41.8894766],[12.46033,41.8890671],[12.4602601,41.8889823],[12.4603191,41.8889477],[12.4607372,41.8886794],[12.4608229,41.888625],[12.4609154,41.8885663],[12.4609884,41.8885865],[12.4609789,41.8886442],[12.4610533,41.8886592]]}},{"type":"Feature","properties":{"class":"public","name":null,"name:en":null},"geometry":{"type":"Polygon","coordinates":[[[12.5039221,41.920546],[12.5040602,41.9204372],[12.5039711,41.9203746],[12.5039642,41.92038],[12.5039395,41.9203627],[12.5039272,41.9203723],[12.5038895,41.9203458],[12.5038776,41.9203552],[12.5038453,41.9203325],[12.5037344,41.9204198],[12.5037873,41.920457],[12.5037911,41.920454],[12.5039221,41.920546]]]}},{"type":"Feature","properties":{"class":"public","name":null,"name:en":null},"geometry":{"type":"Polygon","coordinates":[[[12.5110934,41.9189854],[12.511008,41.9190266],[12.5111476,41.9192523],[12.5109653,41.9193458],[12.5109504,41.9193218],[12.5108431,41.9193587],[12.5108073,41.9193201],[12.5107935,41.9193304],[12.5107624,41.919296],[12.5105536,41.9190403],[12.5109884,41.9188172],[12.5110934,41.9189854]]]}},{"type":"Feature","properties":{"class":"public","name":"LUISS Guido Carli","name:en":null},"geometry":{"type":"Polygon","coordinates":[[[12.511274,41.9190286],[12.5114566,41.9189777],[12.5114713,41.9189425],[12.5114322,41.9188854],[12.5114599,41.9188575],[12.5114501,41.9188247],[12.5114273,41.9187956],[12.5113963,41.9187895],[12.5113555,41.9187349],[12.5113213,41.918724],[12.5111843,41.9187507],[12.5111908,41.9187738],[12.5111467,41.9187895],[12.511274,41.9190286]]]}},{"type":"Feature","properties":{"class":"public","name":null,"name:en":null},"geometry":{"type":"Polygon","coordinates":[[[12.512496,41.9188779],[12.5124443,41.9189037],[12.5124549,41.9189155],[12.5123583,41.9189636],[12.5123469,41.9189509],[12.5122829,41.9189827],[12.5121405,41.9188243],[12.5121756,41.9188069],[12.512116,41.9187406],[12.5121651,41.9187162],[12.5121526,41.9187023],[12.5121396,41.9187088],[12.5121242,41.9186916],[12.512147,41.9186802],[12.5121286,41.9186596],[12.5121174,41.9186651],[12.5119956,41.9185296],[12.5120563,41.9184994],[12.5121038,41.9185522],[12.5121373,41.9185355],[12.5121428,41.9185416],[12.5121779,41.9185242],[12.5124708,41.9188499],[12.512496,41.9188779]]]}},{"type":"Feature","properties":{"class":"public","name":null,"name:en":null},"geometry":{"type":"Polygon","coordinates":[[[12.5180309,41.8989179],[12.5180556,41.8989307],[12.5177793,41.8992353],[12.5174379,41.8990518],[12.517523,41.8989601],[12.5175924,41.8988856],[12.517703,41.8987662],[12.5177165,41.8987519],[12.5175674,41.8986751],[12.5176847,41.898549],[12.5177657,41.8985907],[12.5179317,41.8986763],[12.5178119,41.8988051],[12.5178802,41.8988403],[12.5179239,41.8988628],[12.5180309,41.8989179]]]}},{"type":"Feature","properties":{"class":"public","name":null,"name:en":null},"geometry":{"type":"Polygon","coordinates":[[[12.4555684,41.8838668],[12.455564,41.8838573],[12.4554979,41.8838739],[12.455521,41.8839247],[12.4555313,41.8839221],[12.4555568,41.8839819],[12.4557177,41.883944],[12.4557336,41.8839809],[12.4557662,41.8839731],[12.4557668,41.883976],[12.4557716,41.883982],[12.4557792,41.8839862],[12.4557884,41.8839879],[12.4557977,41.8839869],[12.4558057,41.8839832],[12.4558113,41.8839776],[12.4558136,41.8839708],[12.4558122,41.8839639],[12.4558111,41.8839624],[12.4558409,41.8839553],[12.4558251,41.8839185],[12.4557815,41.8838165],[12.4557683,41.8837864],[12.455661,41.883812],[12.4556738,41.8838419],[12.4555684,41.8838668]]]}},{"type":"Feature","properties":{"class":"public","name":null,"name:en":null},"geometry":{"type":"Polygon","coordinates":[[[12.4666127,41.8712865],[12.4669195,41.8713445],[12.4671699,41.8713384],[12.4671699,41.8712149],[12.4670272,41.8712198],[12.4670272,41.8712038],[12.4669145,41.8712013],[12.4666591,41.8711507],[12.4666127,41.8712865]]]}},{"type":"Feature","properties":{"class":"public","name":"Terrazza Tevere","name:en":null},"geometry":{"type":"Polygon","coordinates":[[[12.4690593,41.8751503],[12.4690946,41.8751626],[12.469098,41.875191],[12.4690698,41.8752441],[12.4690797,41.8753812],[12.4692412,41.8753691],[12.4692876,41.8753522],[12.4693202,41.8753132],[12.46935,41.8752206],[12.4693467,41.8751749],[12.469297,41.8751379],[12.4691195,41.8750725],[12.4690515,41.8750465],[12.4690593,41.8751503]]]}},{"type":"Feature","properties":{"class":"public","name":"Chiesa Salus Infirmorum","name:en":null},"geometry":{"type":"Polygon","coordinates":[[[12.4583461,41.8676797],[12.4583419,41.867693],[12.4582799,41.8678917],[12.4584667,41.8679241],[12.4585329,41.867712],[12.4585144,41.8677088],[12.4585147,41.8677009],[12.4585038,41.8676791],[12.4584825,41.8676621],[12.4584541,41.8676525],[12.4584229,41.8676518],[12.4583937,41.8676599],[12.4583917,41.8676613],[12.4583709,41.8676758],[12.4583664,41.8676832],[12.4583461,41.8676797]]]}},{"type":"Feature","properties":{"class":"ruin","name":"Necropoli di Vigna Pia","name:en":null},"geometry":{"type":"Polygon","coordinates":[[[12.4598193,41.8647543],[12.4597997,41.8647595],[12.459727,41.8647314],[12.4596627,41.8646918],[12.459618,41.864645],[12.4596962,41.8646356],[12.4597438,41.8645919],[12.4597396,41.8644597],[12.4597661,41.8644284],[12.4598584,41.8644732],[12.4600737,41.8645346],[12.4600779,41.8645492],[12.4600219,41.8646491],[12.4598193,41.8647543]]]}},{"type":"Feature","properties":{"class":"public","name":"LUISS","name:en":null},"geometry":{"type":"Polygon","coordinates":[[[12.5128456,41.9217123],[12.512856,41.9217226],[12.512788,41.9217565],[12.512741,41.9217092],[12.5127529,41.9217031],[12.512635,41.9215876],[12.5126962,41.9215581],[12.5126872,41.9215465],[12.5129485,41.9214426],[12.5129568,41.9214498],[12.5130269,41.9214248],[12.5130747,41.9215343],[12.5131509,41.9215137],[12.5131434,41.9214987],[12.5131912,41.9214826],[12.5131583,41.9214754],[12.5131404,41.9214576],[12.5131285,41.921442],[12.5131285,41.9214182],[12.5131456,41.9213904],[12.5131658,41.9213743],[12.5132001,41.9213632],[12.5132487,41.9213715],[12.513227,41.9213415],[12.5134794,41.9212415],[12.5135137,41.9212965],[12.5134317,41.9213279],[12.5134481,41.9213607],[12.513472,41.9213579],[12.5134794,41.921394],[12.5134608,41.9213963],[12.5134615,41.9214401],[12.5134779,41.9214429],[12.5134727,41.9214735],[12.5134526,41.9214746],[12.5134309,41.9215118],[12.5134466,41.9215201],[12.5134205,41.9215529],[12.5134055,41.921544],[12.5133674,41.9215762],[12.5133809,41.9215907],[12.5133353,41.9216096],[12.5133219,41.9215957],[12.5132906,41.921614],[12.5133182,41.9216779],[12.5132331,41.9216968],[12.5131905,41.9216007],[12.5130479,41.9216451],[12.5130472,41.9216357],[12.5130278,41.9216362],[12.5130136,41.9216318],[12.5130024,41.9216207],[12.5130031,41.9216101],[12.513021,41.9215951],[12.5130285,41.9215946],[12.5130218,41.9215873],[12.5130307,41.9215862],[12.5129725,41.9214946],[12.5128528,41.9215443],[12.5127329,41.921594],[12.5128165,41.921679],[12.5128411,41.9216734],[12.5128583,41.921679],[12.5128665,41.9216901],[12.5128635,41.9217018],[12.5128456,41.9217123]]]}},{"type":"Feature","properties":{"class":"public","name":null,"name:en":null},"geometry":{"type":"Polygon","coordinates":[[[12.4649848,41.8733852],[12.4649325,41.8733587],[12.4648469,41.8734521],[12.4648992,41.8734786],[12.464886,41.873493],[12.4648358,41.8735478],[12.4648675,41.873565],[12.4651505,41.8737105],[12.4652038,41.8736546],[12.4650884,41.8735959],[12.4649576,41.8735294],[12.4650564,41.8734216],[12.4649848,41.8733852]]]}},{"type":"Feature","properties":{"class":"public","name":"Parrocchia Santi Francesco e Caterina Patroni D'Italia","name:en":null},"geometry":{"type":"Polygon","coordinates":[[[12.4651183,41.8737457],[12.4651505,41.8737105],[12.4648675,41.873565],[12.4647704,41.8736705],[12.4647442,41.8736572],[12.4647159,41.873688],[12.4646958,41.8736778],[12.464602,41.8737802],[12.4645538,41.8738356],[12.4646283,41.8738735],[12.4646249,41.8738772],[12.4646996,41.8739152],[12.4646612,41.873957],[12.4646664,41.8739943],[12.4647148,41.8740189],[12.4647653,41.8740099],[12.4648037,41.8739681],[12.4648792,41.8740065],[12.4650465,41.873824],[12.4651027,41.8738526],[12.4651745,41.8737743],[12.4651183,41.8737457]]]}},{"type":"Feature","properties":{"class":"public","name":null,"name:en":null},"geometry":{"type":"Polygon","coordinates":[[[12.5087347,41.9298206],[12.5088218,41.9297762],[12.5088576,41.9297691],[12.5088886,41.9297469],[12.5088505,41.9297105],[12.5088528,41.9296653],[12.5088147,41.9296324],[12.5087765,41.929636],[12.5087562,41.92962],[12.5087383,41.9296245],[12.5087049,41.9295792],[12.5085606,41.929652],[12.5086596,41.9297478],[12.5086524,41.9297558],[12.5087216,41.9298277],[12.5087347,41.9298206]]]}},{"type":"Feature","properties":{"class":"public","name":"Parrocchia Sacri Cuori di Maria e Ges\u00f9","name:en":null},"geometry":{"type":"Polygon","coordinates":[[[12.5110437,41.9343506],[12.5112054,41.9344165],[12.5112391,41.9343729],[12.5115111,41.9344828],[12.5116003,41.9343581],[12.5113273,41.9342491],[12.5113583,41.9342062],[12.5113032,41.9341842],[12.5112663,41.9341695],[12.5112029,41.9341441],[12.5111777,41.9341789],[12.511128,41.9341591],[12.5110691,41.9341629],[12.5110253,41.9341944],[12.5110003,41.9342455],[12.5110213,41.9342788],[12.5110817,41.9343033],[12.5110437,41.9343506]]]}},{"type":"Feature","properties":{"class":"public","name":"Basilica dei Santi Giovanni e Paolo","name:en":null},"geometry":{"type":"Polygon","coordinates":[[[12.4922967,41.8866376],[12.4922353,41.8866429],[12.4922342,41.8866281],[12.4921945,41.8866305],[12.4922088,41.8867169],[12.4921735,41.8867596],[12.4921624,41.8867621],[12.4921657,41.8867827],[12.4920443,41.8867933],[12.492042,41.8867761],[12.4919879,41.8867802],[12.4919603,41.8866256],[12.4918985,41.8866305],[12.4918393,41.8865785],[12.4918374,41.886568],[12.4918079,41.886568],[12.491788,41.8865615],[12.4917725,41.8865549],[12.491756,41.8865434],[12.4917449,41.8865302],[12.4917383,41.8865171],[12.4917361,41.8865031],[12.4917361,41.8864875],[12.4917416,41.8864743],[12.4917504,41.8864611],[12.4917593,41.8864513],[12.4917703,41.8864422],[12.4917858,41.8864348],[12.4917979,41.8864307],[12.4918101,41.8864291],[12.4918082,41.8864195],[12.4918167,41.8864186],[12.4918068,41.8863699],[12.4918042,41.8863611],[12.4918124,41.88636],[12.4918327,41.8863579],[12.4918767,41.8863543],[12.4918921,41.886353],[12.491934,41.8863486],[12.4919482,41.8863473],[12.4919912,41.8863426],[12.4920057,41.8863413],[12.4920454,41.8863374],[12.4920595,41.8863363],[12.492103,41.8863319],[12.4921176,41.8863309],[12.4921567,41.8863264],[12.4921708,41.8863254],[12.4923243,41.8863106],[12.4924006,41.8863032],[12.4924191,41.8864432],[12.4924411,41.8865925],[12.4924063,41.8866597],[12.4922967,41.8866376]]]}},{"type":"Feature","properties":{"class":"public","name":"San Giulio","name:en":null},"geometry":{"type":"Polygon","coordinates":[[[12.4564782,41.8744094],[12.4565288,41.8744833],[12.4566019,41.8745459],[12.4566931,41.8745935],[12.4569524,41.8744256],[12.4569036,41.8743508],[12.4568302,41.8742879],[12.4567374,41.8742415],[12.4564782,41.8744094]]]}},{"type":"Feature","properties":{"class":"public","name":null,"name:en":null},"geometry":{"type":"Polygon","coordinates":[[[12.5132463,41.9038545],[12.5129235,41.9037646],[12.5130382,41.9035364],[12.5130549,41.9035032],[12.5129452,41.9034726],[12.5128433,41.9036754],[12.5128139,41.9036672],[12.512782,41.9037308],[12.5128297,41.9037441],[12.5128081,41.9037871],[12.5131021,41.903869],[12.5130774,41.9039181],[12.5131976,41.9039515],[12.5132176,41.9039116],[12.5132463,41.9038545]]]}},{"type":"Feature","properties":{"class":"public","name":null,"name:en":null},"geometry":{"type":"Polygon","coordinates":[[[12.5132176,41.9039116],[12.5133323,41.9039435],[12.513507,41.9035959],[12.5130695,41.9034741],[12.5130549,41.9035032],[12.5130382,41.9035364],[12.5134072,41.9036391],[12.5132925,41.9038673],[12.5132463,41.9038545],[12.5132176,41.9039116]]]}},{"type":"Feature","properties":{"class":"public","name":"San Lazzaro in Borgo","name:en":null},"geometry":{"type":"Polygon","coordinates":[[[12.4499169,41.9155074],[12.4499142,41.9156316],[12.4499897,41.9156335],[12.449987,41.9155104],[12.4500771,41.9155153],[12.4501022,41.9153941],[12.4499063,41.9153842],[12.4499049,41.91547],[12.4499169,41.9154867],[12.4499169,41.9155074]]]}},{"type":"Feature","properties":{"class":"ruin","name":"Sepolcro di Largo Talamo","name:en":null},"geometry":{"type":"Polygon","coordinates":[[[12.5168566,41.8946874],[12.5169235,41.8946548],[12.5169713,41.8947092],[12.5169044,41.8947418],[12.5168566,41.8946874]]]}},{"type":"Feature","properties":{"class":"ruin","name":"Basilica Sotterranea di Porta Maggiore","name:en":null},"geometry":{"type":"Polygon","coordinates":[[[12.5162913,41.8918355],[12.516336,41.8918973],[12.5166245,41.8917638],[12.5166217,41.8916662],[12.5162913,41.8918355]]]}},{"type":"Feature","properties":{"class":"public","name":null,"name:en":null},"geometry":{"type":"Polygon","coordinates":[[[12.4792141,41.867989],[12.4791927,41.8678614],[12.4791708,41.867731],[12.4790784,41.8677396],[12.4791163,41.8679657],[12.4792141,41.867989]]]}},{"type":"Feature","properties":{"class":"ruin","name":"Resti di Mura Serviane","name:en":null},"geometry":{"type":"Polygon","coordinates":[[[12.4937144,41.9048378],[12.4936963,41.9048138],[12.4937158,41.9048044],[12.4937318,41.9048254],[12.4937144,41.9048378]]]}},{"type":"Feature","properties":{"class":"ruin","name":"Resti di Mura Serviane","name:en":null},"geometry":{"type":"Polygon","coordinates":[[[12.5000972,41.9035855],[12.5002239,41.9033684],[12.5002514,41.9033798],[12.5001233,41.9035939],[12.5000972,41.9035855]]]}},{"type":"Feature","properties":{"class":"public","name":"Chiesa di Santa Maria del Riposo","name:en":null},"geometry":{"type":"Polygon","coordinates":[[[12.4348793,41.8972651],[12.4350852,41.8972616],[12.4350865,41.897341],[12.4350262,41.8973425],[12.4349477,41.8973629],[12.434939,41.8973405],[12.4348887,41.8973425],[12.4348793,41.8972651]]]}},{"type":"Feature","properties":{"class":"public","name":"Chiesa di San Pio X","name:en":null},"geometry":{"type":"Polygon","coordinates":[[[12.4403888,41.9198819],[12.4404965,41.9198559],[12.440507,41.91988],[12.4406535,41.9198447],[12.4406777,41.9199003],[12.4407598,41.9198805],[12.4407361,41.919826],[12.4407524,41.919822],[12.4407765,41.9198774],[12.4408566,41.9198581],[12.4408342,41.9198067],[12.4408566,41.9198013],[12.4408787,41.919852],[12.4409611,41.9198321],[12.4409385,41.9197802],[12.4409534,41.9197766],[12.4409763,41.9198291],[12.4410139,41.91982],[12.4408966,41.9195508],[12.4408611,41.9195594],[12.4408854,41.9196151],[12.4408679,41.9196193],[12.4408443,41.919565],[12.4407633,41.9195845],[12.4407872,41.9196395],[12.4407688,41.9196439],[12.4407443,41.9195877],[12.4406602,41.919608],[12.4406847,41.9196643],[12.4406657,41.9196689],[12.4406416,41.9196135],[12.4405578,41.9196337],[12.4405819,41.9196889],[12.440453,41.91972],[12.4404648,41.919747],[12.4403428,41.9197764],[12.4403888,41.9198819]]]}},{"type":"Feature","properties":{"class":"ruin","name":null,"name:en":null},"geometry":{"type":"Polygon","coordinates":[[[12.4656029,41.8845076],[12.4656014,41.8844577],[12.4654639,41.88446],[12.4654655,41.88451],[12.4656029,41.8845076]]]}},{"type":"Feature","properties":{"class":"public","name":null,"name:en":null},"geometry":{"type":"Polygon","coordinates":[[[12.4417231,41.8789147],[12.4415904,41.878924],[12.4415653,41.8790531],[12.4415758,41.8791146],[12.4416385,41.8792049],[12.4417754,41.8791916],[12.4418025,41.8791014],[12.4417879,41.8790275],[12.4417231,41.8789147]]]}},{"type":"Feature","properties":{"class":"public","name":"Casa Generalizia Suore Carmelitane Missionarie","name:en":null},"geometry":{"type":"Polygon","coordinates":[[[12.4409168,41.8749064],[12.4405217,41.8749457],[12.4405481,41.8750532],[12.4406663,41.8750426],[12.4407318,41.8752781],[12.4405948,41.8753187],[12.4405651,41.8753702],[12.4405631,41.8753903],[12.4405856,41.8754106],[12.4406513,41.8754412],[12.4407784,41.8754089],[12.4408027,41.87538],[12.4408164,41.875368],[12.4408408,41.8753755],[12.440977,41.8753422],[12.4409343,41.8752545],[12.4408628,41.8752683],[12.4408327,41.8752493],[12.4407758,41.875024],[12.4409332,41.8750083],[12.4409168,41.8749064]]]}},{"type":"Feature","properties":{"class":"public","name":"Istituto San Giovanni Battista","name:en":null},"geometry":{"type":"Polygon","coordinates":[[[12.4320065,41.8915386],[12.4317768,41.8917222],[12.4318534,41.8917898],[12.4319894,41.8916842],[12.4320972,41.8917307],[12.4322418,41.8917982],[12.4323183,41.8918088],[12.4323552,41.8918826],[12.4321794,41.8920177],[12.4323268,41.8921253],[12.4325933,41.8919185],[12.4324714,41.8918362],[12.4325111,41.8917581],[12.4320065,41.8915386]]]}},{"type":"Feature","properties":{"class":"public","name":null,"name:en":null},"geometry":{"type":"Polygon","coordinates":[[[12.4529272,41.8775447],[12.4529756,41.8775701],[12.4530038,41.8775402],[12.4530183,41.8775248],[12.4530216,41.877518],[12.4530218,41.8775108],[12.4530189,41.877504],[12.4530131,41.8774982],[12.4530052,41.877494],[12.452996,41.877492],[12.4529864,41.8774923],[12.4529773,41.8774949],[12.4529699,41.8774994],[12.4529553,41.8775148],[12.4529272,41.8775447]]]}},{"type":"Feature","properties":{"class":"public","name":null,"name:en":null},"geometry":{"type":"Polygon","coordinates":[[[12.4527334,41.878228],[12.4524516,41.8780768],[12.4524842,41.878042],[12.4525132,41.8780573],[12.4525585,41.8780808],[12.4525863,41.8780512],[12.4526861,41.878104],[12.4527686,41.8780134],[12.4528022,41.8780308],[12.4526864,41.8781546],[12.452747,41.878186],[12.4527541,41.8781785],[12.4527734,41.8781891],[12.4527334,41.878228]]]}},{"type":"Feature","properties":{"class":"public","name":null,"name:en":null},"geometry":{"type":"Polygon","coordinates":[[[12.4525187,41.8782669],[12.4524778,41.8783107],[12.4525774,41.8783627],[12.4526367,41.8783284],[12.4525187,41.8782669]]]}},{"type":"Feature","properties":{"class":"public","name":null,"name:en":null},"geometry":{"type":"Polygon","coordinates":[[[12.4524645,41.8782386],[12.4523541,41.878181],[12.4523048,41.8781554],[12.4522637,41.8781991],[12.4524234,41.8782825],[12.4524645,41.8782386]]]}},{"type":"Feature","properties":{"class":"public","name":null,"name:en":null},"geometry":{"type":"Polygon","coordinates":[[[12.4526385,41.8777988],[12.4523048,41.8781554],[12.4523541,41.878181],[12.4523857,41.8781473],[12.4524516,41.8780768],[12.4524842,41.878042],[12.4525132,41.8780573],[12.4525492,41.8780189],[12.4525945,41.8780424],[12.4526695,41.877962],[12.4527686,41.8780134],[12.4528022,41.8780308],[12.4526864,41.8781546],[12.452747,41.878186],[12.4527541,41.8781785],[12.4528947,41.8780283],[12.452839,41.8779994],[12.4528912,41.8779436],[12.4528613,41.8779281],[12.452908,41.8778782],[12.4527366,41.8777892],[12.4526985,41.8778299],[12.4526385,41.8777988]]]}},{"type":"Feature","properties":{"class":"public","name":null,"name:en":null},"geometry":{"type":"Polygon","coordinates":[[[12.4525187,41.8782669],[12.4526367,41.8783284],[12.4526688,41.8782941],[12.4523857,41.8781473],[12.4523541,41.878181],[12.4524645,41.8782386],[12.4524234,41.8782825],[12.4524778,41.8783107],[12.4525187,41.8782669]]]}},{"type":"Feature","properties":{"class":"public","name":"Santa Maria madre della Provvidenza","name:en":null},"geometry":{"type":"Polygon","coordinates":[[[12.4524516,41.8780768],[12.4523857,41.8781473],[12.4526688,41.8782941],[12.452702,41.8782885],[12.4527228,41.878274],[12.4527369,41.8782536],[12.4527377,41.8782376],[12.4527334,41.878228],[12.4524516,41.8780768]]]}},{"type":"Feature","properties":{"class":"public","name":"Chiesa di Santa Maria Immacolata e San Giuseppe Benedetto Labre","name:en":null},"geometry":{"type":"Polygon","coordinates":[[[12.5152647,41.8847575],[12.515312,41.8847544],[12.5153267,41.8847378],[12.515542,41.8848322],[12.5156077,41.8847379],[12.5156372,41.884691],[12.5156265,41.8846555],[12.5155909,41.8846398],[12.5155722,41.884642],[12.5154783,41.8845986],[12.5154538,41.8846325],[12.5154112,41.8846141],[12.5153697,41.8845936],[12.5153576,41.8846106],[12.51531,41.8845916],[12.5152697,41.8846046],[12.5152355,41.8846525],[12.5152443,41.8846855],[12.5152825,41.8846999],[12.515259,41.8847329],[12.5152647,41.8847575]]]}},{"type":"Feature","properties":{"class":"wall","name":null,"name:en":null},"geometry":{"type":"LineString","coordinates":[[12.4561843,41.9027564],[12.4563348,41.9030091],[12.4563385,41.9030153],[12.4563397,41.9030174],[12.4564525,41.9032068],[12.4565442,41.9033699],[12.4565588,41.903396],[12.4565699,41.9034189],[12.456609,41.9035792],[12.4566231,41.9036238],[12.4566918,41.9036245],[12.4567572,41.9036404],[12.4568003,41.9036614],[12.4568361,41.9036891],[12.4568664,41.9037288],[12.4568814,41.903773],[12.4568811,41.9038129],[12.4568684,41.9038517],[12.4568433,41.9038878],[12.4568074,41.9039184],[12.4567626,41.9039419],[12.4567115,41.9039568],[12.4566568,41.9039622],[12.456602,41.9039577],[12.4565547,41.9039452],[12.4565122,41.9039253],[12.4564697,41.9038922],[12.4564331,41.9038901],[12.4564095,41.9039208],[12.4561563,41.9038327],[12.4561063,41.9039243],[12.4559869,41.9038851],[12.4559929,41.9039375],[12.4558693,41.9039478],[12.4556443,41.9039658],[12.4552765,41.9039979],[12.4552698,41.9040774],[12.455267,41.9041104],[12.4552621,41.904197],[12.4552312,41.904738],[12.455328,41.9047827],[12.4554397,41.9048343],[12.4554819,41.904851],[12.4555081,41.9048613],[12.4555577,41.9048832],[12.4555747,41.905242],[12.4555884,41.9056316],[12.4555856,41.9059349],[12.4557478,41.9059558],[12.4556582,41.9062965],[12.4554001,41.9073829],[12.4551327,41.9073159],[12.454918,41.9072614],[12.4543805,41.9071272],[12.4542466,41.9070937],[12.4539308,41.9070125],[12.4538672,41.9069936],[12.4538682,41.9069904],[12.453829,41.9069806],[12.4538569,41.9068876],[12.453883,41.9068006],[12.4535013,41.9067351],[12.4531458,41.9066742],[12.453134,41.9067151],[12.4526334,41.9066803],[12.4520606,41.906528],[12.4520743,41.906485],[12.4514347,41.9063716],[12.4513711,41.9065751],[12.4509145,41.9065324],[12.4509161,41.9065221],[12.4505145,41.9064855],[12.4503233,41.9059883],[12.4505185,41.9058394],[12.4494506,41.9050402],[12.4492722,41.9051795],[12.4489405,41.9050442],[12.4488888,41.9047274],[12.4491049,41.9046784],[12.4489439,41.9043451],[12.4488442,41.904109],[12.4486477,41.9036102],[12.4483873,41.9037046],[12.4479072,41.9034179],[12.4478044,41.9033354],[12.4477887,41.9033228],[12.4476422,41.9031239],[12.4478558,41.9029913],[12.4468736,41.9021876],[12.4466245,41.9023518],[12.4457878,41.9019669],[12.4465013,41.9016602],[12.4465468,41.9016406],[12.4467233,41.9017975],[12.4473425,41.9014028],[12.4473346,41.9013963],[12.4473874,41.9013627],[12.4474403,41.9013292],[12.4474486,41.9013362],[12.4479728,41.901002],[12.4479414,41.9009743],[12.447935,41.9009781],[12.4477919,41.9008499],[12.4479497,41.9006923],[12.448127,41.900719],[12.448775,41.9008166],[12.4487752,41.9009986],[12.4508676,41.900827],[12.4508651,41.9008147],[12.4508789,41.9008134],[12.4508389,41.9005862],[12.4510337,41.9005398],[12.4511333,41.9005162],[12.451153,41.9005115],[12.4511812,41.9005048],[12.4512105,41.9004978],[12.4512814,41.900481],[12.4514229,41.9004473],[12.451557,41.9004154],[12.4518065,41.9003561],[12.4520982,41.9003279],[12.4522215,41.9003213],[12.4525599,41.9002996],[12.452791,41.9002848],[12.452806,41.9003709],[12.4528348,41.900491],[12.4528837,41.9004825],[12.4529513,41.9004712],[12.4531493,41.9004382],[12.4533796,41.9003996],[12.4537687,41.9003298],[12.4538798,41.9003158],[12.4538853,41.9003061],[12.4545155,41.9002048],[12.4545808,41.900344],[12.4545788,41.9003896],[12.4549969,41.9003892],[12.4557456,41.9003885],[12.455749,41.9003885],[12.4557768,41.9003884],[12.4557857,41.9003883],[12.4558353,41.9003883],[12.4560946,41.900388],[12.4563148,41.9003883],[12.4563573,41.9003889]]}},{"type":"Feature","properties":{"class":"public","name":"Nostra Signora di Coromoto","name:en":null},"geometry":{"type":"Polygon","coordinates":[[[12.4443201,41.8626629],[12.4445178,41.8627763],[12.4446352,41.8628437],[12.4448854,41.8626065],[12.4448096,41.8625657],[12.4448011,41.8625151],[12.444651,41.8624277],[12.4446184,41.8624564],[12.444566,41.8624275],[12.4443201,41.8626629]]]}},{"type":"Feature","properties":{"class":"ruin","name":null,"name:en":null},"geometry":{"type":"Polygon","coordinates":[[[12.5073158,41.863676],[12.5072393,41.863625],[12.5072915,41.8635684],[12.5073199,41.8635695],[12.5073772,41.8636178],[12.5073341,41.8636762],[12.5073158,41.863676]]]}},{"type":"Feature","properties":{"class":"public","name":"Chiesa Santi Martiri Cosma e Damiano","name:en":null},"geometry":{"type":"Polygon","coordinates":[[[12.4892465,41.874797],[12.4892078,41.8747743],[12.4891957,41.8747672],[12.4892165,41.8747475],[12.489206,41.8747414],[12.4892253,41.8747233],[12.4892278,41.8747132],[12.4892337,41.8747048],[12.4892445,41.8746977],[12.4892559,41.8746932],[12.4893302,41.8746239],[12.4893442,41.8746158],[12.4893607,41.8746122],[12.4893766,41.8746138],[12.489391,41.874619],[12.4894028,41.8746284],[12.4894066,41.87464],[12.4894069,41.8746467],[12.4894071,41.8746504],[12.4894001,41.8746651],[12.4893266,41.8747361],[12.489324,41.8747437],[12.4893164,41.8747538],[12.4893063,41.8747614],[12.4892971,41.8747641],[12.4892766,41.8747834],[12.489267,41.8747777],[12.4892465,41.874797]]]}},{"type":"Feature","properties":{"class":"public","name":"Chiesa di Santa Maria in Monserrato degli Spagnoli","name:en":null},"geometry":{"type":"Polygon","coordinates":[[[12.4692808,41.8960127],[12.4691768,41.8960926],[12.4688754,41.8959073],[12.4688648,41.8958963],[12.4688604,41.8958852],[12.4688575,41.8958715],[12.4688588,41.8958585],[12.4688619,41.8958485],[12.468869,41.895838],[12.468881,41.8958266],[12.4689284,41.8958048],[12.4692808,41.8960127]]]}},{"type":"Feature","properties":{"class":"ruin","name":"Basilica di San Marco","name:en":"Saint Mark's Basilica"},"geometry":{"type":"Polygon","coordinates":[[[12.5058583,41.8614399],[12.5057094,41.8611056],[12.5059718,41.8610426],[12.5061127,41.8613849],[12.5058583,41.8614399]]]}},{"type":"Feature","properties":{"class":"public","name":"Dipartimento di Ingegneria dell'Informazione, Elettronica e Telecomunicazioni","name:en":null},"geometry":{"type":"Polygon","coordinates":[[[12.4939213,41.893589],[12.4939614,41.893533],[12.4939785,41.8935399],[12.4940763,41.8934034],[12.4939371,41.8933477],[12.4936686,41.8937222],[12.4938131,41.8937801],[12.4939224,41.8936277],[12.4939749,41.8936487],[12.4939792,41.8936428],[12.4939527,41.8936322],[12.4939817,41.8935916],[12.4939631,41.8935841],[12.493951,41.8936009],[12.4939213,41.893589]]]}},{"type":"Feature","properties":{"class":"ruin","name":null,"name:en":null},"geometry":{"type":"Polygon","coordinates":[[[12.5151533,41.8913046],[12.5151674,41.8912584],[12.5152472,41.8912682],[12.5152613,41.8913127],[12.5151885,41.8913546],[12.5151533,41.8913046]]]}},{"type":"Feature","properties":{"class":"public","name":null,"name:en":null},"geometry":{"type":"Polygon","coordinates":[[[12.4941566,41.8938752],[12.4941494,41.8938854],[12.4941947,41.8939034],[12.4943054,41.8938109],[12.4943259,41.8937821],[12.4943522,41.8937064],[12.4942935,41.8936829],[12.4941566,41.8938752]]]}},{"type":"Feature","properties":{"class":"public","name":null,"name:en":null},"geometry":{"type":"Polygon","coordinates":[[[12.4938998,41.8937733],[12.4941566,41.8938752],[12.4942935,41.8936829],[12.4943136,41.8936544],[12.4940567,41.8935525],[12.4938998,41.8937733]]]}},{"type":"Feature","properties":{"class":"ruin","name":"Ambiente 4","name:en":null},"geometry":{"type":"Polygon","coordinates":[[[12.4899268,41.8900396],[12.489937,41.8900923],[12.4900249,41.8900717],[12.490032,41.8900525],[12.4900168,41.890017],[12.4899268,41.8900396]]]}},{"type":"Feature","properties":{"class":"public","name":"Capella Santi Sposi","name:en":null},"geometry":{"type":"Polygon","coordinates":[[[12.468227,41.9288164],[12.4683714,41.9288471],[12.4684589,41.9286193],[12.4683145,41.9285886],[12.4682355,41.9287961],[12.468227,41.9288164]]]}},{"type":"Feature","properties":{"class":"public","name":null,"name:en":null},"geometry":{"type":"Polygon","coordinates":[[[12.4939549,41.8938794],[12.4939564,41.8938773],[12.4939614,41.8938703],[12.4939629,41.8938681],[12.4939746,41.8938516],[12.4939825,41.8938399],[12.4939388,41.8938232],[12.4939343,41.8938293],[12.4939329,41.8938311],[12.4939298,41.8938354],[12.4939102,41.8938618],[12.4939549,41.8938794]]]}},{"type":"Feature","properties":{"class":"public","name":null,"name:en":null},"geometry":{"type":"Polygon","coordinates":[[[12.4939388,41.8938232],[12.4938759,41.8937982],[12.4938678,41.8938107],[12.4939298,41.8938354],[12.4939329,41.8938311],[12.4939343,41.8938293],[12.4939388,41.8938232]]]}},{"type":"Feature","properties":{"class":"public","name":null,"name:en":null},"geometry":{"type":"Polygon","coordinates":[[[12.493577,41.8941015],[12.4936255,41.8941094],[12.4936781,41.8939334],[12.4936326,41.8939152],[12.493577,41.8941015]]]}},{"type":"Feature","properties":{"class":"public","name":null,"name:en":null},"geometry":{"type":"Polygon","coordinates":[[[12.4938662,41.8940041],[12.4939101,41.8939423],[12.4938308,41.8939104],[12.4937844,41.8939758],[12.4937481,41.8940263],[12.493783,41.8940317],[12.493813,41.8940367],[12.49384,41.8940413],[12.4938415,41.8940389],[12.4938662,41.8940041]]]}},{"type":"Feature","properties":{"class":"public","name":null,"name:en":null},"geometry":{"type":"Polygon","coordinates":[[[12.5162568,41.9023323],[12.5163133,41.9022194],[12.5163088,41.9022181],[12.5163059,41.9022238],[12.5161702,41.9021859],[12.5161165,41.9022931],[12.5162568,41.9023323]]]}},{"type":"Feature","properties":{"class":"public","name":null,"name:en":null},"geometry":{"type":"Polygon","coordinates":[[[12.5159349,41.9026556],[12.5160708,41.9026936],[12.5160679,41.9026993],[12.5160724,41.9027006],[12.5162568,41.9023323],[12.5161165,41.9022931],[12.5160706,41.9023854],[12.5161233,41.9024001],[12.5160505,41.9025458],[12.5159973,41.9025309],[12.5159349,41.9026556]]]}},{"type":"Feature","properties":{"class":"public","name":null,"name:en":null},"geometry":{"type":"Polygon","coordinates":[[[12.5157325,41.902495],[12.5157216,41.9025167],[12.5157917,41.9025362],[12.5158026,41.9025146],[12.5157325,41.902495]]]}},{"type":"Feature","properties":{"class":"public","name":null,"name:en":null},"geometry":{"type":"Polygon","coordinates":[[[12.5153055,41.9022095],[12.5151253,41.9025694],[12.5153155,41.9026225],[12.5153583,41.9025368],[12.5154222,41.9025547],[12.5154403,41.9025184],[12.5153838,41.9025026],[12.5154299,41.9024105],[12.515609,41.9024605],[12.5156441,41.9023903],[12.515465,41.9023403],[12.5155029,41.9022647],[12.5153055,41.9022095]]]}},{"type":"Feature","properties":{"class":"public","name":null,"name:en":null},"geometry":{"type":"Polygon","coordinates":[[[12.5159086,41.9023027],[12.515992,41.9021361],[12.5163058,41.9022238],[12.5163674,41.9021009],[12.5155763,41.9018799],[12.5155155,41.9020014],[12.5157992,41.9020806],[12.5157151,41.9022486],[12.5159086,41.9023027]]]}},{"type":"Feature","properties":{"class":"public","name":null,"name:en":null},"geometry":{"type":"Polygon","coordinates":[[[12.5154497,41.90266],[12.5160093,41.9028163],[12.5160708,41.9026936],[12.5157569,41.9026059],[12.5157542,41.9026112],[12.5156542,41.9025833],[12.5156569,41.902578],[12.515445,41.9025188],[12.5154264,41.9025559],[12.5154925,41.9025743],[12.5154497,41.90266]]]}},{"type":"Feature","properties":{"class":"public","name":null,"name:en":null},"geometry":{"type":"Polygon","coordinates":[[[12.515466,41.9023373],[12.5156456,41.9023875],[12.515682,41.9023147],[12.5155024,41.9022645],[12.515466,41.9023373]]]}},{"type":"Feature","properties":{"class":"wall","name":"Mura Aureliane","name:en":"Aurelian Walls"},"geometry":{"type":"LineString","coordinates":[[12.4743704,41.8730415],[12.4745582,41.8730896],[12.4745617,41.8730821],[12.4746016,41.8730919],[12.4746046,41.8730859],[12.4746935,41.8731087],[12.4746913,41.873114],[12.4748363,41.8731533],[12.4750074,41.8732225],[12.4750503,41.8732418],[12.4750987,41.8732636],[12.4753948,41.8734025],[12.4754107,41.8733834],[12.4754912,41.8734194],[12.4754764,41.8734376],[12.4757678,41.8735914],[12.4757955,41.8735664],[12.4758707,41.8736152],[12.4758404,41.8736403],[12.475864,41.8736565],[12.4758822,41.873669],[12.4759594,41.8737222],[12.4760234,41.8737637],[12.4761054,41.8738147],[12.4761696,41.873854],[12.4761531,41.8738678],[12.4761608,41.8738777],[12.476195,41.8739014],[12.4762071,41.8739072],[12.4762139,41.8739269],[12.4762812,41.8739754],[12.4764774,41.8740858],[12.4764976,41.8740674],[12.4765496,41.8740971],[12.4765735,41.8740765],[12.4766497,41.8741257],[12.4766243,41.8741481],[12.4766786,41.8741766],[12.4767505,41.8742166],[12.4769363,41.8743379],[12.4769599,41.8743195],[12.4770309,41.8743653],[12.4770124,41.8743842],[12.4773721,41.8746389],[12.4773834,41.8746583],[12.4774468,41.8746974],[12.4774924,41.8747266],[12.4776023,41.8747969],[12.4776409,41.8748216],[12.4776729,41.8747967],[12.4777494,41.8748455],[12.47772,41.8748719],[12.477759,41.8748944],[12.4778864,41.8749705],[12.4780049,41.8750301],[12.4780343,41.8750027],[12.4781014,41.875042],[12.4780755,41.8750705],[12.4783619,41.8752322],[12.4783896,41.8752044],[12.4784636,41.875244],[12.4784354,41.8752733],[12.4787203,41.87542],[12.4787403,41.8753971],[12.4788153,41.8754343],[12.4787966,41.8754566],[12.4790857,41.8756178],[12.4791064,41.8755987],[12.4791765,41.8756388],[12.4791605,41.875661],[12.4794474,41.8757864],[12.4794677,41.8757587],[12.4795566,41.8757938],[12.4795398,41.8758226],[12.4798582,41.8759463],[12.4798788,41.8759192],[12.4799555,41.8759543],[12.479935,41.8759813],[12.4800957,41.8760558],[12.4801835,41.8760895],[12.4802411,41.8761116],[12.4802611,41.8760794],[12.4803465,41.8761038],[12.4803331,41.8761337],[12.4804103,41.8761527],[12.4804369,41.8761593]]}},{"type":"Feature","properties":{"class":"ruin","name":"Base del Colosso di Nerone","name:en":"pedestal of colossus of Nero"},"geometry":{"type":"Polygon","coordinates":[[[12.4909281,41.8909526],[12.4911142,41.8909009],[12.4910562,41.8907852],[12.4908701,41.8908369],[12.4909281,41.8909526]]]}},{"type":"Feature","properties":{"class":"wall","name":null,"name:en":null},"geometry":{"type":"LineString","coordinates":[[12.4491865,41.9031863],[12.4491575,41.9032065],[12.449842,41.9037506],[12.4498323,41.9037547],[12.4499331,41.9038353],[12.4499473,41.9038562],[12.4499387,41.9038785],[12.4499378,41.9039007],[12.4499457,41.9039264],[12.4499602,41.9039452],[12.4499794,41.9039614],[12.4500077,41.9039748],[12.45004,41.9039814],[12.4500684,41.9039812],[12.4500957,41.9039757],[12.450119,41.903966],[12.4501389,41.9039521],[12.4501537,41.903935],[12.4501606,41.9039214],[12.4501643,41.9039071],[12.4502187,41.9039079],[12.4502183,41.903929],[12.4504656,41.9039313],[12.4504662,41.9038926],[12.4505213,41.9038931],[12.4505216,41.9038782],[12.4505316,41.9038784],[12.4505324,41.9038403],[12.451044,41.9038521],[12.4512322,41.9038568],[12.4512377,41.9037368]]}},{"type":"Feature","properties":{"class":"wall","name":null,"name:en":null},"geometry":{"type":"LineString","coordinates":[[12.4485847,41.9027332],[12.44856,41.902748],[12.4485053,41.9026998],[12.4483863,41.9026062],[12.4482883,41.9025268],[12.4482726,41.90254],[12.448255,41.9025457],[12.4482358,41.9025467],[12.4482173,41.9025431],[12.4482013,41.9025352],[12.4481897,41.9025238],[12.4481838,41.9025102],[12.4481841,41.9024959],[12.4481907,41.9024825],[12.4482084,41.9024681],[12.4475889,41.9016159],[12.4475596,41.9016237],[12.4475286,41.9016258],[12.4474979,41.9016221],[12.4474695,41.9016127],[12.4474451,41.9015983],[12.4474263,41.9015798],[12.4474144,41.9015585],[12.4474101,41.9015355],[12.4474137,41.9015125],[12.4474208,41.9014971],[12.4474334,41.9014808],[12.4474496,41.9014672],[12.4474804,41.9014518],[12.4475175,41.9014437],[12.4475585,41.9014449],[12.4475805,41.9014501],[12.4476006,41.901458],[12.4476261,41.9014747],[12.4476422,41.9014924],[12.4476535,41.9015166],[12.4476555,41.9015422],[12.4477594,41.9015072],[12.4486513,41.9011594]]}},{"type":"Feature","properties":{"class":"wall","name":"Mura Aureliane","name:en":"Aurelian Walls"},"geometry":{"type":"LineString","coordinates":[[12.5143878,41.8936074],[12.5141242,41.8937699]]}},{"type":"Feature","properties":{"class":"public","name":"Casale dei Cedrati","name:en":null},"geometry":{"type":"Polygon","coordinates":[[[12.4432846,41.8891109],[12.4430145,41.8891197],[12.4430023,41.8889951],[12.4432712,41.8890555],[12.4432846,41.8891109]]]}},{"type":"Feature","properties":{"class":"public","name":"Cappellania universitaria","name:en":null},"geometry":{"type":"Polygon","coordinates":[[[12.4944805,41.8939339],[12.4945014,41.8939718],[12.4943975,41.8939972],[12.4943022,41.8940471],[12.4942741,41.8940167],[12.4943519,41.8939723],[12.4942996,41.8939214],[12.4943801,41.8938616],[12.4944805,41.8939339]]]}},{"type":"Feature","properties":{"class":"public","name":null,"name:en":null},"geometry":{"type":"Polygon","coordinates":[[[12.4382893,41.929441],[12.4383317,41.9294307],[12.4383301,41.9294271],[12.4383357,41.9294257],[12.4383416,41.9294243],[12.4383432,41.9294279],[12.4384671,41.9293977],[12.438412,41.9292727],[12.4382228,41.9293682],[12.4382576,41.9294063],[12.4382659,41.9294062],[12.4382692,41.9294099],[12.4382635,41.9294128],[12.4382893,41.929441]]]}},{"type":"Feature","properties":{"class":"wall","name":null,"name:en":null},"geometry":{"type":"LineString","coordinates":[[12.4739317,41.8839598],[12.4738875,41.8839903],[12.4736315,41.8841665],[12.4735253,41.8842396],[12.4733785,41.8841214],[12.4733893,41.8841136],[12.4735194,41.8842178],[12.4736663,41.8841161],[12.4737588,41.8840506],[12.4738311,41.8840035],[12.4739147,41.8839461],[12.4739317,41.8839598]]}},{"type":"Feature","properties":{"class":"wall","name":null,"name:en":null},"geometry":{"type":"LineString","coordinates":[[12.474024,41.8839005],[12.4741783,41.8837965],[12.4744837,41.8835964],[12.4744702,41.8835865],[12.4742529,41.8837234],[12.4742131,41.8837504],[12.4741605,41.8837856],[12.4740261,41.8838717],[12.4740073,41.8838865],[12.474024,41.8839005]]}},{"type":"Feature","properties":{"class":"wall","name":null,"name:en":null},"geometry":{"type":"LineString","coordinates":[[12.457559,41.9033598],[12.4575815,41.9039251],[12.4575826,41.9039675],[12.4575838,41.9039837],[12.4575849,41.904021],[12.4575996,41.9043196],[12.4576023,41.9043892],[12.4576025,41.9044528],[12.4576244,41.9050046],[12.4576384,41.9053563],[12.4576497,41.9056398],[12.4576569,41.9058208],[12.4573198,41.905904],[12.4571801,41.9059385],[12.457024,41.9059766],[12.4568797,41.9060118],[12.4567678,41.9060391],[12.4566132,41.9060748],[12.4564965,41.9061053],[12.4556582,41.9062965]]}},{"type":"Feature","properties":{"class":"wall","name":"Mura gianicolensi","name:en":"Janiculum walls"},"geometry":{"type":"LineString","coordinates":[[12.4700132,41.8837646],[12.4702788,41.8839057],[12.4702675,41.8839609],[12.4702183,41.8841867],[12.4709302,41.8842376],[12.4710664,41.8842473],[12.4719143,41.8843111],[12.472188,41.8843259],[12.4722444,41.8840473],[12.4730027,41.8838068],[12.4730206,41.8838184],[12.4733328,41.8840213],[12.4733825,41.8840536],[12.4733766,41.884101],[12.4733893,41.8841136],[12.4735194,41.8842178],[12.4736663,41.8841161],[12.4737588,41.8840506],[12.4738311,41.8840035],[12.4739147,41.8839461],[12.4740073,41.8838865],[12.4740261,41.8838717],[12.4741605,41.8837856],[12.4742131,41.8837504],[12.4742529,41.8837234],[12.4744702,41.8835865],[12.474489,41.8835695]]}},{"type":"Feature","properties":{"class":"public","name":"Conventi Agostiniani","name:en":"Monastery of the Order of Saint Augustine"},"geometry":{"type":"Polygon","coordinates":[[[12.4764892,41.9112602],[12.4766953,41.9112813],[12.4767676,41.9112873],[12.4768018,41.911286],[12.4768306,41.9112828],[12.4768738,41.9112773],[12.4769049,41.9112689],[12.4769189,41.9112908],[12.4770121,41.9112674],[12.477179,41.9112979],[12.4770167,41.911493],[12.476956,41.9115995],[12.4769269,41.9117115],[12.4767711,41.9116933],[12.4768068,41.9115434],[12.4768644,41.9115507],[12.4769371,41.9114506],[12.4768341,41.9114386],[12.4768438,41.9113924],[12.4764705,41.9113488],[12.4764892,41.9112602]]]}},{"type":"Feature","properties":{"class":"public","name":"Basilica di Sant'Agostino","name:en":"Basilica of Saint Augustine in Campo Marzio"},"geometry":{"type":"Polygon","coordinates":[[[12.4740781,41.9008037],[12.4744297,41.9007798],[12.4744674,41.9010948],[12.474495,41.9013258],[12.4741794,41.9013467],[12.4741693,41.9012623],[12.4740647,41.9012692],[12.4740455,41.9011087],[12.474071,41.9010818],[12.4741099,41.9010702],[12.4740781,41.9008037]]]}},{"type":"Feature","properties":{"class":"wall","name":"Mura Aureliane","name:en":"Aurelian Walls"},"geometry":{"type":"LineString","coordinates":[[12.5076057,41.9021865],[12.507575,41.9022585],[12.5076155,41.9022695],[12.5075833,41.902335],[12.5075397,41.9023231],[12.5074102,41.902572],[12.5074531,41.902585],[12.5074249,41.9026459],[12.507382,41.9026344],[12.5073294,41.9027523]]}},{"type":"Feature","properties":{"class":"wall","name":"Mura Aureliane","name:en":"Aurelian Walls"},"geometry":{"type":"LineString","coordinates":[[12.5081144,41.9012027],[12.5080566,41.9013138],[12.5080848,41.9013228],[12.5080546,41.9013872],[12.5080184,41.9013782],[12.5078381,41.9017261],[12.5079079,41.9017437],[12.5078688,41.9018184],[12.5077975,41.9017982],[12.50776,41.9018657]]}},{"type":"Feature","properties":{"class":"wall","name":"Mura Aureliane","name:en":"Aurelian Walls"},"geometry":{"type":"LineString","coordinates":[[12.4718343,41.8736985],[12.4718791,41.8736145],[12.4718574,41.8736081],[12.4718926,41.8735422],[12.471913,41.8735482],[12.4720676,41.873259]]}},{"type":"Feature","properties":{"class":"ruin","name":null,"name:en":null},"geometry":{"type":"Polygon","coordinates":[[[12.4825046,41.8611104],[12.4825361,41.8611493],[12.4827363,41.861242],[12.4829486,41.8613082],[12.4832143,41.8612505],[12.4827122,41.8610785],[12.4825046,41.8611104]]]}},{"type":"Feature","properties":{"class":"wall","name":"Mura Aureliane","name:en":"Aurelian Walls"},"geometry":{"type":"LineString","coordinates":[[12.4812564,41.8767024],[12.4812522,41.8766931],[12.481249,41.8766858],[12.4812473,41.8766779],[12.4812475,41.8766702],[12.4812513,41.8766622],[12.4812569,41.8766564],[12.4812661,41.8766511],[12.4812747,41.8766481],[12.4812859,41.8766458],[12.4812977,41.876645],[12.4813095,41.8766462],[12.4813207,41.8766501],[12.4813294,41.8766556],[12.4813371,41.8766643],[12.4813454,41.8766772],[12.4814272,41.8766505],[12.4815146,41.8766221],[12.4815122,41.8766124],[12.4815127,41.8766023],[12.481516,41.8765931],[12.4815224,41.8765855],[12.4815314,41.8765806],[12.4815428,41.8765768],[12.4815577,41.876574],[12.4815716,41.8765729],[12.4815861,41.876574],[12.4815979,41.8765772],[12.4816087,41.876583],[12.4816163,41.8765913],[12.4816213,41.8766011],[12.4816284,41.8766232]]}},{"type":"Feature","properties":{"class":"wall","name":"Mura gianicolensi","name:en":"Janiculum walls"},"geometry":{"type":"LineString","coordinates":[[12.4620553,41.8856923],[12.4620665,41.8851429],[12.4620687,41.8850666],[12.4620708,41.8850369],[12.4617869,41.8850394],[12.4617839,41.8850718],[12.4616814,41.885074],[12.4614712,41.8845806],[12.4613766,41.8843853]]}},{"type":"Feature","properties":{"class":"wall","name":"Mura gianicolensi","name:en":"Janiculum walls"},"geometry":{"type":"LineString","coordinates":[[12.4613766,41.8843853],[12.4615775,41.8843094],[12.4615893,41.8843055],[12.4618104,41.8842252],[12.4618484,41.8842105],[12.4621638,41.8840854],[12.4622418,41.8841531],[12.4622275,41.8841684],[12.462422,41.8843141],[12.4630813,41.8838257],[12.4634664,41.8835404],[12.4637502,41.883325],[12.4634767,41.8831552],[12.4634227,41.883116],[12.4637915,41.8825319],[12.4644665,41.8827338],[12.4644399,41.882911],[12.4650779,41.8829061],[12.4652595,41.8829097],[12.4652411,41.8826263],[12.4654608,41.8825379],[12.4658625,41.8823715],[12.4659251,41.8825512]]}},{"type":"Feature","properties":{"class":"wall","name":"Mura gianicolensi","name:en":"Janiculum walls"},"geometry":{"type":"LineString","coordinates":[[12.4615385,41.8882607],[12.461849,41.8877971],[12.4615731,41.8877106],[12.4615589,41.8877343],[12.4614713,41.8877083],[12.4613889,41.8874938],[12.461205,41.8869773],[12.4616595,41.8864744],[12.4617503,41.8864757],[12.4617552,41.8865125],[12.4620386,41.8865113],[12.4620553,41.8856923]]}},{"type":"Feature","properties":{"class":"wall","name":"Mura gianicolensi","name:en":"Janiculum walls"},"geometry":{"type":"LineString","coordinates":[[12.4611601,41.8886806],[12.4612188,41.8886923],[12.4613244,41.8885577]]}},{"type":"Feature","properties":{"class":"public","name":"Curia Generalizia dell\u2019Ordine di Sant\u2019Agostino","name:en":"General Curia of the Augustinians"},"geometry":{"type":"Polygon","coordinates":[[[12.4573693,41.9009692],[12.4574094,41.9009767],[12.4574055,41.9009827],[12.4574025,41.9009908],[12.4574028,41.9010015],[12.4574044,41.9010089],[12.4574096,41.9010183],[12.4574161,41.901027],[12.4575124,41.901034],[12.4575179,41.9009879],[12.4578069,41.9010356],[12.4578381,41.9009422],[12.4578665,41.9008581],[12.457899,41.9007598],[12.4578573,41.9007526],[12.457878,41.900686],[12.4577064,41.9006564],[12.4577109,41.9006418],[12.4576515,41.9006316],[12.4576461,41.900649],[12.4575913,41.9006395],[12.4575688,41.900712],[12.4575708,41.9007123],[12.4576297,41.9007225],[12.4576257,41.9007385],[12.4576983,41.900751],[12.4576423,41.9009182],[12.4574165,41.9008789],[12.4573977,41.9008755],[12.4573793,41.900936],[12.4573712,41.9009629],[12.4573693,41.9009692]]]}},{"type":"Feature","properties":{"class":"public","name":"Augustinianum","name:en":"Augustinian Patristic Institute"},"geometry":{"type":"Polygon","coordinates":[[[12.4574031,41.9003198],[12.4573741,41.9003664],[12.4575122,41.9005127],[12.457539,41.9005152],[12.4575481,41.9005106],[12.4575706,41.900535],[12.457591,41.9005571],[12.4575794,41.9005636],[12.4575797,41.9005913],[12.4576554,41.9006032],[12.457683,41.9005922],[12.4577087,41.9005974],[12.4577636,41.9005684],[12.4578301,41.9005332],[12.4578793,41.9005072],[12.4578877,41.9005167],[12.4579841,41.900617],[12.4579915,41.9006132],[12.4581011,41.9005551],[12.458017,41.900467],[12.45795,41.9003973],[12.4579127,41.9003575],[12.4579016,41.9003461],[12.457928,41.9003321],[12.4578115,41.9002101],[12.4577805,41.9002265],[12.4577888,41.9002352],[12.45773,41.9002663],[12.4576928,41.9002275],[12.4576432,41.9002538],[12.457572,41.9002915],[12.4575544,41.9002731],[12.4574921,41.9002836],[12.4575197,41.9003129],[12.4574842,41.9003314],[12.4574706,41.900317],[12.4574031,41.9003198]]]}},{"type":"Feature","properties":{"class":"wall","name":null,"name:en":null},"geometry":{"type":"LineString","coordinates":[[12.4581455,41.9007867],[12.4584808,41.9004531],[12.4584871,41.9004468],[12.4584773,41.9004329],[12.4584384,41.9003776],[12.4583515,41.9002542],[12.4582303,41.9000821],[12.4580388,41.9000374],[12.4577046,41.8996177],[12.4577682,41.8995002]]}},{"type":"Feature","properties":{"class":"wall","name":null,"name:en":null},"geometry":{"type":"LineString","coordinates":[[12.4569876,41.9000418],[12.4570453,41.8998375],[12.4570716,41.8997148],[12.4570875,41.8996387],[12.4571528,41.8993099],[12.457354,41.8992229],[12.4575078,41.8991571]]}},{"type":"Feature","properties":{"class":"wall","name":null,"name:en":null},"geometry":{"type":"LineString","coordinates":[[12.4577682,41.8995002],[12.4577319,41.8994524],[12.4575834,41.8992567],[12.4575078,41.8991571]]}},{"type":"Feature","properties":{"class":"wall","name":null,"name:en":null},"geometry":{"type":"LineString","coordinates":[[12.4575078,41.8991571],[12.457354,41.8992229],[12.4571609,41.8993128],[12.4570875,41.8996387],[12.4570716,41.8997148],[12.4570453,41.8998375],[12.4569876,41.9000418]]}},{"type":"Feature","properties":{"class":"wall","name":null,"name:en":null},"geometry":{"type":"LineString","coordinates":[[12.4567229,41.9003862],[12.4567157,41.9003801],[12.4567206,41.9003655],[12.4567308,41.9003511],[12.4567509,41.9003358],[12.4567763,41.900326],[12.4568046,41.9003228],[12.4568327,41.9003264],[12.4568577,41.9003363],[12.4568772,41.9003516],[12.4568892,41.9003707],[12.4568926,41.9003913],[12.4569056,41.900391]]}},{"type":"Feature","properties":{"class":"wall","name":null,"name:en":null},"geometry":{"type":"LineString","coordinates":[[12.4569056,41.900391],[12.4569522,41.9003893],[12.4569589,41.9003361]]}},{"type":"Feature","properties":{"class":"ruin","name":null,"name:en":null},"geometry":{"type":"Polygon","coordinates":[[[12.4829372,41.8892707],[12.4828528,41.8894683],[12.4827509,41.8894655],[12.4821878,41.889445],[12.4822004,41.8893927],[12.4822781,41.8892388],[12.482339,41.8891071],[12.4827523,41.8892204],[12.4829372,41.8892707]]]}},{"type":"Feature","properties":{"class":"ruin","name":null,"name:en":null},"geometry":{"type":"Polygon","coordinates":[[[12.5083662,41.8851355],[12.5084185,41.8850691],[12.5085065,41.8851076],[12.5084542,41.885174],[12.5083662,41.8851355]]]}},{"type":"Feature","properties":{"class":"wall","name":null,"name:en":null},"geometry":{"type":"LineString","coordinates":[[12.5227325,41.8508964],[12.5226491,41.8509522],[12.5226712,41.8509669],[12.5226418,41.8509897],[12.5226204,41.8509742],[12.5224772,41.8510843],[12.5224091,41.8511366],[12.5224332,41.8511526],[12.522397,41.8511806],[12.5223764,41.8511672],[12.5221838,41.8513134],[12.5222026,41.8513284],[12.5221691,41.8513574],[12.5221476,41.8513434],[12.5220685,41.8514133]]}},{"type":"Feature","properties":{"class":"wall","name":null,"name:en":null},"geometry":{"type":"LineString","coordinates":[[12.5204073,41.8514997],[12.5204656,41.8514491],[12.5204836,41.8514347],[12.5206285,41.8513189],[12.5206087,41.8513031],[12.5206395,41.8512806],[12.520662,41.8512946],[12.520758,41.8512045],[12.5207649,41.851198]]}},{"type":"Feature","properties":{"class":"wall","name":"Mura Aureliane","name:en":"Aurelian Walls"},"geometry":{"type":"LineString","coordinates":[[12.5071489,41.9039753],[12.5071473,41.9040765],[12.5071463,41.9041163],[12.5071414,41.9041885],[12.5071379,41.9043659],[12.5071592,41.9043667],[12.5071476,41.9044093],[12.5071624,41.9044124],[12.5072816,41.9044374],[12.5073715,41.9044591],[12.5076342,41.9045226],[12.5087727,41.9047527],[12.5090758,41.9048139],[12.5092755,41.9048581],[12.5093141,41.904883],[12.5094948,41.9049995]]}},{"type":"Feature","properties":{"class":"wall","name":"Mura Aureliane","name:en":"Aurelian Walls"},"geometry":{"type":"LineString","coordinates":[[12.5096666,41.9059313],[12.5090579,41.907081]]}},{"type":"Feature","properties":{"class":"wall","name":"Mura Aureliane","name:en":"Aurelian Walls"},"geometry":{"type":"LineString","coordinates":[[12.5098946,41.905261],[12.5099262,41.9052822],[12.5099594,41.9053062],[12.5099688,41.9053381],[12.5099621,41.9053731],[12.5096666,41.9059313]]}},{"type":"Feature","properties":{"class":"wall","name":"Mura Aureliane","name:en":"Aurelian Walls"},"geometry":{"type":"LineString","coordinates":[[12.5094948,41.9049995],[12.5097569,41.9051685],[12.5098946,41.905261]]}},{"type":"Feature","properties":{"class":"wall","name":"Mura Aureliane","name:en":"Aurelian Walls"},"geometry":{"type":"LineString","coordinates":[[12.5070151,41.8851354],[12.507022,41.8851148],[12.5070507,41.8851114],[12.5070797,41.8851211],[12.5077371,41.8853554],[12.5079643,41.8854364],[12.5083692,41.8855808],[12.5084211,41.8856001]]}},{"type":"Feature","properties":{"class":"ruin","name":null,"name:en":null},"geometry":{"type":"Polygon","coordinates":[[[12.486481,41.8925651],[12.4864822,41.8925632],[12.4864825,41.892561],[12.4864817,41.892559],[12.4864801,41.8925572],[12.486478,41.8925561],[12.4864755,41.8925555],[12.4864729,41.8925555],[12.4864704,41.8925561],[12.4864683,41.8925573],[12.4864668,41.8925588],[12.486466,41.8925607],[12.486466,41.8925626],[12.4864668,41.8925645],[12.4864684,41.892566],[12.4864708,41.8925672],[12.4864735,41.8925678],[12.4864764,41.8925676],[12.486479,41.8925666],[12.486481,41.8925651]]]}},{"type":"Feature","properties":{"class":"ruin","name":null,"name:en":null},"geometry":{"type":"Polygon","coordinates":[[[12.4865691,41.8925259],[12.4865703,41.892524],[12.4865706,41.8925218],[12.4865698,41.8925198],[12.4865682,41.892518],[12.4865661,41.8925169],[12.4865636,41.8925163],[12.486561,41.8925163],[12.4865585,41.8925169],[12.4865564,41.8925181],[12.4865549,41.8925196],[12.4865541,41.8925215],[12.4865541,41.8925234],[12.4865549,41.8925253],[12.4865565,41.8925268],[12.4865589,41.892528],[12.4865616,41.8925286],[12.4865645,41.8925284],[12.4865671,41.8925274],[12.4865691,41.8925259]]]}},{"type":"Feature","properties":{"class":"ruin","name":null,"name:en":null},"geometry":{"type":"Polygon","coordinates":[[[12.4864407,41.8925828],[12.4864419,41.8925809],[12.4864422,41.8925787],[12.4864414,41.8925767],[12.4864398,41.8925749],[12.4864377,41.8925738],[12.4864352,41.8925732],[12.4864326,41.8925732],[12.4864301,41.8925738],[12.486428,41.892575],[12.4864265,41.8925765],[12.4864257,41.8925784],[12.4864257,41.8925803],[12.4864265,41.8925822],[12.4864281,41.8925837],[12.4864305,41.8925849],[12.4864332,41.8925855],[12.4864361,41.8925853],[12.4864387,41.8925843],[12.4864407,41.8925828]]]}},{"type":"Feature","properties":{"class":"ruin","name":null,"name:en":null},"geometry":{"type":"Polygon","coordinates":[[[12.4859945,41.8927922],[12.4859957,41.8927903],[12.485996,41.8927881],[12.4859952,41.8927861],[12.4859936,41.8927843],[12.4859915,41.8927832],[12.485989,41.8927826],[12.4859864,41.8927826],[12.4859839,41.8927832],[12.4859818,41.8927844],[12.4859803,41.8927859],[12.4859795,41.8927878],[12.4859795,41.8927897],[12.4859803,41.8927916],[12.4859819,41.8927931],[12.4859843,41.8927943],[12.485987,41.8927949],[12.4859899,41.8927947],[12.4859925,41.8927937],[12.4859945,41.8927922]]]}},{"type":"Feature","properties":{"class":"ruin","name":null,"name:en":null},"geometry":{"type":"Polygon","coordinates":[[[12.4859531,41.8928077],[12.4859543,41.8928058],[12.4859546,41.8928036],[12.4859538,41.8928016],[12.4859522,41.8927998],[12.4859501,41.8927987],[12.4859476,41.8927981],[12.485945,41.8927981],[12.4859425,41.8927987],[12.4859404,41.8927999],[12.4859389,41.8928014],[12.4859381,41.8928033],[12.4859381,41.8928052],[12.4859389,41.8928071],[12.4859405,41.8928086],[12.4859429,41.8928098],[12.4859456,41.8928104],[12.4859485,41.8928102],[12.4859511,41.8928092],[12.4859531,41.8928077]]]}},{"type":"Feature","properties":{"class":"ruin","name":null,"name:en":null},"geometry":{"type":"Polygon","coordinates":[[[12.485911,41.8928242],[12.4859122,41.8928223],[12.4859125,41.8928201],[12.4859117,41.8928181],[12.4859101,41.8928163],[12.485908,41.8928152],[12.4859055,41.8928146],[12.4859029,41.8928146],[12.4859004,41.8928152],[12.4858983,41.8928164],[12.4858968,41.8928179],[12.485896,41.8928198],[12.485896,41.8928217],[12.4858968,41.8928236],[12.4858984,41.8928251],[12.4859008,41.8928263],[12.4859035,41.8928269],[12.4859064,41.8928267],[12.485909,41.8928257],[12.485911,41.8928242]]]}},{"type":"Feature","properties":{"class":"ruin","name":null,"name:en":null},"geometry":{"type":"Polygon","coordinates":[[[12.4858634,41.8928451],[12.4858646,41.8928432],[12.4858649,41.892841],[12.4858641,41.892839],[12.4858625,41.8928372],[12.4858604,41.8928361],[12.4858579,41.8928355],[12.4858553,41.8928355],[12.4858528,41.8928361],[12.4858507,41.8928373],[12.4858492,41.8928388],[12.4858484,41.8928407],[12.4858484,41.8928426],[12.4858492,41.8928445],[12.4858508,41.892846],[12.4858532,41.8928472],[12.4858559,41.8928478],[12.4858588,41.8928476],[12.4858614,41.8928466],[12.4858634,41.8928451]]]}},{"type":"Feature","properties":{"class":"ruin","name":null,"name:en":null},"geometry":{"type":"Polygon","coordinates":[[[12.4856935,41.8927808],[12.4856947,41.8927789],[12.485695,41.8927768],[12.4856943,41.8927747],[12.4856926,41.8927729],[12.4856906,41.8927718],[12.4856881,41.8927712],[12.4856855,41.8927712],[12.485683,41.8927718],[12.4856809,41.8927729],[12.4856794,41.8927744],[12.4856786,41.8927763],[12.4856786,41.8927782],[12.4856794,41.89278],[12.4856809,41.8927816],[12.4856832,41.8927828],[12.485686,41.8927834],[12.4856889,41.8927832],[12.4856915,41.8927823],[12.4856935,41.8927808]]]}},{"type":"Feature","properties":{"class":"ruin","name":null,"name:en":null},"geometry":{"type":"Polygon","coordinates":[[[12.4857192,41.8928088],[12.4857204,41.8928069],[12.4857207,41.8928048],[12.48572,41.8928027],[12.4857183,41.8928009],[12.4857163,41.8927998],[12.4857138,41.8927992],[12.4857112,41.8927992],[12.4857087,41.8927998],[12.4857066,41.8928009],[12.4857051,41.8928024],[12.4857043,41.8928043],[12.4857043,41.8928062],[12.4857051,41.892808],[12.4857066,41.8928096],[12.4857089,41.8928108],[12.4857117,41.8928114],[12.4857146,41.8928112],[12.4857172,41.8928103],[12.4857192,41.8928088]]]}},{"type":"Feature","properties":{"class":"ruin","name":null,"name:en":null},"geometry":{"type":"Polygon","coordinates":[[[12.4865395,41.8925012],[12.4865397,41.892499],[12.486539,41.892497],[12.4865374,41.8924952],[12.4865353,41.8924941],[12.4865328,41.8924935],[12.4865302,41.8924935],[12.4865277,41.8924941],[12.4865256,41.8924952],[12.4865241,41.8924968],[12.4865233,41.8924986],[12.4865233,41.8925005],[12.4865241,41.8925024],[12.4865257,41.8925039],[12.486528,41.8925051],[12.4865308,41.8925057],[12.4865336,41.8925055],[12.4865362,41.8925046],[12.4865382,41.8925031],[12.4865395,41.8925012]]]}},{"type":"Feature","properties":{"class":"ruin","name":null,"name:en":null},"geometry":{"type":"Polygon","coordinates":[[[12.4865048,41.8923902],[12.486505,41.892388],[12.4865043,41.892386],[12.4865027,41.8923842],[12.4865006,41.8923831],[12.4864981,41.8923825],[12.4864955,41.8923825],[12.486493,41.8923831],[12.4864909,41.8923842],[12.4864894,41.8923858],[12.4864886,41.8923876],[12.4864886,41.8923895],[12.4864894,41.8923914],[12.486491,41.8923929],[12.4864933,41.8923941],[12.4864961,41.8923947],[12.4864989,41.8923945],[12.4865015,41.8923936],[12.4865035,41.8923921],[12.4865048,41.8923902]]]}},{"type":"Feature","properties":{"class":"ruin","name":"Equus Traiani","name:en":null},"geometry":{"type":"Polygon","coordinates":[[[12.4854161,41.8948483],[12.4854732,41.8947988],[12.4854385,41.8947767],[12.4853815,41.8948262],[12.4854161,41.8948483]]]}},{"type":"Feature","properties":{"class":"wall","name":"Mura Aureliane","name:en":"Aurelian Walls"},"geometry":{"type":"LineString","coordinates":[[12.5189229,41.8891404],[12.5188009,41.8891928],[12.5187705,41.8891469],[12.5181506,41.8894285],[12.5181752,41.8894603],[12.5180881,41.8894993],[12.5180643,41.8894677],[12.5175033,41.8897302]]}},{"type":"Feature","properties":{"class":"wall","name":"Mura Aureliane","name:en":"Aurelian Walls"},"geometry":{"type":"LineString","coordinates":[[12.5186098,41.8888525],[12.518791,41.8890244],[12.5188485,41.8890829],[12.5188733,41.889073],[12.5189229,41.8891404]]}},{"type":"Feature","properties":{"class":"public","name":"Basilica di Santa Croce in Gerusalemme","name:en":"Basilica of the Holy Cross in Jerusalem"},"geometry":{"type":"Polygon","coordinates":[[[12.5155909,41.8884395],[12.5155675,41.8884365],[12.5155521,41.888411],[12.5155709,41.888393],[12.5155219,41.8883656],[12.5155027,41.8883311],[12.515489,41.8883027],[12.515489,41.8882593],[12.5154635,41.8882618],[12.5154474,41.8882353],[12.51546,41.8882206],[12.515602,41.8881742],[12.5156729,41.8881511],[12.5157342,41.8881311],[12.5159981,41.888045],[12.5160993,41.8880119],[12.5161158,41.88804],[12.5161797,41.8880356],[12.5162373,41.8880586],[12.5162669,41.888103],[12.5162581,41.888155],[12.5162072,41.8881969],[12.5162206,41.8882223],[12.5155909,41.8884395]]]}},{"type":"Feature","properties":{"class":"wall","name":"Mura Aureliane","name:en":"Aurelian Walls"},"geometry":{"type":"LineString","coordinates":[[12.5185454,41.8887405],[12.5186104,41.8887994],[12.5185731,41.8888164],[12.5185864,41.8888294]]}},{"type":"Feature","properties":{"class":"wall","name":"Mura Aureliane","name:en":"Aurelian Walls"},"geometry":{"type":"LineString","coordinates":[[12.5182383,41.8883891],[12.5182738,41.8884335]]}},{"type":"Feature","properties":{"class":"wall","name":"Mura Aureliane","name:en":"Aurelian Walls"},"geometry":{"type":"LineString","coordinates":[[12.5146228,41.8875683],[12.5146283,41.88757]]}},{"type":"Feature","properties":{"class":"wall","name":"Mura Aureliane","name:en":"Aurelian Walls"},"geometry":{"type":"LineString","coordinates":[[12.5146939,41.8875878],[12.5147109,41.8875447],[12.5147229,41.8875224],[12.5147382,41.8875002],[12.5147574,41.8874778],[12.5147779,41.8874566],[12.5148024,41.8874354],[12.5148271,41.8874174],[12.5148484,41.8874034],[12.5148717,41.8873911],[12.5148952,41.8873805],[12.5149233,41.8873712],[12.5149536,41.8873625],[12.5149883,41.8873544],[12.5150236,41.8873472],[12.515047,41.8873433],[12.5150708,41.8873407],[12.5150933,41.8873393],[12.5151186,41.8873393],[12.5151475,41.8873411],[12.5151785,41.8873446],[12.515211,41.8873501],[12.515239,41.887357],[12.5152713,41.8873673],[12.5153012,41.8873787],[12.515332,41.8873922],[12.5153559,41.8874044],[12.5153805,41.887419],[12.5154045,41.8874355],[12.5154301,41.8874556],[12.5154529,41.8874759],[12.5154717,41.8874957],[12.5154886,41.8875156],[12.5155068,41.8875406],[12.5155228,41.8875676],[12.5155361,41.8875921],[12.5155676,41.8875922]]}},{"type":"Feature","properties":{"class":"wall","name":"Mura Aureliane","name:en":"Aurelian Walls"},"geometry":{"type":"LineString","coordinates":[[12.5146283,41.88757],[12.5146939,41.8875878]]}},{"type":"Feature","properties":{"class":"wall","name":"Mura Aureliane","name:en":"Aurelian Walls"},"geometry":{"type":"LineString","coordinates":[[12.5155676,41.8875922],[12.5158023,41.8875896],[12.5160617,41.8875699],[12.516222,41.8875539],[12.5163446,41.8875588],[12.5166214,41.8876206],[12.5171786,41.8876578],[12.5176875,41.8877799],[12.5177186,41.8877651],[12.5177709,41.887816],[12.5177408,41.8878327],[12.5179701,41.8880965],[12.5179969,41.8880881],[12.5180425,41.888151],[12.5180022,41.8881669],[12.5182101,41.8883991],[12.5182383,41.8883891]]}},{"type":"Feature","properties":{"class":"wall","name":"Mura Aureliane","name:en":"Aurelian Walls"},"geometry":{"type":"LineString","coordinates":[[12.5182738,41.8884335],[12.5182463,41.888444],[12.5185191,41.8887537],[12.5185454,41.8887405]]}},{"type":"Feature","properties":{"class":"wall","name":"Mura Aureliane","name:en":"Aurelian Walls"},"geometry":{"type":"LineString","coordinates":[[12.5175033,41.8897302],[12.5172731,41.8898379],[12.5168276,41.890044],[12.516004,41.8904277],[12.5160342,41.8904612],[12.5159402,41.8905051],[12.5159109,41.8904722],[12.5154294,41.890686],[12.5154193,41.8906905],[12.5154412,41.8907176],[12.5153549,41.8907558],[12.5153328,41.8907294],[12.5153134,41.890738],[12.5153061,41.890741],[12.5153009,41.8907432],[12.5152895,41.8907482],[12.5152817,41.8907517],[12.5152309,41.890774],[12.5152188,41.8907794],[12.5152102,41.8907831],[12.5151983,41.8907884],[12.5151856,41.890794],[12.5151305,41.8908188],[12.5151196,41.8908236],[12.5151109,41.8908276],[12.5151004,41.8908321],[12.5150882,41.8908376],[12.515084,41.8908394],[12.5150359,41.8908606],[12.5150339,41.8908615],[12.5150228,41.8908664],[12.5150149,41.8908699],[12.5150014,41.8908762],[12.514997,41.8908785],[12.5149887,41.8908825],[12.5149775,41.8908878]]}},{"type":"Feature","properties":{"class":"wall","name":"Mura Aureliane","name:en":"Aurelian Walls"},"geometry":{"type":"LineString","coordinates":[[12.5185864,41.8888294],[12.5185982,41.8888411],[12.5186098,41.8888525]]}},{"type":"Feature","properties":{"class":"wall","name":"Mura Aureliane","name:en":"Aurelian Walls"},"geometry":{"type":"LineString","coordinates":[[12.5153136,41.8915998],[12.5153181,41.8916075],[12.5153349,41.8916364],[12.5153387,41.8916429]]}},{"type":"Feature","properties":{"class":"wall","name":"Mura Aureliane","name:en":"Aurelian Walls"},"geometry":{"type":"LineString","coordinates":[[12.5152949,41.8915676],[12.5153013,41.8915785],[12.5153046,41.8915843],[12.5153121,41.8915972],[12.5153136,41.8915998]]}},{"type":"Feature","properties":{"class":"wall","name":"Mura Aureliane","name:en":"Aurelian Walls"},"geometry":{"type":"LineString","coordinates":[[12.5153898,41.8917279],[12.5153918,41.8917308],[12.5153947,41.8917351],[12.5154027,41.8917471],[12.5154071,41.8917532],[12.5154108,41.8917586],[12.5154117,41.89176],[12.51542,41.891772]]}},{"type":"Feature","properties":{"class":"wall","name":"Mura Aureliane","name:en":"Aurelian Walls"},"geometry":{"type":"LineString","coordinates":[[12.5153643,41.8916868],[12.5153675,41.8916919],[12.5153868,41.891723],[12.5153898,41.8917279]]}},{"type":"Feature","properties":{"class":"ruin","name":null,"name:en":null},"geometry":{"type":"Polygon","coordinates":[[[12.5152189,41.8918005],[12.5152073,41.891801],[12.5151976,41.8917997],[12.5151898,41.8917949],[12.5151824,41.8917847],[12.5151822,41.8917778],[12.515185,41.8917711],[12.5151913,41.8917657],[12.5152631,41.8917351],[12.515271,41.8917374],[12.5152894,41.8917632],[12.5152862,41.8917712],[12.5152189,41.8918005]]]}},{"type":"Feature","properties":{"class":"ruin","name":null,"name:en":null},"geometry":{"type":"Polygon","coordinates":[[[12.515335,41.8917003],[12.5153367,41.8917028],[12.5153565,41.8917329],[12.5153589,41.8917365],[12.5153247,41.8917506],[12.5153127,41.8917502],[12.5152945,41.8917222],[12.5152986,41.8917126],[12.515335,41.8917003]]]}},{"type":"Feature","properties":{"class":"wall","name":"Mura Aureliane","name:en":"Aurelian Walls"},"geometry":{"type":"LineString","coordinates":[[12.51542,41.891772],[12.5154337,41.8917849]]}},{"type":"Feature","properties":{"class":"wall","name":"Mura Aureliane","name:en":"Aurelian Walls"},"geometry":{"type":"LineString","coordinates":[[12.5153849,41.8918512],[12.5153091,41.8920746],[12.5152656,41.8921315]]}},{"type":"Feature","properties":{"class":"wall","name":"Mura Aureliane","name:en":"Aurelian Walls"},"geometry":{"type":"LineString","coordinates":[[12.5149614,41.8910755],[12.5149649,41.8910806],[12.514967,41.8910838],[12.5149717,41.8910909],[12.5149751,41.8910966],[12.514985,41.8911131],[12.5149939,41.8911259],[12.5149992,41.8911335],[12.5150016,41.8911369],[12.5150242,41.8911686],[12.51503,41.8911765],[12.5150342,41.8911825]]}},{"type":"Feature","properties":{"class":"wall","name":"Mura Aureliane","name:en":"Aurelian Walls"},"geometry":{"type":"LineString","coordinates":[[12.514891,41.8909255],[12.5148684,41.8909349],[12.5149614,41.8910755]]}},{"type":"Feature","properties":{"class":"wall","name":"Mura Aureliane","name:en":"Aurelian Walls"},"geometry":{"type":"LineString","coordinates":[[12.514925,41.8909113],[12.5149198,41.8909133],[12.5149105,41.8909171],[12.5149018,41.8909208],[12.514894,41.8909242],[12.514891,41.8909255]]}},{"type":"Feature","properties":{"class":"wall","name":"Mura Aureliane","name:en":"Aurelian Walls"},"geometry":{"type":"LineString","coordinates":[[12.5149775,41.8908878],[12.5149276,41.8909102],[12.514925,41.8909113]]}},{"type":"Feature","properties":{"class":"wall","name":"Mura Aureliane","name:en":"Aurelian Walls"},"geometry":{"type":"LineString","coordinates":[[12.5150342,41.8911825],[12.5150347,41.8911834],[12.515038,41.8911884],[12.5150549,41.8912145],[12.5150633,41.8912278],[12.5150817,41.8912566],[12.5150903,41.8912696],[12.5150999,41.8912853],[12.5151082,41.8912978],[12.5151109,41.8913021]]}},{"type":"Feature","properties":{"class":"wall","name":"Mura Aureliane","name:en":"Aurelian Walls"},"geometry":{"type":"LineString","coordinates":[[12.5152762,41.8915628],[12.5152811,41.8915714],[12.5152949,41.8915676]]}},{"type":"Feature","properties":{"class":"wall","name":"Mura Aureliane","name:en":"Aurelian Walls"},"geometry":{"type":"LineString","coordinates":[[12.5151109,41.8913021],[12.5151286,41.891296],[12.5151393,41.8913123],[12.5151493,41.8913285],[12.5151586,41.8913426],[12.5151472,41.891347],[12.5151727,41.8913855],[12.5151882,41.8914095],[12.5152019,41.8914049],[12.5152143,41.8914239],[12.5152261,41.8914421],[12.5152375,41.8914594],[12.5152263,41.8914638],[12.5152606,41.8915172],[12.5152736,41.8915121],[12.5152832,41.8915267],[12.5152937,41.8915426],[12.5153012,41.8915541],[12.5152762,41.8915628]]}},{"type":"Feature","properties":{"class":"wall","name":"Mura Aureliane","name:en":"Aurelian Walls"},"geometry":{"type":"LineString","coordinates":[[12.5153387,41.8916429],[12.5153423,41.8916493],[12.5153458,41.8916555],[12.5153516,41.8916656],[12.5153578,41.891676],[12.5153607,41.891681],[12.5153643,41.8916868]]}},{"type":"Feature","properties":{"class":"wall","name":"Mura Aureliane","name:en":"Aurelian Walls"},"geometry":{"type":"LineString","coordinates":[[12.5152656,41.8921315],[12.5152565,41.8921443],[12.5152542,41.8921475],[12.515247,41.8921577],[12.5152454,41.8921599],[12.5152371,41.8921716],[12.5152284,41.8921829],[12.5152269,41.892185],[12.5152192,41.892195],[12.5152156,41.8922],[12.5152082,41.8922104],[12.5152056,41.8922141],[12.5152027,41.8922181],[12.5151942,41.8922296],[12.5151928,41.8922315],[12.5151833,41.8922444],[12.5151692,41.8922634],[12.5151528,41.8922858],[12.515139,41.8923045],[12.5151264,41.8923217],[12.5151129,41.89234],[12.5151089,41.8923455],[12.5150788,41.8923805],[12.5150727,41.8923875],[12.5150644,41.8923981],[12.5149526,41.8925413]]}},{"type":"Feature","properties":{"class":"wall","name":"Mura Aureliane","name:en":"Aurelian Walls"},"geometry":{"type":"LineString","coordinates":[[12.5154337,41.8917849],[12.5154846,41.8918349],[12.5154096,41.8918744],[12.5153849,41.8918512]]}},{"type":"Feature","properties":{"class":"ruin","name":null,"name:en":null},"geometry":{"type":"Polygon","coordinates":[[[12.4872024,41.8915224],[12.4871899,41.8915349],[12.4871811,41.89153],[12.4871937,41.8915175],[12.4872024,41.8915224]]]}},{"type":"Feature","properties":{"class":"ruin","name":null,"name:en":null},"geometry":{"type":"Polygon","coordinates":[[[12.487193,41.8915689],[12.4872009,41.8915663],[12.4871875,41.8915438],[12.4871796,41.8915465],[12.487193,41.8915689]]]}},{"type":"Feature","properties":{"class":"ruin","name":null,"name:en":null},"geometry":{"type":"Polygon","coordinates":[[[12.4871496,41.8915787],[12.4871336,41.8915518],[12.4871485,41.8915469],[12.4871519,41.8915526],[12.487146,41.8915545],[12.4871585,41.8915757],[12.4871496,41.8915787]]]}},{"type":"Feature","properties":{"class":"ruin","name":"Tempio di Bellona","name:en":"Temple of Bellona"},"geometry":{"type":"Polygon","coordinates":[[[12.4798455,41.8925818],[12.4798378,41.8925886],[12.4797845,41.8925526],[12.479783,41.892235],[12.4798184,41.8922355],[12.4798213,41.892207],[12.4799513,41.8922091],[12.4799513,41.8922344],[12.4799961,41.892235],[12.4800052,41.8925254],[12.4799557,41.8924919],[12.4798455,41.8925818]]]}},{"type":"Feature","properties":{"class":"wall","name":"Mura Aureliane","name:en":"Aurelian Walls"},"geometry":{"type":"LineString","coordinates":[[12.5084211,41.8856001],[12.5084469,41.8855597],[12.50851,41.8855824]]}},{"type":"Feature","properties":{"class":"wall","name":"Mura Aureliane","name:en":"Aurelian Walls"},"geometry":{"type":"LineString","coordinates":[[12.5085781,41.8856382],[12.5086868,41.8856777],[12.5087879,41.8857144]]}},{"type":"Feature","properties":{"class":"wall","name":"Mura Aureliane","name:en":"Aurelian Walls"},"geometry":{"type":"LineString","coordinates":[[12.5087879,41.8857144],[12.5088067,41.8856889],[12.5088167,41.8856808],[12.5088275,41.8856755],[12.5088517,41.8856726],[12.5088707,41.8856774],[12.5088877,41.8856877],[12.508895,41.8856994],[12.5088952,41.8857109],[12.508891,41.8857195]]}},{"type":"Feature","properties":{"class":"wall","name":"Mura Aureliane","name:en":"Aurelian Walls"},"geometry":{"type":"LineString","coordinates":[[12.508891,41.8857195],[12.5089415,41.8857377],[12.5089224,41.8857657]]}},{"type":"Feature","properties":{"class":"wall","name":"Mura Aureliane","name:en":"Aurelian Walls"},"geometry":{"type":"LineString","coordinates":[[12.5066339,41.8850404],[12.5070151,41.8851354]]}},{"type":"Feature","properties":{"class":"wall","name":"Mura Aureliane","name:en":"Aurelian Walls"},"geometry":{"type":"LineString","coordinates":[[12.5089224,41.8857657],[12.5089517,41.8857752],[12.5089807,41.8857846],[12.5090399,41.885803],[12.5090595,41.8858098],[12.5091062,41.8858253],[12.5091296,41.8858332],[12.5091528,41.8858404],[12.5092046,41.8858572],[12.5092275,41.8858648],[12.5092475,41.8858711],[12.5093172,41.8858937],[12.5093369,41.8859028],[12.509366,41.8859123],[12.5094233,41.8859309],[12.5094471,41.8859382],[12.5095495,41.8859691],[12.5095674,41.8859752],[12.5096281,41.885996],[12.5096491,41.8860026],[12.5096682,41.8860091]]}},{"type":"Feature","properties":{"class":"wall","name":"Mura Aureliane","name:en":"Aurelian Walls"},"geometry":{"type":"LineString","coordinates":[[12.5097514,41.8860363],[12.5097784,41.8859867],[12.5098554,41.8860053],[12.5098396,41.8860366],[12.5101861,41.8861427],[12.5102023,41.8861172],[12.5102858,41.886144],[12.5102721,41.8861691],[12.510594,41.8862696],[12.5106059,41.8862476],[12.5106898,41.8862745],[12.5106712,41.8863069],[12.5110143,41.88642],[12.5110304,41.8863936],[12.5111052,41.8864172],[12.5110899,41.8864454],[12.5114246,41.886543],[12.5114419,41.8865098],[12.5115204,41.8865335],[12.5115029,41.8865664],[12.5118339,41.8866679],[12.5118497,41.8866364],[12.5119334,41.8866615],[12.5119167,41.8866909],[12.5122524,41.8867996],[12.5122668,41.8867746],[12.5123455,41.8868014],[12.512331,41.8868256],[12.5126462,41.8869275],[12.5126536,41.8869149],[12.5127345,41.8869405],[12.5127273,41.8869527],[12.5130528,41.8870532],[12.5130619,41.8870371],[12.5131442,41.8870619],[12.5131347,41.8870783],[12.5134701,41.8871805],[12.5134836,41.8871548],[12.5135616,41.8871771],[12.5135479,41.8872025],[12.5138784,41.8873163],[12.513902,41.8872785],[12.5139802,41.887305],[12.5139561,41.8873455],[12.51441,41.8875],[12.514493,41.8875282],[12.5145464,41.8875444],[12.5145968,41.8875607],[12.5146228,41.8875683]]}},{"type":"Feature","properties":{"class":"wall","name":"Mura Aureliane","name:en":"Aurelian Walls"},"geometry":{"type":"LineString","coordinates":[[12.5096682,41.8860091],[12.5097163,41.8860247],[12.5097514,41.8860363]]}},{"type":"Feature","properties":{"class":"wall","name":"Mura Aureliane","name:en":"Aurelian Walls"},"geometry":{"type":"LineString","coordinates":[[12.5036086,41.8833633],[12.5037475,41.8834511],[12.5042503,41.8838068],[12.5042219,41.8838261],[12.5046076,41.8840217],[12.5046195,41.8839935],[12.5047378,41.8840411],[12.5047141,41.8841027],[12.5050786,41.8841856],[12.5051922,41.8842208],[12.505204,41.8841961],[12.5060909,41.8844957],[12.5056421,41.8848542],[12.5058273,41.8849075],[12.5059059,41.8849286],[12.5060511,41.8849525],[12.50625,41.8849836],[12.5066339,41.8850404]]}},{"type":"Feature","properties":{"class":"wall","name":"Mura Aureliane","name:en":"Aurelian Walls"},"geometry":{"type":"LineString","coordinates":[[12.4822669,41.8765629],[12.4824149,41.8765679],[12.4824138,41.8765351],[12.4825169,41.8765332],[12.482518,41.8765661],[12.4832952,41.8765392],[12.4832939,41.8765198],[12.4833938,41.8765163],[12.483395,41.8765357],[12.4836434,41.8765236]]}},{"type":"Feature","properties":{"class":"wall","name":"Mura Aureliane","name:en":"Aurelian Walls"},"geometry":{"type":"LineString","coordinates":[[12.4816284,41.8766232],[12.4816578,41.8766191]]}},{"type":"Feature","properties":{"class":"wall","name":"Mura Aureliane","name:en":"Aurelian Walls"},"geometry":{"type":"LineString","coordinates":[[12.4811271,41.8766647],[12.4811646,41.8766812],[12.4812359,41.8767081],[12.4812564,41.8767024]]}},{"type":"Feature","properties":{"class":"wall","name":"Mura Aureliane","name:en":"Aurelian Walls"},"geometry":{"type":"LineString","coordinates":[[12.4806241,41.8762889],[12.4807036,41.8763529],[12.4807387,41.8763811]]}},{"type":"Feature","properties":{"class":"wall","name":"Mura Aureliane","name:en":"Aurelian Walls"},"geometry":{"type":"LineString","coordinates":[[12.4804369,41.8761593],[12.4804742,41.8761685],[12.4805373,41.8762192],[12.4805435,41.8762241],[12.4805496,41.876229],[12.4805562,41.8762344],[12.4806241,41.8762889]]}},{"type":"Feature","properties":{"class":"wall","name":"Mura Aureliane","name:en":"Aurelian Walls"},"geometry":{"type":"LineString","coordinates":[[12.4863711,41.8765623],[12.4865989,41.8766191],[12.4866097,41.8765931],[12.4866928,41.8766121],[12.4866845,41.8766443],[12.4870026,41.8767401],[12.4870046,41.8767864],[12.4870053,41.8767973],[12.4870904,41.8767936],[12.4873193,41.8769742],[12.4873553,41.8769536]]}},{"type":"Feature","properties":{"class":"wall","name":"Mura Aureliane","name:en":"Aurelian Walls"},"geometry":{"type":"LineString","coordinates":[[12.4836434,41.8765236],[12.4836823,41.8765217],[12.4837627,41.8765202],[12.4837626,41.8764863],[12.483851,41.8764862],[12.4838511,41.8765201],[12.4841112,41.8765157],[12.4845801,41.8764494],[12.4846479,41.8764456],[12.4846446,41.8764142],[12.4847398,41.8764088],[12.484743,41.8764402],[12.4850767,41.8764212],[12.4850755,41.8764095],[12.4850904,41.8764086],[12.4850882,41.8763874],[12.4851814,41.8763824],[12.4851867,41.8764139],[12.48561,41.8763898],[12.4857527,41.8764154],[12.4857648,41.8763734],[12.4858654,41.8763974],[12.4858571,41.8764288],[12.4860644,41.8764805],[12.4861738,41.8765132],[12.4861845,41.8764873],[12.4862744,41.8765102],[12.4862637,41.8765342],[12.4863711,41.8765623]]}},{"type":"Feature","properties":{"class":"wall","name":"Mura Aureliane","name:en":"Aurelian Walls"},"geometry":{"type":"LineString","coordinates":[[12.4907174,41.9098423],[12.4906235,41.9097753],[12.4905927,41.9097963],[12.490525,41.9097469],[12.4905559,41.9097254],[12.4904083,41.9096251],[12.4903084,41.9096081],[12.4903044,41.9096461],[12.4902045,41.9096376],[12.4902065,41.9096021],[12.4900376,41.9095868]]}},{"type":"Feature","properties":{"class":"wall","name":"Mura Aureliane","name:en":"Aurelian Walls"},"geometry":{"type":"LineString","coordinates":[[12.4898972,41.9095724],[12.489831,41.9095627],[12.489825,41.9095942],[12.489721,41.9095867],[12.4897266,41.9095547],[12.4895722,41.9095387],[12.4894062,41.9095388],[12.4894072,41.909567],[12.4893137,41.9095657],[12.4893143,41.9095369],[12.4889736,41.9095165],[12.4889677,41.9095453],[12.4888651,41.9095388],[12.4888704,41.9095068],[12.4887557,41.9094949],[12.4886079,41.9094817],[12.4885536,41.9094773],[12.4885369,41.9094936],[12.4885134,41.9095022],[12.4884942,41.9095009],[12.4884749,41.9094936],[12.488463,41.909478],[12.4884636,41.90946],[12.4884188,41.9094525],[12.4883827,41.9094703],[12.4883482,41.9094874],[12.4883482,41.9095062],[12.4883311,41.909515],[12.4883163,41.9095156],[12.4882969,41.9095095],[12.4882895,41.9095006],[12.4882903,41.9094735],[12.4882443,41.9094729],[12.4881405,41.9094715],[12.4881248,41.9094713],[12.4880896,41.9094708],[12.4880064,41.9094393],[12.4879361,41.9094127],[12.487904,41.9093934],[12.4878185,41.9093422],[12.4877895,41.9093248],[12.4876474,41.9092355],[12.4873769,41.9090285],[12.4870297,41.9088841],[12.4870133,41.9089125],[12.4869141,41.9088816],[12.4869332,41.9088502],[12.4865489,41.9087154],[12.486285,41.9085234],[12.4862464,41.9085493],[12.486184,41.9084981],[12.4862187,41.908474],[12.4859813,41.9082869],[12.4859485,41.9083106],[12.4858816,41.9082608],[12.4859133,41.9082373],[12.4856423,41.908063],[12.4856233,41.9080807],[12.485556,41.9080386],[12.4855748,41.9080209],[12.4853187,41.9078497],[12.4853019,41.9078659],[12.4852304,41.9078232],[12.4852475,41.9078061],[12.4852123,41.9077739]]}},{"type":"Feature","properties":{"class":"wall","name":"Mura Aureliane","name:en":"Aurelian Walls"},"geometry":{"type":"LineString","coordinates":[[12.5043223,41.9079938],[12.5039689,41.9078922],[12.5039186,41.9078785],[12.503877,41.9078556],[12.5038377,41.9078252],[12.5037601,41.9080009],[12.5036866,41.9080092],[12.5036121,41.9080282]]}},{"type":"Feature","properties":{"class":"wall","name":"Mura Aureliane","name:en":"Aurelian Walls"},"geometry":{"type":"LineString","coordinates":[[12.5034599,41.9080633],[12.5033109,41.9080935],[12.5033174,41.9081113],[12.5032512,41.9081246],[12.5032448,41.9081068],[12.5028414,41.9081885],[12.5028496,41.908212],[12.5027632,41.9082286],[12.5027474,41.9082075],[12.5026774,41.9082217],[12.5025353,41.9082943],[12.5024395,41.9082465],[12.5024342,41.9082439],[12.5023837,41.9083001],[12.5023542,41.9082853],[12.5021951,41.9084798],[12.5022107,41.9084869],[12.5021824,41.9085215],[12.5021669,41.9085144],[12.5021294,41.9085602],[12.502092,41.908606],[12.5020957,41.9086082],[12.5021016,41.9086124],[12.5021054,41.9086166],[12.5021086,41.9086218],[12.5021109,41.9086269],[12.5021117,41.9086326],[12.5021116,41.9086378],[12.5021103,41.9086436],[12.5021076,41.9086484],[12.5021041,41.9086533],[12.5020992,41.9086574],[12.5020938,41.908661],[12.5020874,41.908664],[12.50208,41.908666],[12.5020733,41.9086673],[12.502066,41.9086675],[12.5020586,41.9086672],[12.5020516,41.9086657],[12.502045,41.9086635],[12.5019056,41.9088339],[12.5019376,41.9088473],[12.5018931,41.9089062],[12.5018567,41.9088909],[12.5017262,41.9090391],[12.5017497,41.9090618],[12.5016797,41.9091057],[12.5016587,41.9090865],[12.5015396,41.9091518],[12.5015249,41.9091601]]}},{"type":"Feature","properties":{"class":"wall","name":"Mura Aureliane","name:en":"Aurelian Walls"},"geometry":{"type":"LineString","coordinates":[[12.501417,41.9092174],[12.5013682,41.9092556],[12.5013837,41.9092675],[12.5013212,41.9093161],[12.5012495,41.9093707],[12.5012206,41.90935],[12.5011734,41.9093805]]}},{"type":"Feature","properties":{"class":"wall","name":"Mura Aureliane","name:en":"Aurelian Walls"},"geometry":{"type":"LineString","coordinates":[[12.50104,41.9094395],[12.500981,41.9094729],[12.5009319,41.909508],[12.5009525,41.9095326],[12.500869,41.9095696],[12.5008454,41.9095447],[12.5005629,41.9096946],[12.5005864,41.9097207],[12.5005061,41.9097596],[12.5004795,41.9097326],[12.5002037,41.9098823],[12.5002231,41.9099034],[12.5001444,41.9099449],[12.5001224,41.909922],[12.5000784,41.9099439],[12.5000653,41.9099515],[12.4999035,41.910038],[12.4998874,41.910046],[12.4998398,41.910069],[12.4998675,41.9100986],[12.4997908,41.910137],[12.4997703,41.9101098],[12.4996063,41.910196],[12.4994838,41.9102612],[12.4995078,41.9102843],[12.4994398,41.9103204],[12.4994009,41.91029]]}},{"type":"Feature","properties":{"class":"wall","name":"Mura Aureliane","name:en":"Aurelian Walls"},"geometry":{"type":"LineString","coordinates":[[12.499305,41.9103548],[12.4991185,41.9104432],[12.499155,41.910472],[12.499079,41.9105155],[12.4990482,41.9104915],[12.4988981,41.9105712],[12.4988525,41.910595],[12.4987565,41.9106462],[12.4987836,41.9106832],[12.498696,41.9107335],[12.4986518,41.9106947],[12.498388,41.9107869]]}},{"type":"Feature","properties":{"class":"public","name":"Aula studio Mattia Nicholas Liguori","name:en":null},"geometry":{"type":"Polygon","coordinates":[[[12.4747704,41.9301088],[12.4748039,41.9300213],[12.4744794,41.9299524],[12.4744458,41.9300399],[12.4747704,41.9301088]]]}},{"type":"Feature","properties":{"class":"public","name":null,"name:en":null},"geometry":{"type":"Polygon","coordinates":[[[12.4617735,41.8960965],[12.4618177,41.8959649],[12.4618529,41.8959535],[12.4618862,41.8959595],[12.461907,41.8959777],[12.4619124,41.8959978],[12.4618763,41.8961133],[12.4617735,41.8960965]]]}},{"type":"Feature","properties":{"class":"wall","name":"Mura Aureliane","name:en":"Aurelian Walls"},"geometry":{"type":"LineString","coordinates":[[12.4815848,41.9104407],[12.4815168,41.9105947],[12.4815383,41.9105997],[12.4815215,41.9106441],[12.4815001,41.9106406],[12.4814461,41.910905],[12.4814697,41.9109068],[12.4814132,41.9110605],[12.481363,41.9111953],[12.4813099,41.9113195],[12.4812336,41.9115255],[12.4811989,41.911656],[12.4811698,41.9117732],[12.4810621,41.9121912],[12.4809745,41.9125939],[12.4809367,41.9127188],[12.480892,41.9128226],[12.4808592,41.9128564],[12.4807572,41.912874],[12.480627,41.9128617],[12.4789766,41.9124636],[12.4786085,41.9123741],[12.4780135,41.9121918],[12.4775273,41.9119952],[12.4774199,41.9119303],[12.4770831,41.9117295],[12.4769269,41.9117115],[12.4767711,41.9116933],[12.4762266,41.9116324],[12.4762333,41.9115995],[12.4762093,41.9115955],[12.4759884,41.9115542],[12.4757626,41.911512],[12.4754615,41.9114376],[12.4754509,41.9114593],[12.4753683,41.9114359],[12.4753776,41.9114169],[12.4750643,41.9113388],[12.4749189,41.9113036]]}},{"type":"Feature","properties":{"class":"wall","name":"Mura Aureliane","name:en":"Aurelian Walls"},"geometry":{"type":"LineString","coordinates":[[12.4852123,41.9077739],[12.4851333,41.9078468],[12.4849869,41.9079646],[12.4850134,41.9079828],[12.4849704,41.9080168],[12.4849507,41.9080354],[12.4849222,41.908016],[12.4844479,41.9084902],[12.4842912,41.9086386],[12.4841349,41.908733],[12.4841561,41.9087593],[12.4840834,41.9087981],[12.4840564,41.9087717],[12.4837682,41.9089397],[12.4838023,41.9089691],[12.4837487,41.9090036],[12.4837276,41.9089854],[12.4836834,41.9090139],[12.483358,41.9091969],[12.4833843,41.9092259],[12.4833173,41.9092628],[12.48329,41.9092351],[12.4830048,41.9093953],[12.4830249,41.9094185],[12.4829471,41.9094609],[12.482926,41.9094396],[12.48267,41.9095781],[12.4826604,41.909593],[12.4826755,41.9096121],[12.4825924,41.9096615],[12.4825648,41.9096346],[12.4823305,41.9098016],[12.482359,41.9098302],[12.4822779,41.9098856],[12.4822497,41.9098631],[12.4820246,41.9100458],[12.4820533,41.9100677],[12.4819788,41.9101316],[12.4819297,41.9101001],[12.48175,41.9102535],[12.481714,41.9102863],[12.4817441,41.9103058],[12.4816878,41.9103552],[12.481661,41.9103382],[12.4816221,41.9103871],[12.4815848,41.9104407]]}},{"type":"Feature","properties":{"class":"ruin","name":"Cisterna monumentale","name:en":null},"geometry":{"type":"Polygon","coordinates":[[[12.5089758,41.870364],[12.5092322,41.8702619],[12.5091914,41.870205],[12.508935,41.8703072],[12.5089758,41.870364]]]}},{"type":"Feature","properties":{"class":"public","name":null,"name:en":null},"geometry":{"type":"Polygon","coordinates":[[[12.5012609,41.9055354],[12.5012844,41.9055509],[12.5014327,41.905649],[12.5015516,41.9055495],[12.5013797,41.9054358],[12.5012699,41.9055279],[12.5012609,41.9055354]]]}},{"type":"Feature","properties":{"class":"wall","name":"Mura Aureliane","name:en":"Aurelian Walls"},"geometry":{"type":"LineString","coordinates":[[12.501722,41.8735322],[12.5020502,41.8735921],[12.502059,41.873565],[12.5021431,41.8735823],[12.5021366,41.8736082],[12.5022508,41.8736313],[12.5024461,41.8736866],[12.5025058,41.8737072],[12.5025223,41.8736819],[12.5026142,41.873715],[12.502595,41.8737394],[12.502773,41.8738156],[12.5029001,41.8738908],[12.5029325,41.8738687],[12.5029967,41.8739174],[12.502966,41.8739384],[12.5032088,41.8741314],[12.5032309,41.874117],[12.5034163,41.8744303],[12.503458,41.8744192],[12.5034852,41.874498],[12.503443,41.8745102],[12.5034943,41.8747466],[12.5035237,41.8747387],[12.5035465,41.8747817]]}},{"type":"Feature","properties":{"class":"wall","name":"Mura Aureliane","name:en":"Aurelian Walls"},"geometry":{"type":"LineString","coordinates":[[12.5035465,41.8747817],[12.5034781,41.8748087],[12.5034861,41.8748236],[12.5033922,41.8748696],[12.5033721,41.8748366],[12.5032447,41.8748975],[12.5031729,41.8749486],[12.5032032,41.8749774],[12.5031093,41.8750343],[12.5030823,41.8750033],[12.5026859,41.8752618],[12.5025824,41.8754365],[12.5026023,41.8754647],[12.5025393,41.8755196],[12.5025226,41.8754956],[12.5024431,41.8756396],[12.5023656,41.8757822],[12.5023998,41.8757933],[12.5023569,41.8758851],[12.5023242,41.8758747],[12.5022006,41.8761257],[12.5022389,41.8761278],[12.502257,41.8761383],[12.5022691,41.8761627],[12.5022537,41.8761867],[12.5022293,41.8761909],[12.5023494,41.8763988]]}},{"type":"Feature","properties":{"class":"wall","name":"Mura Aureliane","name:en":"Aurelian Walls"},"geometry":{"type":"LineString","coordinates":[[12.5015329,41.8734945],[12.5016113,41.8735106],[12.5016434,41.8734304],[12.5017525,41.8734557],[12.501722,41.8735322]]}},{"type":"Feature","properties":{"class":"wall","name":"Mura Aureliane","name:en":"Aurelian Walls"},"geometry":{"type":"LineString","coordinates":[[12.4966002,41.8733495],[12.4966205,41.8733424],[12.4966766,41.8733229],[12.4967335,41.8733031],[12.4967777,41.8732876],[12.4968211,41.8732725],[12.496893,41.8732475],[12.4970665,41.8731801],[12.4971036,41.8732329],[12.4970983,41.8732351],[12.4971045,41.8732434],[12.4971109,41.8732519]]}},{"type":"Feature","properties":{"class":"wall","name":"Mura Aureliane","name:en":"Aurelian Walls"},"geometry":{"type":"LineString","coordinates":[[12.4971109,41.8732519],[12.4971112,41.8732526],[12.497135,41.8732823]]}},{"type":"Feature","properties":{"class":"wall","name":"Mura Aureliane","name:en":"Aurelian Walls"},"geometry":{"type":"LineString","coordinates":[[12.5013386,41.8734596],[12.5013724,41.873375],[12.5014768,41.8733976],[12.5014523,41.8734787],[12.5015329,41.8734945]]}},{"type":"Feature","properties":{"class":"wall","name":"Mura Aureliane","name:en":"Aurelian Walls"},"geometry":{"type":"LineString","coordinates":[[12.497135,41.8732823],[12.4971924,41.8732655],[12.4972457,41.8732576],[12.4972769,41.8732555],[12.4973007,41.8732546],[12.4973252,41.8732551],[12.4974156,41.8732618],[12.4974976,41.873274],[12.4974988,41.8732416],[12.4975847,41.8732427],[12.4975849,41.8732736],[12.4979058,41.8732691],[12.4979065,41.8732372],[12.497996,41.8732369],[12.4979959,41.8732664],[12.4983138,41.8732677],[12.4983148,41.8732424],[12.4984061,41.8732426],[12.4984059,41.8732665],[12.4987174,41.8732665],[12.4987179,41.8732554],[12.4988085,41.873254],[12.4988081,41.8732663],[12.4991572,41.8732622],[12.4991575,41.8732324],[12.4992465,41.8732322],[12.499247,41.8732599],[12.4995968,41.8732628],[12.4995968,41.8732434],[12.4996775,41.8732426],[12.499678,41.8732612],[12.499881,41.8732563],[12.5000362,41.873257],[12.5000334,41.8732256],[12.5001257,41.8732222],[12.5001317,41.8732531],[12.5004944,41.8732519],[12.5004946,41.8732226],[12.5005859,41.8732229],[12.5005851,41.873253],[12.5009398,41.8732508],[12.500942,41.8732176],[12.5010342,41.8732191],[12.5010314,41.8732506],[12.5011224,41.8733006],[12.5011322,41.8732942],[12.5011723,41.8733241],[12.5011633,41.8733303],[12.5013386,41.8734596]]}},{"type":"Feature","properties":{"class":"wall","name":"Mura Aureliane","name:en":"Aurelian Walls"},"geometry":{"type":"LineString","coordinates":[[12.4873553,41.8769536],[12.487413,41.8770055],[12.4873848,41.8770265],[12.4875632,41.8771566],[12.4876101,41.8772162],[12.4876356,41.8772022],[12.4877013,41.8772572],[12.4876756,41.8772787],[12.4878944,41.8774629],[12.4879266,41.8774489],[12.4879964,41.8775098],[12.4879695,41.8775323],[12.4881849,41.8777267],[12.4882217,41.877707],[12.4882485,41.8777275],[12.4884445,41.8776054],[12.4886401,41.8774569],[12.4886176,41.8774431],[12.4886766,41.8773922],[12.4887078,41.8774106],[12.4889759,41.8771949],[12.4889598,41.8771853],[12.4889544,41.8771587],[12.4889803,41.8771348],[12.4890078,41.8771291],[12.4890305,41.8771409],[12.4892892,41.8768997],[12.4892569,41.8768777],[12.4893181,41.8768281],[12.4893512,41.8768486],[12.4894321,41.8767863],[12.4895205,41.8767169],[12.4895908,41.8766617],[12.4896872,41.876586],[12.4898983,41.8763975],[12.4898658,41.8763803],[12.4899179,41.876326],[12.4899518,41.8763443],[12.4901713,41.8761303],[12.4901464,41.8761139],[12.4902011,41.8760679]]}},{"type":"Feature","properties":{"class":"wall","name":"Mura Aureliane","name:en":"Aurelian Walls"},"geometry":{"type":"LineString","coordinates":[[12.4986988,41.8821054],[12.4986978,41.882116],[12.4986936,41.8821585],[12.4986934,41.8821606]]}},{"type":"Feature","properties":{"class":"wall","name":"Mura Aureliane","name:en":"Aurelian Walls"},"geometry":{"type":"LineString","coordinates":[[12.4986934,41.8821606],[12.4986894,41.8821788],[12.4986776,41.8822327],[12.4986716,41.8822602],[12.4986409,41.8823205],[12.4986395,41.8823233],[12.4986343,41.8823518],[12.498634,41.8823534],[12.4986506,41.8823834],[12.4986521,41.8823861],[12.4986752,41.8824177],[12.4986768,41.8824198],[12.4987017,41.8824539],[12.4987292,41.8824624],[12.4987204,41.8824818],[12.4987426,41.8824914],[12.498956,41.882503],[12.4989709,41.8825038],[12.4991727,41.8825255],[12.4991973,41.8824844],[12.4992724,41.8825043],[12.4992625,41.8825318],[12.4995701,41.8826302],[12.4996009,41.8825932],[12.4997096,41.8826331],[12.4996835,41.8826697],[12.4998586,41.8827328],[12.4999814,41.882777],[12.5000046,41.882743],[12.5001166,41.8827914],[12.5000966,41.8828186],[12.5003829,41.8829447],[12.5006983,41.8830687],[12.5009641,41.8831641],[12.5011995,41.8832295],[12.5012183,41.8831803],[12.5013068,41.8831943],[12.5012948,41.8832442],[12.5014468,41.8832681],[12.5016819,41.8832923],[12.5016917,41.8832612],[12.5017762,41.8832692],[12.5017682,41.8833011],[12.5020917,41.883329],[12.5020994,41.8832782],[12.502192,41.8832881],[12.502181,41.8833367],[12.5026519,41.8831989],[12.5030855,41.8832071]]}},{"type":"Feature","properties":{"class":"wall","name":"Mura Aureliane","name:en":"Aurelian Walls"},"geometry":{"type":"LineString","coordinates":[[12.5084011,41.9006418],[12.5083731,41.9007014],[12.5084066,41.9007204],[12.5083798,41.9007724],[12.5083429,41.9007623],[12.5082914,41.9008695]]}},{"type":"Feature","properties":{"class":"wall","name":"Mura Aureliane","name:en":"Aurelian Walls"},"geometry":{"type":"LineString","coordinates":[[12.5143878,41.8936074],[12.5141242,41.8937699],[12.5140659,41.893811],[12.5140281,41.8938535],[12.513995,41.8939026],[12.5139621,41.8939594],[12.5138805,41.8941147],[12.5139224,41.894135],[12.5138668,41.8941898],[12.5138348,41.8941702],[12.513607,41.8943741],[12.5136427,41.8943976],[12.5135816,41.894451],[12.5135448,41.8944277],[12.5133178,41.8946277],[12.5133539,41.8946525],[12.5132938,41.8947045],[12.5132559,41.8946804],[12.513027,41.8948806],[12.5130588,41.8949018],[12.5129975,41.8949539],[12.5129665,41.8949352],[12.5127356,41.8951394],[12.5127457,41.8951551],[12.5127034,41.8952059],[12.5126764,41.8951872],[12.512448,41.8953811],[12.5124811,41.8954014],[12.5124225,41.8954523],[12.5123881,41.895432],[12.5121657,41.8956321],[12.5121783,41.8956396],[12.5117575,41.8960339],[12.5117912,41.8960543],[12.5117349,41.8961065],[12.5117025,41.8960874],[12.5114685,41.896304],[12.5115027,41.896325],[12.5114431,41.8963765],[12.5114112,41.896356],[12.5111969,41.896544],[12.5112305,41.8965653],[12.5111699,41.8966178],[12.511138,41.896598]]}},{"type":"Feature","properties":{"class":"ruin","name":null,"name:en":null},"geometry":{"type":"Polygon","coordinates":[[[12.4822737,41.892333],[12.48236,41.8923598],[12.4823357,41.8923899],[12.4822737,41.892333]]]}},{"type":"Feature","properties":{"class":"public","name":"Edificio Marco Polo","name:en":null},"geometry":{"type":"Polygon","coordinates":[[[12.5218479,41.8967881],[12.522069,41.8968642],[12.5222765,41.8965638],[12.5215569,41.8962636],[12.5213751,41.8964861],[12.5206761,41.896212],[12.5204989,41.8961425],[12.520404,41.8963028],[12.5200016,41.8961559],[12.5198628,41.8963641],[12.5202666,41.8965077],[12.5202911,41.8965164],[12.520226,41.8966074],[12.5207551,41.8967269],[12.5209882,41.8967481],[12.5217891,41.8968858],[12.5218479,41.8967881]]]}},{"type":"Feature","properties":{"class":"wall","name":"Mura Aureliane","name:en":"Aurelian Walls"},"geometry":{"type":"LineString","coordinates":[[12.4908202,41.8756695],[12.4907874,41.8756519],[12.4908402,41.8755983],[12.490881,41.8756198],[12.4911105,41.8754126],[12.4910775,41.8753914],[12.491134,41.8753408],[12.4911685,41.8753601],[12.4913977,41.8751696],[12.4913663,41.8751499],[12.4914251,41.8750959],[12.4914571,41.8751145],[12.4916984,41.8749022],[12.4916708,41.8748848],[12.4917259,41.8748386],[12.491755,41.8748562],[12.4919885,41.8746538],[12.491962,41.8746365],[12.4920175,41.874587],[12.4920511,41.8746073],[12.4924415,41.8742569],[12.492416,41.8742005],[12.4923757,41.8741531],[12.4923279,41.8741156]]}},{"type":"Feature","properties":{"class":"ruin","name":null,"name:en":null},"geometry":{"type":"Polygon","coordinates":[[[12.4631712,41.866371],[12.463302,41.8664017],[12.4633231,41.866365],[12.4631803,41.8663216],[12.4631712,41.866371]]]}},{"type":"Feature","properties":{"class":"public","name":"Aula Magna - Informatica e Statistica","name:en":null},"geometry":{"type":"Polygon","coordinates":[[[12.5170943,41.905041],[12.5171748,41.9050934],[12.5169743,41.905264],[12.5168939,41.9052117],[12.5170943,41.905041]]]}},{"type":"Feature","properties":{"class":"public","name":"Chioschi Gialli","name:en":null},"geometry":{"type":"Polygon","coordinates":[[[12.5177197,41.9033204],[12.5176729,41.9033029],[12.5176735,41.9032662],[12.5177193,41.9032459],[12.5177614,41.903265],[12.5177694,41.9033009],[12.5177197,41.9033204]]]}},{"type":"Feature","properties":{"class":"public","name":"Aule Giurisprudenza","name:en":null},"geometry":{"type":"Polygon","coordinates":[[[12.5163118,41.9035111],[12.5165365,41.9035733],[12.5165872,41.9034716],[12.5166376,41.9033707],[12.5164129,41.9033086],[12.5164082,41.9033181],[12.5163647,41.9034053],[12.5163156,41.9035035],[12.5163118,41.9035111]]]}},{"type":"Feature","properties":{"class":"public","name":"Aule Giurisprudenza","name:en":null},"geometry":{"type":"Polygon","coordinates":[[[12.516649,41.9035676],[12.5166618,41.9035414],[12.5166999,41.9034633],[12.5167146,41.9034331],[12.5169408,41.9034941],[12.5169067,41.9035641],[12.5168752,41.9036287],[12.516649,41.9035676]]]}},{"type":"Feature","properties":{"class":"public","name":null,"name:en":null},"geometry":{"type":"Polygon","coordinates":[[[12.4925494,41.8968454],[12.4924671,41.8968146],[12.492344,41.8968109],[12.4923495,41.8967808],[12.4922276,41.8967585],[12.4922355,41.896736],[12.4925639,41.8968008],[12.4925833,41.8968191],[12.4925494,41.8968454]]]}},{"type":"Feature","properties":{"class":"ruin","name":"Teatro di Nerone","name:en":"Theatre of Nero"},"geometry":{"type":"Polygon","coordinates":[[[12.4608689,41.9018494],[12.4611864,41.9018688],[12.461218,41.9016252],[12.4610905,41.9016167],[12.4610923,41.9015921],[12.4608232,41.9015724],[12.4607951,41.9018379],[12.4608721,41.9018396],[12.4608689,41.9018494]]]}},{"type":"Feature","properties":{"class":"wall","name":"Mura Aureliane","name:en":"Aurelian Walls"},"geometry":{"type":"LineString","coordinates":[[12.5109668,41.896755],[12.5109981,41.8967727],[12.5109436,41.8968262],[12.5109089,41.8968081],[12.5108468,41.8968608],[12.5107905,41.8969077],[12.5107308,41.8969716],[12.5106899,41.897026],[12.5107249,41.8970439],[12.5106721,41.8971045],[12.510611,41.8970738],[12.5104801,41.8972367]]}},{"type":"Feature","properties":{"class":"wall","name":null,"name:en":null},"geometry":{"type":"LineString","coordinates":[[12.4837616,41.8796234],[12.4837813,41.8797046]]}},{"type":"Feature","properties":{"class":"wall","name":null,"name:en":null},"geometry":{"type":"LineString","coordinates":[[12.5019693,41.9014056],[12.5018057,41.9016851],[12.5018419,41.9016991],[12.5018352,41.9017171],[12.501807,41.90173],[12.5017789,41.901763],[12.5017655,41.9017849],[12.5018003,41.9018019],[12.5017882,41.9018159],[12.5017333,41.9017919],[12.5017078,41.9018408],[12.5016528,41.9019067],[12.5016944,41.9019207],[12.501689,41.9019287],[12.5016555,41.9019197],[12.5016313,41.9019496],[12.5016327,41.9019616],[12.5016085,41.9019746],[12.5015992,41.9019886],[12.5016018,41.9019986],[12.5015884,41.9020125],[12.5015737,41.9020085],[12.5014597,41.9021672]]}},{"type":"Feature","properties":{"class":"wall","name":null,"name:en":null},"geometry":{"type":"LineString","coordinates":[[12.5010346,41.9027939],[12.501064,41.9028044],[12.5010392,41.9028385],[12.5010064,41.9028248]]}},{"type":"Feature","properties":{"class":"wall","name":null,"name:en":"Servian walls"},"geometry":{"type":"LineString","coordinates":[[12.5011688,41.9025155],[12.5012076,41.9025276],[12.5011659,41.902584],[12.5011415,41.9025762],[12.5011213,41.9026037],[12.5011445,41.9026142],[12.5011294,41.9026359],[12.5011042,41.9026271],[12.5010845,41.9026559],[12.5011083,41.9026646],[12.5010962,41.9026858],[12.5010694,41.9026783],[12.5010506,41.9027065],[12.5010738,41.9027145],[12.501059,41.90274]]}},{"type":"Feature","properties":{"class":"ruin","name":"Mura Serviane","name:en":"Servian Wall"},"geometry":{"type":"Polygon","coordinates":[[[12.500999,41.9027826],[12.5010101,41.9027719],[12.5010198,41.9027811],[12.5010319,41.9027844],[12.5010346,41.9027939],[12.501064,41.9028044],[12.5010392,41.9028385],[12.5010064,41.9028248],[12.5010128,41.9028163],[12.5009977,41.9028033],[12.5010077,41.9027911],[12.500999,41.9027826]]]}},{"type":"Feature","properties":{"class":"ruin","name":"Mura Serviane","name:en":"Servian Wall"},"geometry":{"type":"Polygon","coordinates":[[[12.5010891,41.9027659],[12.5011023,41.9027752],[12.5010695,41.9027931],[12.5010644,41.9027891],[12.5010891,41.9027659]]]}},{"type":"Feature","properties":{"class":"wall","name":"Mura Serviane","name:en":"Servian walls"},"geometry":{"type":"LineString","coordinates":[[12.5002514,41.9033798],[12.5001233,41.9035939]]}},{"type":"Feature","properties":{"class":"wall","name":"Mura Aureliane","name:en":"Aurelian Walls"},"geometry":{"type":"LineString","coordinates":[[12.4923279,41.8741156],[12.4926895,41.8737427],[12.4932856,41.8738429],[12.4933193,41.8740049],[12.494074,41.8740321],[12.4941551,41.8741654],[12.4950738,41.8739736],[12.4951139,41.8738068],[12.4955673,41.8736308],[12.4957192,41.8735905],[12.4957232,41.8736008],[12.4960898,41.8735217],[12.4960766,41.8734874],[12.4961684,41.8734663],[12.4961804,41.873495],[12.4962214,41.8734915],[12.4962598,41.8734739],[12.4963204,41.8734506],[12.4963829,41.873427],[12.4964227,41.8734119],[12.4964368,41.8734065],[12.4964634,41.8733972],[12.4965193,41.8733775],[12.4965752,41.8733581],[12.4966002,41.8733495]]}},{"type":"Feature","properties":{"class":"wall","name":"Mura Aureliane","name:en":"Aurelian Walls"},"geometry":{"type":"LineString","coordinates":[[12.4902011,41.8760679],[12.4902293,41.8760844],[12.490507,41.8758989],[12.4904808,41.8758784],[12.4905192,41.8758491],[12.490547,41.8758704],[12.4908202,41.8756695]]}},{"type":"Feature","properties":{"class":"ruin","name":null,"name:en":"Sepolcro In Laterizio II Secolo d.c. Detto Torre Dell' Angelo"},"geometry":{"type":"Polygon","coordinates":[[[12.508466,41.8744088],[12.5084159,41.8744228],[12.5083989,41.8743771],[12.5084653,41.8743656],[12.5084793,41.8744093],[12.508466,41.8744088]]]}},{"type":"Feature","properties":{"class":"public","name":"Cappella dell'Istituto Anna Micheli","name:en":null},"geometry":{"type":"Polygon","coordinates":[[[12.4445603,41.8789111],[12.4445362,41.878841],[12.4443525,41.8788906],[12.444349,41.8789351],[12.4443608,41.8789563],[12.4443751,41.878968],[12.4445568,41.8789787],[12.4445603,41.8789111]]]}},{"type":"Feature","properties":{"class":"public","name":"Chiesa di Santa Marcella","name:en":null},"geometry":{"type":"Polygon","coordinates":[[[12.4881112,41.8743402],[12.4881101,41.8743822],[12.488073,41.8743643],[12.4880032,41.8743974],[12.4880039,41.874453],[12.4880711,41.8744814],[12.4881405,41.8744524],[12.4881402,41.8744394],[12.4881498,41.8744392],[12.4881607,41.874439],[12.4881625,41.874498],[12.4883271,41.8745848],[12.4884321,41.874544],[12.4884305,41.8744477],[12.4884499,41.8744478],[12.4884502,41.8744705],[12.4885179,41.8744947],[12.488549,41.8744831],[12.4885846,41.8744697],[12.4885866,41.8743781],[12.4885198,41.8743535],[12.4884492,41.8743798],[12.4884495,41.8744053],[12.4884297,41.8744054],[12.4884295,41.8743944],[12.4883145,41.874335],[12.4883255,41.8743234],[12.4883374,41.874329],[12.4884224,41.8742974],[12.4884238,41.8742452],[12.4883666,41.874216],[12.4882761,41.8742521],[12.4882778,41.8742741],[12.4881112,41.8743402]]]}},{"type":"Feature","properties":{"class":"ruin","name":null,"name:en":null},"geometry":{"type":"Polygon","coordinates":[[[12.4884368,41.8810775],[12.4882516,41.881014],[12.48841,41.880796],[12.4884588,41.8807989],[12.4885061,41.8809808],[12.4884368,41.8810775]]]}},{"type":"Feature","properties":{"class":"ruin","name":"Tomb of Servius Sulpicius Galba","name:en":null},"geometry":{"type":"Polygon","coordinates":[[[12.4916479,41.8881273],[12.491659,41.8881031],[12.4916053,41.8880884],[12.4915967,41.8881123],[12.4916479,41.8881273]]]}},{"type":"Feature","properties":{"class":"ruin","name":"Magazzini di Lucio Nevio Clemente","name:en":null},"geometry":{"type":"Polygon","coordinates":[[[12.4881895,41.8971062],[12.4881023,41.8970905],[12.4881253,41.8970491],[12.4881182,41.8970401],[12.4881173,41.8970195],[12.4881149,41.8969895],[12.4881167,41.8969369],[12.4881335,41.8969376],[12.488143,41.8969276],[12.4881676,41.8969281],[12.4881677,41.8969157],[12.4883431,41.8969465],[12.4881895,41.8971062]]]}},{"type":"Feature","properties":{"class":"wall","name":"Mura gianicolensi","name:en":"Janiculum walls"},"geometry":{"type":"LineString","coordinates":[[12.4660293,41.8828854],[12.4660686,41.8830182],[12.4663932,41.8830397],[12.466394,41.8829614],[12.4671069,41.8830203],[12.4671198,41.8830972],[12.4671394,41.8834164],[12.468207,41.8836097],[12.4687831,41.8837151],[12.4688185,41.8835348],[12.4691108,41.8835434]]}},{"type":"Feature","properties":{"class":"ruin","name":null,"name:en":null},"geometry":{"type":"LineString","coordinates":[[12.4636459,41.8839548],[12.4637346,41.8836538]]}},{"type":"Feature","properties":{"class":"public","name":"Palazzina 39","name:en":null},"geometry":{"type":"Polygon","coordinates":[[[12.5180605,41.9061863],[12.5178231,41.9060168],[12.51788,41.905972],[12.5177727,41.9059079],[12.5182915,41.9055],[12.5184427,41.9055944],[12.5184167,41.9056162],[12.5186443,41.9057772],[12.5185279,41.9058636],[12.5184589,41.9058052],[12.5183248,41.905718],[12.5180342,41.9059516],[12.5181674,41.9060388],[12.5183995,41.9058528],[12.5184805,41.9059084],[12.518179,41.9061629],[12.5181344,41.9061255],[12.5180605,41.9061863]]]}},{"type":"Feature","properties":{"class":"public","name":"Santa Maria del Rosario e San Pietro Chanel","name:en":"Our Lady of the Rosary and Saint Peter Chanel"},"geometry":{"type":"Polygon","coordinates":[[[12.5003094,41.9066619],[12.5001946,41.906756],[12.5000078,41.9069091],[12.5001704,41.9070249],[12.5004836,41.9067796],[12.5003094,41.9066619]]]}},{"type":"Feature","properties":{"class":"public","name":"Sant\u2019Ivo dei Bretoni","name:en":null},"geometry":{"type":"Polygon","coordinates":[[[12.4747872,41.9025261],[12.4749327,41.9025276],[12.4749317,41.9025801],[12.4747862,41.9025785],[12.4747872,41.9025261]]]}},{"type":"Feature","properties":{"class":"wall","name":null,"name:en":null},"geometry":{"type":"LineString","coordinates":[[12.5208325,41.8511468],[12.5208091,41.8511278],[12.5208429,41.8511026],[12.5208645,41.8511193],[12.521073,41.8509726]]}},{"type":"Feature","properties":{"class":"public","name":"Cappella di Reginald Pole","name:en":null},"geometry":{"type":"Polygon","coordinates":[[[12.5053694,41.8657825],[12.505372,41.8657898],[12.5053713,41.8657975],[12.5053675,41.8658046],[12.5053608,41.8658104],[12.505352,41.8658143],[12.505342,41.865816],[12.5053311,41.8658151],[12.5053212,41.8658115],[12.5053135,41.8658055],[12.505309,41.865798],[12.5053082,41.8657899],[12.5053112,41.8657819],[12.5053175,41.8657752],[12.5053259,41.8657708],[12.5053357,41.8657686],[12.505346,41.8657687],[12.5053556,41.8657713],[12.5053637,41.8657761],[12.5053694,41.8657825]]]}},{"type":"Feature","properties":{"class":"ruin","name":null,"name:en":null},"geometry":{"type":"Polygon","coordinates":[[[12.5183858,41.8890547],[12.5185582,41.8889765],[12.5185315,41.8889386],[12.5184153,41.8889883],[12.5184246,41.8889984],[12.5185283,41.8889525],[12.5185404,41.8889723],[12.5183891,41.889045],[12.518369,41.8890238],[12.5184167,41.8890036],[12.5184059,41.8889935],[12.5183331,41.8890293],[12.5183405,41.8890373],[12.5183458,41.8890346],[12.5183521,41.8890423],[12.5183428,41.8890466],[12.5183521,41.8890572],[12.5183299,41.8890675],[12.5183337,41.889073],[12.5183687,41.8890583],[12.5183514,41.8890329],[12.5183629,41.8890275],[12.5183858,41.8890547]]]}},{"type":"Feature","properties":{"class":"ruin","name":null,"name:en":null},"geometry":{"type":"Polygon","coordinates":[[[12.5185223,41.8889023],[12.5185655,41.8888841],[12.5185592,41.8888754],[12.5185485,41.8888799],[12.5185429,41.8888733],[12.5185507,41.8888683],[12.5185432,41.8888607],[12.5185319,41.8888643],[12.5185238,41.8888556],[12.5184951,41.8888691],[12.5185039,41.8888788],[12.5185092,41.8888767],[12.5185061,41.8888709],[12.5185206,41.8888638],[12.5185404,41.8888878],[12.5185284,41.8888928],[12.5185138,41.8888925],[12.5185223,41.8889023]]]}},{"type":"Feature","properties":{"class":"ruin","name":null,"name:en":null},"geometry":{"type":"Polygon","coordinates":[[[12.5183767,41.8889682],[12.5184493,41.8889366],[12.5184436,41.8889337],[12.5184411,41.8889322],[12.518411,41.8889464],[12.5183863,41.8889266],[12.5184362,41.8889026],[12.5184319,41.8888974],[12.5183622,41.88893],[12.5183732,41.88894],[12.518371,41.8889461],[12.5183845,41.8889551],[12.5183721,41.8889622],[12.5183767,41.8889682]]]}},{"type":"Feature","properties":{"class":"ruin","name":null,"name:en":null},"geometry":{"type":"Polygon","coordinates":[[[12.5182698,41.8890141],[12.5183318,41.8889885],[12.5183321,41.888979],[12.5183264,41.8889727],[12.518348,41.8889595],[12.5183512,41.8889627],[12.5183463,41.8889788],[12.5183494,41.8889832],[12.518371,41.888969],[12.5183661,41.8889627],[12.5183505,41.8889511],[12.5183576,41.8889474],[12.5183519,41.8889416],[12.518347,41.8889356],[12.5182001,41.8890014],[12.5182051,41.889008],[12.5182511,41.888989],[12.5182698,41.8890141]]]}},{"type":"Feature","properties":{"class":"ruin","name":null,"name:en":null},"geometry":{"type":"Polygon","coordinates":[[[12.5184529,41.8889278],[12.5184566,41.8889325],[12.5185164,41.888908],[12.5185047,41.888892],[12.5185003,41.8888935],[12.5185087,41.8889048],[12.5184788,41.8889172],[12.5184597,41.888893],[12.5184889,41.8888798],[12.5184977,41.8888904],[12.5185022,41.8888881],[12.5184893,41.8888718],[12.5184393,41.888893],[12.5184405,41.888901],[12.5184522,41.8888947],[12.5184711,41.8889194],[12.5184529,41.8889278]]]}},{"type":"Feature","properties":{"class":"ruin","name":null,"name:en":null},"geometry":{"type":"Polygon","coordinates":[[[12.5183093,41.8891839],[12.518356,41.8892482],[12.5183759,41.8892545],[12.5185549,41.8891665],[12.5185797,41.8891939],[12.5188062,41.8890922],[12.5187538,41.8890437],[12.5183638,41.8892223],[12.5183284,41.8891739],[12.5183093,41.8891839]]]}},{"type":"Feature","properties":{"class":"ruin","name":"Acquedotto Vergine","name:en":"Aqueduct Ruins"},"geometry":{"type":"Polygon","coordinates":[[[12.4837607,41.9026921],[12.4837871,41.9026798],[12.4836609,41.9025298],[12.4836344,41.9025421],[12.4837607,41.9026921]]]}},{"type":"Feature","properties":{"class":"wall","name":null,"name:en":null},"geometry":{"type":"LineString","coordinates":[[12.4615458,41.9002354],[12.4615537,41.900243],[12.4615909,41.900276],[12.4616338,41.9002939],[12.4616563,41.9003025],[12.4616924,41.9003173],[12.461739,41.900334],[12.4617473,41.9003182],[12.4617909,41.9003184],[12.4617996,41.9002193],[12.4618623,41.9001723],[12.4621744,41.9003814]]}},{"type":"Feature","properties":{"class":"wall","name":null,"name:en":null},"geometry":{"type":"LineString","coordinates":[[12.5213329,41.851982],[12.5212863,41.8520215],[12.5212656,41.852007],[12.5212051,41.8520626],[12.5211585,41.8521055],[12.5211069,41.852153],[12.5210417,41.852213]]}},{"type":"Feature","properties":{"class":"public","name":"Aula III","name:en":null},"geometry":{"type":"Polygon","coordinates":[[[12.5175923,41.9192001],[12.5176889,41.9192935],[12.5177969,41.9192316],[12.5177003,41.9191382],[12.5175923,41.9192001]]]}},{"type":"Feature","properties":{"class":"public","name":"Aula autogestita","name:en":null},"geometry":{"type":"Polygon","coordinates":[[[12.5174972,41.919277],[12.5175827,41.9193534],[12.5176341,41.9193216],[12.5175486,41.9192452],[12.5174972,41.919277]]]}},{"type":"Feature","properties":{"class":"public","name":null,"name:en":null},"geometry":{"type":"Polygon","coordinates":[[[12.4548833,41.8959648],[12.4549581,41.8960118],[12.4550968,41.8958894],[12.4550221,41.8958424],[12.4548833,41.8959648]]]}},{"type":"Feature","properties":{"class":"public","name":"Augustinian Monastic Chapel","name:en":null},"geometry":{"type":"Polygon","coordinates":[[[12.45708,41.9006096],[12.4571485,41.9006093],[12.4573215,41.9006078],[12.4573216,41.9005872],[12.4573142,41.9005871],[12.4573143,41.9005702],[12.4573222,41.9005675],[12.4573224,41.9005353],[12.4573133,41.9005318],[12.4573136,41.9005005],[12.4571005,41.9004995],[12.4571005,41.9005056],[12.4570809,41.9005055],[12.45708,41.9006096]]]}},{"type":"Feature","properties":{"class":"public","name":null,"name:en":null},"geometry":{"type":"Polygon","coordinates":[[[12.5125566,41.9038981],[12.5125998,41.9038119],[12.5128779,41.9038889],[12.5128362,41.9039775],[12.5125566,41.9038981]]]}},{"type":"Feature","properties":{"class":"ruin","name":null,"name:en":null},"geometry":{"type":"LineString","coordinates":[[12.4948736,41.8907243],[12.4947083,41.8907267]]}},{"type":"Feature","properties":{"class":"public","name":"Villa Mirafiori","name:en":null},"geometry":{"type":"Polygon","coordinates":[[[12.5167144,41.9188254],[12.5167942,41.9189331],[12.5168729,41.9190394],[12.5173336,41.9188505],[12.5173861,41.9188289],[12.5175195,41.9190089],[12.5177091,41.9189312],[12.5178631,41.9190635],[12.5178941,41.9190461],[12.5179145,41.9190643],[12.5180235,41.9189999],[12.5180147,41.9189885],[12.5180684,41.9189555],[12.5179828,41.9188752],[12.5178791,41.9189293],[12.5177312,41.9188174],[12.5176471,41.9188597],[12.5175939,41.918862],[12.5175221,41.9187639],[12.5176796,41.9186909],[12.5176829,41.9187007],[12.5177604,41.9186723],[12.5177745,41.9186948],[12.5178247,41.918674],[12.5178583,41.9186811],[12.5179389,41.9186472],[12.5178992,41.9185898],[12.5178577,41.918608],[12.517804,41.9185341],[12.5177216,41.9185679],[12.5176814,41.9185136],[12.5174608,41.9186041],[12.5173282,41.9184251],[12.5171826,41.9184848],[12.5173359,41.9186918],[12.517286,41.9187123],[12.5170975,41.9187895],[12.5170286,41.9186965],[12.5167144,41.9188254]]]}},{"type":"Feature","properties":{"class":"ruin","name":"Macellum Liviae","name:en":null},"geometry":{"type":"Polygon","coordinates":[[[12.5024728,41.8978819],[12.5024924,41.8979197],[12.5024793,41.8979522],[12.5023873,41.8979823],[12.5023501,41.8978928],[12.5023365,41.8978462],[12.5023094,41.8977936],[12.5023819,41.8977733],[12.5024414,41.8978051],[12.5024143,41.8978279],[12.5024347,41.8978653],[12.5024943,41.897846],[12.5024728,41.8978819]]]}},{"type":"Feature","properties":{"class":"ruin","name":"Curia di Pompio","name:en":"Curia of Pompey"},"geometry":{"type":"Polygon","coordinates":[[[12.4765279,41.8952126],[12.4765314,41.89543],[12.4766108,41.8954301],[12.4766113,41.8952127],[12.4765279,41.8952126]]]}},{"type":"Feature","properties":{"class":"public","name":null,"name:en":null},"geometry":{"type":"Polygon","coordinates":[[[12.4737202,41.8901781],[12.4737639,41.8903339],[12.4740284,41.8903044],[12.4739981,41.8900877],[12.473706,41.8901205],[12.4737202,41.8901781]]]}},{"type":"Feature","properties":{"class":"public","name":null,"name:en":null},"geometry":{"type":"Polygon","coordinates":[[[12.4735489,41.8901989],[12.4737202,41.8901781],[12.473706,41.8901205],[12.4735319,41.8901377],[12.4735489,41.8901989]]]}},{"type":"Feature","properties":{"class":"public","name":"Palazzo del Viminale","name:en":null},"geometry":{"type":"MultiPolygon","coordinates":[[[[12.4940624,41.8993119],[12.4942143,41.8992347],[12.493968,41.8989719],[12.4939525,41.8989554],[12.4940347,41.8989128],[12.4940473,41.8989263],[12.494551,41.898666],[12.4941956,41.898285],[12.4941143,41.8981975],[12.4936104,41.8984607],[12.4935326,41.8985013],[12.4932755,41.8982265],[12.4932193,41.8982528],[12.493137,41.8981654],[12.4931821,41.8981419],[12.4930418,41.8979927],[12.4928811,41.8980764],[12.4929079,41.898105],[12.492523,41.8983055],[12.4924989,41.8982799],[12.4923334,41.8983661],[12.4924668,41.898508],[12.4925377,41.898471],[12.4926349,41.8985744],[12.4925536,41.8986167],[12.4929489,41.8990372],[12.4930198,41.8990002],[12.4931995,41.8991914],[12.4931381,41.8992234],[12.4934967,41.8996079],[12.4936566,41.8995237],[12.4936743,41.8995412],[12.4938661,41.8994396],[12.4940773,41.8993314],[12.4940624,41.8993119]]]]}},{"type":"Feature","properties":{"class":"public","name":"Pontificio Seminario Romano Maggiore","name:en":null},"geometry":{"type":"MultiPolygon","coordinates":[[[[12.5036743,41.8841082],[12.5036892,41.884081],[12.5035281,41.8840323],[12.5035022,41.8840796],[12.5032543,41.884538],[12.5034707,41.8846029],[12.5038274,41.8847098],[12.5037733,41.8848099],[12.5039046,41.8848493],[12.5046028,41.8850572],[12.5046575,41.8850729],[12.5047098,41.8849725],[12.5047444,41.8849074],[12.50506,41.8843288],[12.5048996,41.8842803],[12.5048063,41.8844512],[12.504225,41.8842754],[12.5042925,41.8841518],[12.5041555,41.8841104],[12.5040884,41.8842334],[12.5036743,41.8841082]]]]}},{"type":"Feature","properties":{"class":"public","name":"Palatium Apostolicum","name:en":"Apostolic Palace"},"geometry":{"type":"MultiPolygon","coordinates":[[[[12.4548171,41.9026749],[12.4548191,41.9025542],[12.4547992,41.902554],[12.4547998,41.9025051],[12.4546679,41.9025036],[12.454668,41.9025323],[12.4546684,41.9026345],[12.4546685,41.9026758],[12.4545626,41.9026835],[12.454558,41.902667],[12.4545362,41.9026692],[12.4545385,41.9026583],[12.4543536,41.9026683],[12.4543563,41.9026844],[12.4542465,41.9026934],[12.4541388,41.9027005],[12.4540815,41.9027012],[12.454082,41.9027998],[12.4539696,41.9028047],[12.4539679,41.9028226],[12.4539582,41.902824],[12.4539369,41.9028795],[12.4539354,41.903016],[12.4541255,41.9030257],[12.454129,41.9028363],[12.4542397,41.9028374],[12.454683,41.9028419],[12.4546795,41.9030313],[12.4546031,41.9030305],[12.4542683,41.9030271],[12.4542343,41.9030268],[12.4542363,41.9031016],[12.4542374,41.903127],[12.4542376,41.9031693],[12.4542647,41.9031721],[12.4545309,41.9031988],[12.454544,41.9031523],[12.4547729,41.9031879],[12.4547608,41.903231],[12.4548603,41.90326],[12.454875,41.9032318],[12.4551029,41.9033071],[12.4552801,41.903359],[12.4552284,41.9034524],[12.4553487,41.9035007],[12.4552765,41.9039979],[12.4555319,41.9039774],[12.4555314,41.9039743],[12.4556443,41.9039658],[12.4558693,41.9039478],[12.4559929,41.9039375],[12.4559869,41.9038851],[12.4561063,41.9039243],[12.4561563,41.9038327],[12.4564095,41.9039208],[12.4564331,41.9038901],[12.4565872,41.9036163],[12.456609,41.9035792],[12.4566744,41.903468],[12.4566453,41.9034579],[12.4566701,41.9034192],[12.4566836,41.9033981],[12.4565588,41.903396],[12.4565442,41.9033699],[12.4564525,41.9032068],[12.4563397,41.9030174],[12.4563385,41.9030153],[12.4563348,41.9030091],[12.4561843,41.9027564],[12.4554434,41.902769],[12.4553626,41.9029255],[12.4553302,41.9029834],[12.4553119,41.9029781],[12.4552857,41.9029704],[12.4552599,41.9029625],[12.4552334,41.9029544],[12.4552085,41.9029466],[12.4551784,41.9029383],[12.455155,41.9029364],[12.4552048,41.9027727],[12.4548395,41.902778],[12.4548397,41.9027556],[12.4548425,41.9026753],[12.4548171,41.9026749]]]]}},{"type":"Feature","properties":{"class":"public","name":"Palazzo Madama","name:en":null},"geometry":{"type":"MultiPolygon","coordinates":[[[[12.474275,41.8988488],[12.4742213,41.8988728],[12.474054,41.8989493],[12.474013,41.8993594],[12.4745168,41.8993657],[12.47484,41.8993697],[12.4749606,41.8993724],[12.4750065,41.8992434],[12.4750909,41.899006],[12.4750985,41.8989846],[12.4751272,41.898847],[12.475186,41.8985654],[12.4748633,41.8985584],[12.4746642,41.8986651],[12.4746471,41.8986745],[12.474427,41.8987949],[12.4745377,41.8989145],[12.4745716,41.8988985],[12.4745609,41.8989432],[12.4745771,41.8989458],[12.4745712,41.8990202],[12.4742628,41.899003],[12.474275,41.8988488]]]]}},{"type":"Feature","properties":{"class":"public","name":null,"name:en":null},"geometry":{"type":"MultiPolygon","coordinates":[[[[12.4551095,41.9064398],[12.4551073,41.9063999],[12.4551169,41.906262],[12.4551203,41.9062169],[12.4551939,41.9052347],[12.4552089,41.9050353],[12.4552201,41.9048866],[12.4552312,41.904738],[12.4552621,41.904197],[12.455267,41.9041104],[12.4552698,41.9040774],[12.4552765,41.9039979],[12.4553487,41.9035007],[12.4552284,41.9034524],[12.4552801,41.903359],[12.4551029,41.9033071],[12.454875,41.9032318],[12.4548603,41.90326],[12.4547608,41.903231],[12.4547729,41.9031879],[12.454544,41.9031523],[12.4545309,41.9031988],[12.4542647,41.9031721],[12.4542376,41.9031693],[12.4542212,41.9034089],[12.4542138,41.9035082],[12.4540996,41.9050889],[12.4540951,41.905137],[12.4540874,41.9052232],[12.4540747,41.9054013],[12.4540265,41.9060798],[12.454016,41.9062236],[12.4540031,41.9063568],[12.4539514,41.9063557],[12.4539469,41.9064562],[12.4539415,41.9065128],[12.4539233,41.906528],[12.4539091,41.9065455],[12.453899,41.9065663],[12.4538947,41.9065881],[12.4538964,41.9066106],[12.4539042,41.9066324],[12.4539157,41.9066499],[12.4539311,41.9066657],[12.4539654,41.9066871],[12.4539963,41.9066977],[12.4540297,41.9067027],[12.4540671,41.9067016],[12.454103,41.9066934],[12.4541283,41.9066825],[12.4541502,41.9066682],[12.4541715,41.9066463],[12.454185,41.9066212],[12.4541954,41.9066138],[12.4542727,41.906601],[12.4542989,41.9066147],[12.4543996,41.9065976],[12.4544158,41.9065783],[12.4544719,41.9065677],[12.4544431,41.9064741],[12.4543879,41.9064839],[12.4543593,41.9064713],[12.4542598,41.9064896],[12.4542348,41.9065131],[12.4541654,41.9065239],[12.4541344,41.9065037],[12.4541392,41.9064671],[12.4541831,41.9064666],[12.4541939,41.906382],[12.454419,41.9063909],[12.45442,41.9063753],[12.4549122,41.9062993],[12.4549441,41.9064087],[12.4550309,41.9063903],[12.4550318,41.9064019],[12.455038,41.9064773],[12.4551115,41.9064763],[12.4551095,41.9064398]]]]}},{"type":"Feature","properties":{"class":"public","name":"Palazzo delle Finanze","name:en":null},"geometry":{"type":"MultiPolygon","coordinates":[[[[12.4985378,41.9070954],[12.4987166,41.9069514],[12.4980044,41.9064614],[12.4979865,41.9064752],[12.4978379,41.9065955],[12.497533,41.9063857],[12.4974909,41.9064196],[12.4974122,41.9063654],[12.4973335,41.9063113],[12.4973676,41.9062838],[12.4970195,41.9060443],[12.4971954,41.9059059],[12.4972172,41.905889],[12.4968761,41.9056545],[12.496535,41.90542],[12.4963544,41.9055654],[12.4961207,41.9054046],[12.4963184,41.9052455],[12.496356,41.9052713],[12.4966387,41.9050437],[12.4969214,41.9048161],[12.4968503,41.9047672],[12.4970623,41.9046054],[12.4973242,41.9047823],[12.4971774,41.9049004],[12.4971376,41.9049324],[12.497847,41.9054202],[12.4978873,41.9053888],[12.4980412,41.9052697],[12.4987973,41.9057968],[12.4986489,41.9059116],[12.498612,41.9059401],[12.49934,41.9064416],[12.4995172,41.9062947],[12.4997483,41.9064487],[12.4997457,41.9064588],[12.4995467,41.9066324],[12.499505,41.9066037],[12.4989303,41.9070664],[12.4989612,41.9070876],[12.4987609,41.9072489],[12.4985378,41.9070954]]]]}},{"type":"Feature","properties":{"class":"public","name":"Palazzo Chigi","name:en":null},"geometry":{"type":"MultiPolygon","coordinates":[[[[12.4794513,41.9010998],[12.4793931,41.9011996],[12.4793059,41.9013489],[12.4792633,41.9013933],[12.4792352,41.9014226],[12.4792403,41.9015293],[12.4792758,41.9015376],[12.4794072,41.9015683],[12.4800334,41.9017145],[12.4802347,41.9012448],[12.479843,41.9011723],[12.4794513,41.9010998]]]]}},{"type":"Feature","properties":{"class":"public","name":"Palazzo di Giustizia","name:en":"Palace of Justice"},"geometry":{"type":"MultiPolygon","coordinates":[[[[12.4691362,41.9044906],[12.4692639,41.9045325],[12.4692691,41.904524],[12.469497,41.9045996],[12.4694935,41.9046054],[12.4695,41.9046076],[12.4694896,41.9046248],[12.4694972,41.9046273],[12.469494,41.9046324],[12.469699,41.9046995],[12.469702,41.9046947],[12.4697101,41.9046973],[12.4697132,41.9046925],[12.4698775,41.9047464],[12.4698743,41.9047515],[12.469881,41.9047538],[12.4698784,41.9047583],[12.4702198,41.9048705],[12.4702224,41.9048661],[12.4702303,41.9048689],[12.4702338,41.9048635],[12.4703969,41.9049174],[12.4703938,41.9049226],[12.4704002,41.9049247],[12.4703975,41.9049289],[12.4706049,41.9049972],[12.470608,41.9049922],[12.4706176,41.9049954],[12.4706265,41.9049807],[12.4706333,41.904983],[12.4706395,41.9049731],[12.4708564,41.905045],[12.4708523,41.9050519],[12.4709887,41.9050973],[12.4710088,41.9050914],[12.4711435,41.904863],[12.4711428,41.904852],[12.4711379,41.9048502],[12.4712665,41.9046326],[12.4712701,41.9046338],[12.4712851,41.904626],[12.4713369,41.9045357],[12.4713371,41.904523],[12.4714089,41.9044013],[12.471423,41.9043908],[12.4714716,41.9043078],[12.4714694,41.904296],[12.4714658,41.9042944],[12.4715949,41.9040738],[12.4716022,41.9040762],[12.4716053,41.904071],[12.4716116,41.904073],[12.4717536,41.9038322],[12.47174,41.9038273],[12.471742,41.903824],[12.4716136,41.9037815],[12.4715959,41.9037861],[12.4715887,41.9037976],[12.4713633,41.9037214],[12.4713762,41.9036999],[12.4713662,41.9036796],[12.4711858,41.9036214],[12.471183,41.903626],[12.471175,41.9036231],[12.4711724,41.9036273],[12.4709875,41.903566],[12.4709897,41.9035616],[12.4709821,41.9035592],[12.4709846,41.9035542],[12.4709247,41.9035345],[12.470727,41.9034696],[12.4706629,41.9034485],[12.4706595,41.9034539],[12.4706486,41.9034502],[12.470645,41.9034562],[12.4704692,41.9033963],[12.4704719,41.9033918],[12.4704648,41.9033894],[12.4704675,41.9033849],[12.4702801,41.9033231],[12.4702582,41.9033309],[12.4702437,41.9033564],[12.4700176,41.9032821],[12.4700224,41.9032732],[12.470014,41.9032581],[12.4698879,41.9032152],[12.4698848,41.9032206],[12.4698784,41.9032185],[12.4698671,41.9032261],[12.4697339,41.9034521],[12.4697366,41.9034693],[12.4696133,41.9036801],[12.4695929,41.9036865],[12.4695366,41.9037813],[12.4695376,41.9037958],[12.469472,41.9039088],[12.469459,41.9039153],[12.4694047,41.9040089],[12.4694098,41.9040269],[12.4692847,41.904236],[12.4692648,41.9042434],[12.4691277,41.9044752],[12.4691362,41.9044906]]]]}},{"type":"Feature","properties":{"class":"public","name":"Chiesa di Sant'Anselmo all'Aventino","name:en":null},"geometry":{"type":"MultiPolygon","coordinates":[[[[12.4776374,41.8820572],[12.4776767,41.8820256],[12.477671,41.8819955],[12.4776762,41.8819538],[12.4777265,41.8819269],[12.4777676,41.8819287],[12.477779,41.8819329],[12.4777981,41.8819399],[12.4778243,41.8819294],[12.4782,41.8822348],[12.4783283,41.8823429],[12.4782857,41.8823731],[12.478294,41.8823796],[12.4782352,41.8824213],[12.4782268,41.8824148],[12.4781637,41.8824595],[12.4780235,41.8823435],[12.4780029,41.8823275],[12.4779814,41.8823399],[12.4778158,41.8822041],[12.4777548,41.8822427],[12.4776889,41.882191],[12.477746,41.8821479],[12.4776374,41.8820572]]]]}},{"type":"Feature","properties":{"class":"public","name":"Palazzo Piacentini","name:en":null},"geometry":{"type":"MultiPolygon","coordinates":[[[[12.4727894,41.8925171],[12.4731968,41.8928358],[12.4733182,41.8927327],[12.4733541,41.8927134],[12.4733994,41.8926962],[12.4734502,41.8926839],[12.4734288,41.89264],[12.4735039,41.8926239],[12.4735697,41.8926138],[12.4736157,41.8926105],[12.4736162,41.8926004],[12.4737048,41.8925988],[12.4737922,41.8926047],[12.4738009,41.892556],[12.4738583,41.892564],[12.4739273,41.892577],[12.4739806,41.8925919],[12.4739943,41.8925957],[12.4740606,41.8926164],[12.4740122,41.8926528],[12.4739292,41.892589],[12.4737678,41.8926993],[12.4738289,41.8927448],[12.4738733,41.8927141],[12.4739759,41.892795],[12.4740898,41.89271],[12.4741382,41.8926735],[12.4741767,41.8927348],[12.4741623,41.8927474],[12.4743161,41.8928335],[12.4743481,41.892855],[12.4743662,41.8928797],[12.4743569,41.8928832],[12.474429,41.8930094],[12.4745279,41.892978],[12.4745208,41.892963],[12.4747404,41.8928924],[12.474749,41.8929071],[12.4748507,41.8928769],[12.4747631,41.8927284],[12.474808,41.892714],[12.4746981,41.8925191],[12.4745894,41.8923265],[12.474545,41.8923409],[12.4744603,41.8921892],[12.4742486,41.892258],[12.474193,41.8922449],[12.4741294,41.8922324],[12.4740514,41.8922216],[12.4739875,41.8922147],[12.4739086,41.8922085],[12.473834,41.8922069],[12.4737634,41.8922079],[12.4736876,41.8922106],[12.4735951,41.8922189],[12.4735043,41.8922308],[12.4734103,41.8922479],[12.4733186,41.89227],[12.4732268,41.8922966],[12.4731313,41.8923326],[12.4730382,41.8923735],[12.4729804,41.8924047],[12.4729362,41.8924305],[12.472925,41.8924223],[12.4727894,41.8925171]]]]}},{"type":"Feature","properties":{"class":"public","name":"Poste Centrali di Roma","name:en":null},"geometry":{"type":"MultiPolygon","coordinates":[[[[12.4809256,41.9035849],[12.4812878,41.90301],[12.4812637,41.9030016],[12.481091,41.9029413],[12.4808862,41.902882],[12.4808636,41.9028755],[12.4808207,41.9028619],[12.4804649,41.9034241],[12.480511,41.9034402],[12.4807226,41.9035099],[12.4809256,41.9035849]]]]}},{"type":"Feature","properties":{"class":"public","name":"Chiesa di San Silvestro in Capite","name:en":null},"geometry":{"type":"MultiPolygon","coordinates":[[[[12.4808207,41.9028619],[12.4807513,41.9028367],[12.480617,41.9027919],[12.480484,41.902987],[12.4803046,41.9032717],[12.4802548,41.9033508],[12.4804649,41.9034241],[12.4808207,41.9028619]]]]}},{"type":"Feature","properties":{"class":"public","name":null,"name:en":null},"geometry":{"type":"MultiPolygon","coordinates":[[[[12.4831977,41.9067442],[12.4837957,41.9068712],[12.4838088,41.9068369],[12.4840084,41.9068793],[12.4841795,41.9069142],[12.4841878,41.9069001],[12.4841987,41.9069019],[12.4842144,41.9068636],[12.4842043,41.9068585],[12.4842276,41.9067961],[12.484193,41.9067868],[12.4843198,41.9064975],[12.4841817,41.9064658],[12.4842271,41.9063501],[12.4840864,41.906319],[12.4840438,41.9064263],[12.483995,41.9064156],[12.4839837,41.906444],[12.483512,41.9063402],[12.4834386,41.9063239],[12.4834316,41.9063419],[12.4833694,41.9063285],[12.4831977,41.9067442]]]]}},{"type":"Feature","properties":{"class":"public","name":"Palazzo dell'Anagrafe","name:en":null},"geometry":{"type":"MultiPolygon","coordinates":[[[[12.4807229,41.8897576],[12.4805804,41.8901206],[12.4805408,41.890112],[12.48051,41.8901826],[12.480473,41.8902675],[12.4805528,41.8902864],[12.4805199,41.8903634],[12.4803848,41.890691],[12.4803403,41.8906807],[12.4803241,41.8907189],[12.4802749,41.8907078],[12.4798253,41.8906061],[12.4798412,41.8905747],[12.4797496,41.8905472],[12.4799704,41.8901638],[12.4800238,41.8901768],[12.4801559,41.8899057],[12.4802221,41.8897707],[12.4802383,41.8896931],[12.4802514,41.8896299],[12.4802727,41.889577],[12.4803099,41.8895857],[12.4804192,41.8896111],[12.4803968,41.8896634],[12.4803885,41.8896833],[12.4806142,41.8897338],[12.4807229,41.8897576]]]]}},{"type":"Feature","properties":{"class":"public","name":"Pontifico Collegio Urbano di Propaganda Fide","name:en":null},"geometry":{"type":"MultiPolygon","coordinates":[[[[12.4579061,41.8991284],[12.4584286,41.8991699],[12.458406,41.8993312],[12.4584274,41.8993316],[12.4584574,41.8994395],[12.4585061,41.8994259],[12.4586136,41.8995666],[12.4585607,41.8995908],[12.4586583,41.899671],[12.4588518,41.8997477],[12.4586016,41.9000976],[12.4583957,41.9000179],[12.4584011,41.9000105],[12.4583476,41.8999892],[12.4582418,41.8999292],[12.4581663,41.8998649],[12.4580908,41.8997944],[12.4580366,41.899723],[12.4579932,41.8996601],[12.4579562,41.8995912],[12.4579272,41.8995362],[12.4579023,41.8994672],[12.4578886,41.8993978],[12.4578846,41.899336],[12.4579061,41.8991284]]]]}},{"type":"Feature","properties":{"class":"public","name":null,"name:en":null},"geometry":{"type":"MultiPolygon","coordinates":[[[[12.4755935,41.9032588],[12.4760128,41.9034172],[12.4760762,41.903306],[12.4761601,41.903131],[12.4760322,41.9030807],[12.4758389,41.9030046],[12.4757489,41.9030137],[12.4755935,41.9032588]]]]}},{"type":"Feature","properties":{"class":"public","name":null,"name:en":null},"geometry":{"type":"MultiPolygon","coordinates":[[[[12.4585707,41.8978567],[12.4594152,41.8979247],[12.4594765,41.8979296],[12.4596044,41.8970483],[12.459507,41.8970404],[12.4595349,41.8968275],[12.459363,41.8968189],[12.4593175,41.8970749],[12.4593016,41.8970737],[12.4593335,41.8968681],[12.4591204,41.8968491],[12.4590801,41.8970604],[12.4589673,41.8970465],[12.4590612,41.8964371],[12.4588812,41.8964227],[12.4587938,41.8970245],[12.4586845,41.8970177],[12.4586642,41.8971608],[12.4585863,41.8977479],[12.4585707,41.8978567]]]]}},{"type":"Feature","properties":{"class":"public","name":"Basilica di Santo Stefano Rotondo","name:en":null},"geometry":{"type":"MultiPolygon","coordinates":[[[[12.4964904,41.8844593],[12.4965599,41.8843972],[12.4966596,41.8843578],[12.4967388,41.88435],[12.4968095,41.8843585],[12.4968866,41.8843825],[12.4969561,41.8844267],[12.4970078,41.8844888],[12.4970216,41.8845384],[12.4971523,41.8845532],[12.4971434,41.8846276],[12.4971036,41.8847093],[12.4970414,41.8847747],[12.4969575,41.8848295],[12.4969719,41.8848587],[12.4968864,41.8848807],[12.4968038,41.8849019],[12.4967609,41.8848971],[12.4967478,41.8849815],[12.4965265,41.8849643],[12.4965304,41.8849506],[12.4962865,41.8848527],[12.4963786,41.8847232],[12.4964002,41.8847408],[12.4964134,41.8847311],[12.4963794,41.8846825],[12.4964293,41.8846694],[12.496456,41.8847104],[12.49647,41.8846992],[12.4965223,41.8847335],[12.4964694,41.8847661],[12.4965539,41.8848106],[12.4965959,41.884741],[12.4965526,41.884717],[12.4964936,41.8846684],[12.4964637,41.8846039],[12.4964598,41.8845271],[12.4964904,41.8844593]]]]}},{"type":"Feature","properties":{"class":"public","name":null,"name:en":null},"geometry":{"type":"MultiPolygon","coordinates":[[[[12.4628531,41.9025412],[12.4626191,41.9025356],[12.4624134,41.9025284],[12.4624129,41.9025563],[12.4624087,41.9027179],[12.4624295,41.9027182],[12.4624322,41.9028071],[12.4624054,41.9028071],[12.4624067,41.9028181],[12.4624116,41.9029598],[12.4624157,41.9030072],[12.4625004,41.9030072],[12.4625006,41.9029927],[12.4627487,41.9029867],[12.4627621,41.9030675],[12.462746,41.9031035],[12.462522,41.9030925],[12.4625113,41.9030536],[12.4624172,41.9030494],[12.4624201,41.9031155],[12.4624201,41.9031863],[12.4629458,41.9032113],[12.4628531,41.9025412]]]]}},{"type":"Feature","properties":{"class":"public","name":"Palazzo Giacomo Mattei","name:en":null},"geometry":{"type":"MultiPolygon","coordinates":[[[[12.4777696,41.893916],[12.4774251,41.8939533],[12.4774323,41.8942047],[12.4774324,41.8942134],[12.4776747,41.8942393],[12.4776826,41.8941907],[12.4777577,41.8941937],[12.4777624,41.8941323],[12.4778958,41.8941308],[12.4778715,41.8940561],[12.4776926,41.8940816],[12.4776497,41.8939792],[12.4777831,41.8939599],[12.4777696,41.893916]]]]}},{"type":"Feature","properties":{"class":"public","name":"Palazzo Santacroce","name:en":null},"geometry":{"type":"MultiPolygon","coordinates":[[[[12.4748838,41.8934305],[12.4751583,41.8938459],[12.4751443,41.8938663],[12.474736,41.8940309],[12.4744638,41.8936694],[12.4744363,41.8936356],[12.4748838,41.8934305]]]]}},{"type":"Feature","properties":{"class":"public","name":"Palazzo Giustiniani","name:en":null},"geometry":{"type":"MultiPolygon","coordinates":[[[[12.4751247,41.8993784],[12.4751944,41.8991816],[12.4752463,41.899035],[12.4757549,41.8990197],[12.4757997,41.8990184],[12.475776,41.8991962],[12.4758605,41.8991995],[12.4758503,41.89927],[12.4758412,41.8994381],[12.4751247,41.8993784]]]]}},{"type":"Feature","properties":{"class":"public","name":null,"name:en":null},"geometry":{"type":"MultiPolygon","coordinates":[[[[12.4756429,41.9039228],[12.475804,41.904],[12.4759298,41.9040603],[12.475903,41.9040794],[12.4755226,41.9043507],[12.4754771,41.9043517],[12.4754237,41.9043528],[12.47537,41.903888],[12.4754823,41.9039402],[12.4755064,41.9039115],[12.4755678,41.9039384],[12.4755974,41.9039036],[12.4756429,41.9039228]]]]}},{"type":"Feature","properties":{"class":"ruin","name":"Colonne Onorarie","name:en":null},"geometry":{"type":"MultiPolygon","coordinates":[[[[12.4854151,41.8921079],[12.4854329,41.8921384],[12.4854806,41.8921229],[12.4854628,41.8920924],[12.4854151,41.8921079]]],[[[12.4852867,41.8921518],[12.4853045,41.8921823],[12.4853523,41.8921669],[12.4853344,41.8921364],[12.4852867,41.8921518]]]]}},{"type":"Feature","properties":{"class":"public","name":"Palazzo Dante","name:en":null},"geometry":{"type":"MultiPolygon","coordinates":[[[[12.5036365,41.8915278],[12.5036821,41.891542],[12.5041763,41.8916954],[12.5046772,41.8918508],[12.5047094,41.8918608],[12.5047189,41.8918438],[12.5051912,41.8910004],[12.5041183,41.8906675],[12.5036466,41.8915098],[12.5036365,41.8915278]]]]}},{"type":"Feature","properties":{"class":"ruin","name":"Bagni di Livia","name:en":null},"geometry":{"type":"MultiPolygon","coordinates":[[[[12.4861681,41.8879947],[12.4861985,41.8880195],[12.4861833,41.8880298],[12.4861473,41.8880542],[12.4861387,41.8880471],[12.4861804,41.8880189],[12.4861586,41.8880011],[12.4861681,41.8879947]]],[[[12.4861034,41.8880479],[12.4861195,41.8880602],[12.4861308,41.8880533],[12.4861373,41.8880599],[12.4861254,41.8880679],[12.4860809,41.8880977],[12.4860521,41.888117],[12.4860473,41.8881128],[12.4860521,41.8881098],[12.4860404,41.888102],[12.4860311,41.888102],[12.4860311,41.8880984],[12.4860353,41.8880958],[12.486042,41.8880915],[12.486057,41.8881035],[12.4861046,41.8880756],[12.4860909,41.8880584],[12.4860989,41.8880548],[12.4861005,41.8880506],[12.4861034,41.8880479]]],[[[12.4862438,41.8880187],[12.4862516,41.8880134],[12.4862892,41.8880436],[12.4862814,41.888049],[12.4862772,41.8880456],[12.4862529,41.8880261],[12.4862438,41.8880187]]],[[[12.4863037,41.8880433],[12.4863118,41.8880372],[12.4863328,41.8880553],[12.4863223,41.8880571],[12.4863037,41.8880433]]],[[[12.4862127,41.8879972],[12.486222,41.88799],[12.4862361,41.8880014],[12.48622,41.8880041],[12.4862127,41.8879972]]]]}},{"type":"Feature","properties":{"class":"ruin","name":"Cisterne","name:en":null},"geometry":{"type":"MultiPolygon","coordinates":[[[[12.4853666,41.8893908],[12.4854526,41.8893312],[12.4855051,41.8893731],[12.4854191,41.8894328],[12.4853666,41.8893908]]],[[[12.4852279,41.8892107],[12.4852465,41.8892002],[12.4853288,41.8892737],[12.4853181,41.8892792],[12.4852989,41.889267],[12.485282,41.8892578],[12.4852685,41.8892469],[12.4852589,41.8892435],[12.4852279,41.8892107]]],[[[12.4851439,41.8892546],[12.4851834,41.8892289],[12.4852397,41.8892769],[12.485227,41.8892852],[12.4852002,41.8893026],[12.4851439,41.8892546]]],[[[12.4852397,41.8892769],[12.4852584,41.8892902],[12.4852657,41.8892881],[12.4852742,41.8892952],[12.4852648,41.8893017],[12.4852516,41.8893108],[12.4852409,41.889302],[12.4852386,41.8892944],[12.485227,41.8892852],[12.4852397,41.8892769]]],[[[12.4850897,41.8892998],[12.4851659,41.8893666],[12.4851811,41.8893615],[12.48522,41.8893309],[12.4851969,41.8893195],[12.4851811,41.889309],[12.4851625,41.8893065],[12.485123,41.8892738],[12.4850897,41.8892998]]]]}},{"type":"Feature","properties":{"class":"ruin","name":"Settizodio","name:en":null},"geometry":{"type":"MultiPolygon","coordinates":[[[[12.4885517,41.8857013],[12.4886149,41.8856643],[12.4885953,41.8856457],[12.48864,41.8856195],[12.488649,41.8856279],[12.4886158,41.8856473],[12.4886522,41.8856818],[12.4887136,41.8856458],[12.4886739,41.8856082],[12.4886849,41.8856018],[12.4887592,41.8856721],[12.4888388,41.8856256],[12.4888478,41.8856341],[12.4887654,41.8856823],[12.4887938,41.8857091],[12.4888841,41.8856563],[12.4888907,41.8856626],[12.4888134,41.8857079],[12.4888245,41.8857184],[12.4888114,41.8857261],[12.488804,41.8857192],[12.4887939,41.8857251],[12.4887768,41.8857089],[12.488773,41.885711],[12.4887644,41.8857028],[12.4887675,41.885701],[12.4887558,41.88569],[12.4887033,41.8857207],[12.4887221,41.8857385],[12.4887096,41.8857459],[12.4886853,41.8857228],[12.4886383,41.8857503],[12.4886301,41.8857425],[12.488673,41.8857174],[12.4886296,41.8856763],[12.488575,41.8857082],[12.4886054,41.8857369],[12.4885955,41.8857428],[12.4885517,41.8857013]]],[[[12.4885442,41.8854715],[12.4886259,41.8855507],[12.488437,41.8856588],[12.4884038,41.8856266],[12.4884297,41.8856117],[12.4884463,41.8856278],[12.4885166,41.8855875],[12.4883962,41.8854709],[12.4884191,41.8854577],[12.4885393,41.8855741],[12.4885959,41.8855417],[12.4885311,41.885479],[12.4885442,41.8854715]]]]}},{"type":"Feature","properties":{"class":"public","name":"Chiesa di San Gregorio al Celio","name:en":null},"geometry":{"type":"MultiPolygon","coordinates":[[[[12.4907114,41.8856363],[12.4908034,41.8855069],[12.4908138,41.8854925],[12.4908247,41.8854775],[12.4908061,41.88547],[12.4908584,41.8853838],[12.4908908,41.8853305],[12.4908912,41.8853195],[12.490884,41.8853136],[12.4908731,41.8853083],[12.490859,41.8853074],[12.4908416,41.8853111],[12.4908556,41.8852898],[12.4908556,41.885279],[12.4908481,41.885255],[12.490776,41.8852263],[12.4907402,41.8852394],[12.4907224,41.8852605],[12.4907155,41.8852511],[12.4907022,41.885243],[12.4906674,41.8852364],[12.4906621,41.8852449],[12.4905879,41.8853639],[12.4905739,41.8853596],[12.4905236,41.8854401],[12.490498,41.8854634],[12.4905568,41.8854846],[12.4905047,41.8855679],[12.4904351,41.8855416],[12.490416,41.8855695],[12.4902959,41.8857451],[12.4904326,41.885796],[12.4905642,41.8858467],[12.4906744,41.8856893],[12.4907114,41.8856363]]]]}},{"type":"Feature","properties":{"class":"public","name":null,"name:en":null},"geometry":{"type":"MultiPolygon","coordinates":[[[[12.5029526,41.9052056],[12.5031276,41.9050703],[12.5031013,41.9050526],[12.5031157,41.9050407],[12.5032105,41.9049627],[12.5035423,41.9051744],[12.5034211,41.9052711],[12.5033932,41.9052524],[12.5032206,41.9053809],[12.5031846,41.9054129],[12.5029624,41.9052672],[12.5029991,41.9052373],[12.5029526,41.9052056]]]]}},{"type":"Feature","properties":{"class":"public","name":null,"name:en":null},"geometry":{"type":"MultiPolygon","coordinates":[[[[12.4951516,41.8994005],[12.4951693,41.8994172],[12.49512,41.8994451],[12.4950799,41.8994678],[12.4950293,41.8994965],[12.4949758,41.8995268],[12.4949154,41.899561],[12.494859,41.8995929],[12.4948149,41.8996179],[12.4947784,41.8996386],[12.494753,41.8996143],[12.4947208,41.8995835],[12.4946837,41.8995481],[12.4946449,41.899511],[12.4945978,41.899466],[12.4945619,41.8994317],[12.4945205,41.8993921],[12.4944821,41.8993553],[12.4944417,41.8993168],[12.4944069,41.8992835],[12.4945773,41.8991917],[12.4946258,41.8992374],[12.4947932,41.8991387],[12.4945692,41.8989281],[12.495138,41.8985929],[12.4954191,41.8988572],[12.4956505,41.8990749],[12.4956471,41.8990927],[12.4956436,41.8991105],[12.4951762,41.899386],[12.4951516,41.8994005]]]]}},{"type":"Feature","properties":{"class":"public","name":"Palazzo Massimo alle Terme","name:en":null},"geometry":{"type":"MultiPolygon","coordinates":[[[[12.4978251,41.9014168],[12.4980238,41.9015327],[12.4982241,41.9016495],[12.4988686,41.9012677],[12.498822,41.9012241],[12.4987754,41.9011805],[12.4985552,41.9009747],[12.4983999,41.9010717],[12.4983773,41.9010517],[12.4983211,41.9010868],[12.4983499,41.9011124],[12.498256,41.9011711],[12.4982235,41.9011914],[12.4981341,41.9012473],[12.4981131,41.9012286],[12.4978251,41.9014168]]]]}},{"type":"Feature","properties":{"class":"public","name":"Chiesa di Sant\u2019Agata dei Goti","name:en":null},"geometry":{"type":"MultiPolygon","coordinates":[[[[12.489472,41.896534],[12.4894846,41.8965388],[12.4895124,41.8965447],[12.489543,41.8965411],[12.4895627,41.8965321],[12.4895795,41.8965161],[12.4895868,41.8964966],[12.4895824,41.8964742],[12.4895696,41.8964584],[12.4895482,41.8964462],[12.4895345,41.8964409],[12.4895361,41.8964386],[12.4895555,41.8964022],[12.4893481,41.8963245],[12.4893357,41.8963445],[12.4891063,41.8962587],[12.4889937,41.8963876],[12.4891528,41.8964655],[12.4894449,41.8965799],[12.489472,41.896534]]]]}},{"type":"Feature","properties":{"class":"public","name":"Universit\u00e0 Sapienza di Roma - Facolt\u00e0 di Ingegneria","name:en":null},"geometry":{"type":"MultiPolygon","coordinates":[[[[12.4937823,41.8935578],[12.4937175,41.8935322],[12.4937289,41.8935162],[12.493782,41.8934418],[12.4936969,41.8934082],[12.4937314,41.8933599],[12.4937757,41.8932978],[12.4938607,41.8933314],[12.4939072,41.8932662],[12.4939219,41.893272],[12.4940038,41.8933044],[12.4940883,41.8931859],[12.4940063,41.8931535],[12.4936351,41.8930067],[12.4936399,41.893],[12.4936599,41.892972],[12.4936108,41.8929526],[12.493593,41.8929775],[12.493586,41.8929873],[12.493271,41.8928628],[12.4932608,41.8928771],[12.4931411,41.8928298],[12.4931344,41.8928392],[12.4930739,41.8929239],[12.4931734,41.8929632],[12.4930562,41.8931408],[12.4930084,41.8932131],[12.4929606,41.8932855],[12.4928511,41.8934514],[12.4927313,41.8934041],[12.4926583,41.8935065],[12.4929452,41.89362],[12.4934988,41.8938388],[12.4936771,41.8935889],[12.4937,41.8935567],[12.4937022,41.8935536],[12.493767,41.8935792],[12.4936438,41.8937519],[12.4935946,41.8938209],[12.4936404,41.8938389],[12.4936323,41.8938748],[12.4935977,41.8940273],[12.4935614,41.8940513],[12.4935062,41.8940464],[12.4934824,41.8940644],[12.4934669,41.8940961],[12.4935558,41.894108],[12.493824,41.8941417],[12.4938998,41.8941256],[12.4941453,41.8939347],[12.4937914,41.8937943],[12.4939128,41.8936273],[12.493984,41.8936556],[12.4938989,41.8937745],[12.4942009,41.8938944],[12.494312,41.893809],[12.4943322,41.8937493],[12.4943455,41.8937097],[12.4943004,41.8936918],[12.4943345,41.8936441],[12.494068,41.8935383],[12.4940407,41.8935764],[12.4939693,41.8935481],[12.4940536,41.8934299],[12.4939132,41.8933744],[12.4937823,41.8935578]]]]}},{"type":"Feature","properties":{"class":"ruin","name":null,"name:en":null},"geometry":{"type":"MultiPolygon","coordinates":[[[[12.4951233,41.8910795],[12.4951181,41.8910202],[12.4950636,41.8910229],[12.4950564,41.8909418],[12.4948518,41.8909518],[12.4948522,41.8909563],[12.4949101,41.8909535],[12.4949164,41.8910256],[12.4948585,41.8910284],[12.4948589,41.8910329],[12.494973,41.8910273],[12.4949782,41.8910866],[12.4951233,41.8910795]]]]}},{"type":"Feature","properties":{"class":"ruin","name":"Sala ottagonale","name:en":null},"geometry":{"type":"MultiPolygon","coordinates":[[[[12.4969703,41.8915408],[12.4970218,41.8915057],[12.497025,41.8914538],[12.4969779,41.8914155],[12.4969082,41.8914131],[12.4968566,41.8914482],[12.4968535,41.8915001],[12.4969006,41.8915385],[12.4969703,41.8915408]]]]}},{"type":"Feature","properties":{"class":"ruin","name":null,"name:en":null},"geometry":{"type":"MultiPolygon","coordinates":[[[[12.4945378,41.8901698],[12.4945903,41.8901962],[12.4945432,41.8902054],[12.4945322,41.8901709],[12.4945378,41.8901698]]]]}},{"type":"Feature","properties":{"class":"ruin","name":null,"name:en":null},"geometry":{"type":"MultiPolygon","coordinates":[[[[12.4949437,41.8900933],[12.4949419,41.8900826],[12.4948657,41.8900936],[12.4947905,41.8900934],[12.4947282,41.8900847],[12.494675,41.8900715],[12.4946555,41.8901214],[12.494587,41.8900958],[12.4945763,41.8900984],[12.4946616,41.8901317],[12.494712,41.8901412],[12.4947619,41.8901483],[12.4948136,41.8901502],[12.4948695,41.8901514],[12.4949724,41.8901387],[12.4949642,41.890102],[12.4949568,41.8901029],[12.494964,41.8901352],[12.4948856,41.8901449],[12.4948753,41.8901029],[12.4949437,41.8900933]]]]}},{"type":"Feature","properties":{"class":"ruin","name":null,"name:en":null},"geometry":{"type":"MultiPolygon","coordinates":[[[[12.496747,41.8859204],[12.4967472,41.8858933],[12.4968401,41.8858935],[12.4968411,41.8856868],[12.4964484,41.8857246],[12.4964475,41.8859196],[12.496747,41.8859204]]]]}},{"type":"Feature","properties":{"class":"ruin","name":null,"name:en":null},"geometry":{"type":"MultiPolygon","coordinates":[[[[12.4942487,41.8778706],[12.4942534,41.8778793],[12.4942544,41.8778887],[12.4942516,41.8778978],[12.4942452,41.8779059],[12.4940799,41.8780256],[12.4938891,41.8778794],[12.4940625,41.877754],[12.4940811,41.8777682],[12.4940985,41.8777556],[12.4942487,41.8778706]]]]}},{"type":"Feature","properties":{"class":"public","name":null,"name:en":null},"geometry":{"type":"MultiPolygon","coordinates":[[[[12.4846255,41.8985468],[12.4843032,41.8992843],[12.4844279,41.8993111],[12.4844716,41.899314],[12.4844837,41.8992824],[12.4845151,41.8992839],[12.4845201,41.8992694],[12.4846024,41.8992865],[12.4847142,41.8993067],[12.4847666,41.8992849],[12.4848999,41.8993143],[12.4849278,41.8992499],[12.4851027,41.8992886],[12.4851158,41.899261],[12.4853454,41.8993154],[12.4854273,41.8991469],[12.4854178,41.8990915],[12.4854154,41.899091],[12.4850845,41.8990235],[12.4851035,41.8989711],[12.4853971,41.8989749],[12.4853774,41.8988661],[12.4852738,41.8988698],[12.4852467,41.8985516],[12.4846255,41.8985468]]]]}},{"type":"Feature","properties":{"class":"public","name":"Palazzo Esercito","name:en":null},"geometry":{"type":"MultiPolygon","coordinates":[[[[12.491471,41.9023149],[12.4919604,41.9026512],[12.491942,41.9026662],[12.4921105,41.9027807],[12.492279,41.9028952],[12.4922933,41.9028835],[12.4927896,41.9032342],[12.492875,41.90323],[12.4936821,41.9025683],[12.4938078,41.9024653],[12.492465,41.9015266],[12.4917665,41.9020799],[12.4917123,41.9021233],[12.491471,41.9023149]]]]}},{"type":"Feature","properties":{"class":"public","name":null,"name:en":null},"geometry":{"type":"MultiPolygon","coordinates":[[[[12.4943904,41.9046545],[12.4942367,41.9047828],[12.4943026,41.9048265],[12.494371,41.9048719],[12.4944557,41.9048012],[12.4945247,41.9047436],[12.4943904,41.9046545]]]]}},{"type":"Feature","properties":{"class":"public","name":"Palazzo Montecitorio","name:en":null},"geometry":{"type":"MultiPolygon","coordinates":[[[[12.47822,41.9021772],[12.4783533,41.9021746],[12.4790971,41.9021573],[12.4792272,41.9021542],[12.4792231,41.902061],[12.4792029,41.9015755],[12.4791973,41.9014846],[12.4791941,41.9013922],[12.4792417,41.9013884],[12.4792849,41.9013381],[12.4793917,41.9010763],[12.4791289,41.901037],[12.4789144,41.9010195],[12.478904,41.901009],[12.4788658,41.9010093],[12.4786769,41.901011],[12.4784604,41.9010171],[12.4784434,41.9010296],[12.4779962,41.9011195],[12.4780444,41.9012613],[12.4780515,41.9012795],[12.478106,41.9014178],[12.4782046,41.9014108],[12.4782057,41.90151],[12.4782087,41.9015997],[12.4782167,41.9020827],[12.47822,41.9021772]]]]}},{"type":"Feature","properties":{"class":"public","name":null,"name:en":null},"geometry":{"type":"MultiPolygon","coordinates":[[[[12.4749933,41.914496],[12.4753756,41.9145844],[12.4755043,41.914276],[12.4754802,41.9142704],[12.4755132,41.9141913],[12.4754673,41.9141807],[12.4752075,41.9141206],[12.4751826,41.9141802],[12.4751264,41.9141672],[12.4751509,41.9141085],[12.4751618,41.9140826],[12.4750808,41.9140639],[12.4749171,41.9144557],[12.475002,41.9144753],[12.4749933,41.914496]]]]}},{"type":"Feature","properties":{"class":"public","name":"Consiglio Nazionale delle Ricerche","name:en":"National Research Council"},"geometry":{"type":"MultiPolygon","coordinates":[[[[12.5122913,41.9006998],[12.5125083,41.9007644],[12.5127215,41.9008195],[12.5127541,41.9007761],[12.5131662,41.9005452],[12.513197,41.9005787],[12.5135255,41.9004048],[12.5135147,41.900326],[12.5124211,41.8999081],[12.512285,41.9001304],[12.5122758,41.9002226],[12.5123294,41.9002243],[12.5123184,41.9006439],[12.5122913,41.9006998]]]]}},{"type":"Feature","properties":{"class":"public","name":"Palazzo Balestra","name:en":null},"geometry":{"type":"MultiPolygon","coordinates":[[[[12.4887608,41.9059906],[12.4887058,41.90609],[12.4886709,41.9061638],[12.4890679,41.9063873],[12.4891102,41.9063115],[12.4892074,41.9061339],[12.4887608,41.9059906]]]]}},{"type":"Feature","properties":{"class":"public","name":"Palazzo dell'Agricoltura","name:en":null},"geometry":{"type":"MultiPolygon","coordinates":[[[[12.494871,41.9053974],[12.4944489,41.9057497],[12.4945734,41.9058323],[12.4945174,41.9058791],[12.4944882,41.9059035],[12.4944479,41.9059371],[12.4943234,41.9058544],[12.4943143,41.905862],[12.4941294,41.9057393],[12.4941385,41.9057318],[12.4939969,41.9056378],[12.4939878,41.9056453],[12.4936946,41.9054507],[12.4938211,41.9053451],[12.4939567,41.9054351],[12.4943796,41.9050821],[12.4943605,41.9050695],[12.49438,41.9050532],[12.4943241,41.9050161],[12.494254,41.9049696],[12.494371,41.9048719],[12.4945396,41.9049839],[12.4946566,41.9048863],[12.4947906,41.9049752],[12.4947828,41.9049818],[12.4949841,41.9051154],[12.494992,41.9051088],[12.4951281,41.9051992],[12.49502,41.9052893],[12.4951526,41.9053773],[12.4950267,41.9054824],[12.4949168,41.9054094],[12.4949045,41.9054196],[12.494871,41.9053974]]]]}},{"type":"Feature","properties":{"class":"public","name":"Palazzo dell'Aeronautica","name:en":null},"geometry":{"type":"MultiPolygon","coordinates":[[[[12.5080241,41.9028364],[12.5089501,41.9031223],[12.5091755,41.9027281],[12.5092434,41.9027533],[12.5094815,41.9023321],[12.5094051,41.9023099],[12.5096365,41.9019259],[12.50871,41.9016073],[12.5084758,41.902027],[12.5084386,41.9020139],[12.5082167,41.9023936],[12.5082542,41.9024095],[12.5080241,41.9028364]]]]}},{"type":"Feature","properties":{"class":"public","name":null,"name:en":null},"geometry":{"type":"MultiPolygon","coordinates":[[[[12.5047269,41.9029973],[12.5047864,41.902949],[12.504896,41.9030249],[12.5050856,41.9028788],[12.5050481,41.9028538],[12.5051249,41.9027909],[12.5050929,41.9027684],[12.5050604,41.9027456],[12.5050396,41.902762],[12.5050098,41.9027411],[12.5049857,41.9027601],[12.5049546,41.9027382],[12.5048975,41.902787],[12.5048451,41.9027534],[12.5050071,41.9026198],[12.5050514,41.9026496],[12.5050627,41.9026387],[12.5051412,41.9025758],[12.5049661,41.9024597],[12.5043974,41.9029135],[12.5045813,41.9030359],[12.5047567,41.9031537],[12.504802,41.9031156],[12.5048236,41.9031283],[12.5048672,41.9030925],[12.5047269,41.9029973]]]]}},{"type":"Feature","properties":{"class":"ruin","name":null,"name:en":null},"geometry":{"type":"MultiPolygon","coordinates":[[[[12.5144216,41.8904817],[12.5142719,41.8903882],[12.5144502,41.8902445],[12.5146026,41.8903366],[12.514573,41.8903779],[12.514537,41.890395],[12.5145342,41.8904081],[12.5145287,41.8904205],[12.5145093,41.8904253],[12.5144954,41.8904301],[12.5144927,41.8904377],[12.5144964,41.8904452],[12.5144825,41.8904549],[12.5144687,41.8904617],[12.5144585,41.8904659],[12.5144539,41.8904748],[12.514453,41.8904858],[12.51444,41.8904927],[12.5144206,41.8904995],[12.5144077,41.8905181],[12.5143938,41.8905092],[12.5144216,41.8904817]]]]}},{"type":"Feature","properties":{"class":"public","name":null,"name:en":null},"geometry":{"type":"MultiPolygon","coordinates":[[[[12.5009587,41.9173082],[12.5009045,41.9172704],[12.5008827,41.9172832],[12.5008247,41.9172434],[12.5009222,41.9171661],[12.500839,41.917108],[12.5009379,41.9170269],[12.5008914,41.9169955],[12.5010239,41.9168904],[12.5009803,41.9168599],[12.5009883,41.9168535],[12.5009989,41.9168609],[12.5010036,41.9168573],[12.5010134,41.9168641],[12.5010195,41.9168593],[12.5010457,41.9168776],[12.5010349,41.9168861],[12.5010765,41.9169151],[12.5010934,41.9169017],[12.5012943,41.9170419],[12.5009587,41.9173082]]]]}},{"type":"Feature","properties":{"class":"public","name":"Edificio di Fisica","name:en":null},"geometry":{"type":"MultiPolygon","coordinates":[[[[12.5137838,41.9035485],[12.5127539,41.9032628],[12.5128484,41.90307],[12.5129977,41.9031086],[12.5130159,41.9030632],[12.5128819,41.9030224],[12.5129824,41.9028228],[12.5130043,41.9028349],[12.513046,41.9027586],[12.5136343,41.9029264],[12.5135583,41.9030955],[12.5139485,41.9032032],[12.5137838,41.9035485]]]]}},{"type":"Feature","properties":{"class":"ruin","name":"Terme di Agrippa","name:en":null},"geometry":{"type":"MultiPolygon","coordinates":[[[[12.4770359,41.8969599],[12.4770333,41.8969801],[12.4770708,41.896982],[12.4771056,41.8969666],[12.4771353,41.8969512],[12.4771521,41.8969358],[12.4771681,41.8968992],[12.4771293,41.8968895],[12.4771225,41.8968944],[12.4770966,41.8969253],[12.4770669,41.8969483],[12.4770359,41.8969599]]],[[[12.4768314,41.8968796],[12.4768461,41.8969214],[12.4768758,41.8969522],[12.4769158,41.8969704],[12.4769571,41.8969762],[12.476961,41.8969436],[12.4769289,41.8969345],[12.4769042,41.8969176],[12.4768797,41.8968955],[12.4768747,41.8968794],[12.4768314,41.8968796]]]]}},{"type":"Feature","properties":{"class":"public","name":"Palazzo Piombino Margherita","name:en":null},"geometry":{"type":"MultiPolygon","coordinates":[[[[12.4914521,41.9067614],[12.4914147,41.9065481],[12.491002,41.9065118],[12.4910406,41.9062689],[12.4908184,41.9062494],[12.4907227,41.9068527],[12.4909353,41.9068713],[12.4909405,41.9068385],[12.491057,41.9068488],[12.4910525,41.9068772],[12.4914285,41.9069102],[12.4914521,41.9067614]]]]}},{"type":"Feature","properties":{"class":"public","name":null,"name:en":null},"geometry":{"type":"MultiPolygon","coordinates":[[[[12.4936793,41.8939411],[12.4936281,41.8941131],[12.4938037,41.8941417],[12.4938047,41.8941383],[12.4938957,41.8941148],[12.4941369,41.8939186],[12.4939728,41.8938535],[12.4939692,41.8938586],[12.4939495,41.8938862],[12.4936406,41.8937637],[12.4936011,41.8938192],[12.4936488,41.8938381],[12.4936276,41.8939092],[12.4936856,41.8939323],[12.4936793,41.8939411]]]]}},{"type":"Feature","properties":{"class":"ruin","name":null,"name:en":null},"geometry":{"type":"MultiPolygon","coordinates":[[[[12.4884472,41.8845963],[12.4885614,41.8845065],[12.4885679,41.8845133],[12.4885869,41.8845381],[12.4885969,41.8845338],[12.4886048,41.8845418],[12.4885937,41.8845488],[12.488612,41.88458],[12.4886493,41.8845648],[12.4886554,41.8845725],[12.4886163,41.8845902],[12.4886288,41.8846185],[12.4886755,41.8846083],[12.4886644,41.8845821],[12.4887103,41.8845715],[12.4887168,41.8845854],[12.4887315,41.8845816],[12.4887368,41.8845931],[12.4887673,41.8845859],[12.4887727,41.8845955],[12.4887799,41.8845939],[12.488791,41.884623],[12.4887943,41.8846551],[12.4886565,41.8846698],[12.4886658,41.8847037],[12.488715,41.884704],[12.4887153,41.8847128],[12.4886683,41.8847136],[12.4886594,41.8847218],[12.4886601,41.8847472],[12.488729,41.8847483],[12.4887293,41.8847606],[12.4886619,41.8847598],[12.4886615,41.8847732],[12.4887236,41.8847753],[12.4887236,41.8847943],[12.4887419,41.8847956],[12.4887408,41.8848068],[12.4886593,41.8848004],[12.4886554,41.8848351],[12.4887203,41.8848421],[12.4887196,41.8848522],[12.488655,41.8848439],[12.4886479,41.8848776],[12.488716,41.8848878],[12.4887135,41.8848979],[12.4886457,41.8848867],[12.4886342,41.8849185],[12.4886601,41.8849244],[12.4886558,41.8849332],[12.4886314,41.884927],[12.4886156,41.8849618],[12.4886396,41.8849674],[12.4886357,41.8849743],[12.488612,41.8849684],[12.488593,41.8850018],[12.4885998,41.8850045],[12.4885951,41.8850136],[12.4885883,41.8850112],[12.4885782,41.8850291],[12.4885682,41.8850406],[12.4885721,41.8850422],[12.488565,41.8850491],[12.4885449,41.8850395],[12.4885316,41.8850331],[12.4885165,41.8850515],[12.488504,41.885063],[12.4884641,41.8850411],[12.4884541,41.8850315],[12.4884455,41.8850304],[12.4884509,41.8850192],[12.4884806,41.8850309],[12.4885172,41.8850331],[12.4885363,41.8850061],[12.4884889,41.8849893],[12.4884806,41.884981],[12.4884681,41.8849837],[12.4884491,41.884974],[12.4884882,41.8849014],[12.488505,41.8849054],[12.4885133,41.8848894],[12.4885007,41.8848843],[12.4885176,41.8848544],[12.4885251,41.8848512],[12.488533,41.8848167],[12.488533,41.8847769],[12.4885309,41.8847192],[12.488514,41.8846623],[12.4884968,41.8846195],[12.4884819,41.8845959],[12.4884516,41.884604],[12.4884472,41.8845963]]]]}},{"type":"Feature","properties":{"class":"public","name":"Posta Centrale Vaticana","name:en":"Central Vatican Post Office"},"geometry":{"type":"MultiPolygon","coordinates":[[[[12.4560806,41.9043711],[12.4560689,41.9042019],[12.4563436,41.9041889],[12.4563576,41.9043629],[12.4560806,41.9043711]]]]}},{"type":"Feature","properties":{"class":"wall","name":"Passetto di Borgo","name:en":null},"geometry":{"type":"MultiLineString","coordinates":[[[12.4577962,41.9033231],[12.4577986,41.9033464],[12.4577168,41.903351],[12.457653,41.903356],[12.4576258,41.9033575],[12.4575616,41.9033599],[12.457559,41.9033598]],[[12.4642507,41.9033635],[12.4643537,41.9033627],[12.4643742,41.903363],[12.4644207,41.9033644],[12.4644551,41.903365],[12.4644869,41.9033669],[12.4649797,41.9033801],[12.465179,41.9033837],[12.4655728,41.9034],[12.4655857,41.9034005],[12.4655857,41.9034203],[12.4655728,41.9034198],[12.4651842,41.9034032],[12.4649697,41.9033995],[12.4645915,41.903389],[12.4645466,41.9033886],[12.4644857,41.9033876],[12.4644514,41.9033859],[12.4643724,41.9033838],[12.4643518,41.9033831],[12.4642499,41.9033822],[12.4641075,41.9033821],[12.4641074,41.903399],[12.463872,41.9034057],[12.4638727,41.9033906],[12.4637668,41.9033904],[12.4636648,41.9033944],[12.4635612,41.9034009],[12.4635613,41.903425],[12.4634819,41.9034305],[12.4634784,41.9034017],[12.4632076,41.903408],[12.4631305,41.9034066],[12.4630381,41.9034092],[12.4629145,41.9034105],[12.4628274,41.9034102],[12.462702,41.9033983],[12.4623951,41.9033719],[12.4620716,41.9033478],[12.4619953,41.903345],[12.4619656,41.90334],[12.4618781,41.9033353],[12.4618763,41.9033519],[12.4618009,41.9033495],[12.461803,41.9033313],[12.4617116,41.9033274],[12.46165,41.9033229],[12.4613763,41.9032997],[12.4611437,41.903274],[12.4609928,41.903257],[12.4606673,41.9032087],[12.4605265,41.9031865],[12.4603123,41.9031504],[12.4602939,41.9031484],[12.4602054,41.9031357],[12.4602017,41.9031576],[12.4601298,41.9031508],[12.4601337,41.903128],[12.4600809,41.9031255],[12.4599414,41.903123],[12.4597608,41.9031238],[12.4594951,41.9031357],[12.4593534,41.9031444],[12.4592891,41.9031483],[12.4589403,41.903188],[12.4586816,41.9032237],[12.4586589,41.9032301],[12.4585802,41.9032386],[12.4585154,41.9032438],[12.4585031,41.9032453],[12.458507,41.9032641],[12.4584358,41.9032723],[12.458432,41.903254],[12.4581905,41.9032806],[12.45791,41.903304],[12.4577962,41.9033231]],[[12.4584962,41.9032139],[12.4584978,41.9032212],[12.4585742,41.9032117],[12.4586645,41.9032005],[12.4589288,41.9031705],[12.4592902,41.9031302],[12.4593501,41.903125],[12.4594949,41.9031178],[12.4597614,41.9031062],[12.4599397,41.9031049],[12.4600815,41.9031048],[12.4601377,41.9031059],[12.4601387,41.9030994],[12.4601769,41.9031023],[12.4602108,41.9031059],[12.4602091,41.9031154],[12.460294,41.9031272],[12.4603172,41.9031291],[12.4605293,41.903163],[12.4606741,41.9031875],[12.4609904,41.9032294],[12.4611533,41.9032478],[12.4613835,41.9032737],[12.4616524,41.903299],[12.4617129,41.903304],[12.4619637,41.903315],[12.4619945,41.903318],[12.462084,41.9033259],[12.4620968,41.9033268],[12.462396,41.9033477],[12.4627084,41.9033711],[12.4628302,41.9033828],[12.4629198,41.9033859],[12.4630372,41.9033843],[12.4631296,41.9033814],[12.4632171,41.903382],[12.4634785,41.9033753],[12.4635578,41.9033748],[12.4636665,41.9033724],[12.4637692,41.9033713],[12.4638741,41.9033705],[12.4641074,41.9033647],[12.4642507,41.9033635]],[[12.4577935,41.9032995],[12.457906,41.903281],[12.4581872,41.9032588],[12.4584273,41.903232],[12.4584252,41.9032227],[12.4584962,41.9032139]],[[12.457557,41.9033144],[12.4576253,41.9033101],[12.4577138,41.9033055],[12.457752,41.9033026],[12.4577935,41.9032995]],[[12.4575579,41.9033324],[12.457557,41.9033144]],[[12.457559,41.9033598],[12.4573652,41.903366],[12.4572956,41.9033702],[12.4573012,41.9033834],[12.4572259,41.9034009],[12.4572134,41.9033713],[12.4571484,41.9033864],[12.4571008,41.9033972],[12.4571133,41.9034276],[12.4570272,41.9034472],[12.4570143,41.9034158],[12.4566701,41.9034192],[12.4565699,41.9034189],[12.4565588,41.903396],[12.4566836,41.9033981],[12.4567023,41.9033978],[12.4568079,41.9033962],[12.4569318,41.9033942],[12.4569686,41.9033936],[12.4570053,41.9033938],[12.4569954,41.9033702],[12.457078,41.9033509],[12.4571303,41.9033385],[12.4571884,41.903325],[12.4571962,41.9033435],[12.4572765,41.9033248],[12.4572944,41.9033471],[12.457386,41.903342],[12.4574708,41.9033373],[12.4575579,41.9033324]]]}},{"type":"Feature","properties":{"class":"ruin","name":"Thermae Traianae","name:en":"Baths of Trajan"},"geometry":{"type":"MultiPolygon","coordinates":[[[[12.4964448,41.8918972],[12.4964963,41.8918759],[12.4966313,41.8920311],[12.4965764,41.8920567],[12.4965715,41.8920416],[12.4965742,41.8920311],[12.49657,41.8920134],[12.4965618,41.8920051],[12.49656,41.8919764],[12.4965331,41.8919434],[12.4964747,41.8919092],[12.496451,41.8919058],[12.4964448,41.8918972]]],[[[12.4970069,41.892265],[12.4969998,41.8923054],[12.4970321,41.8923086],[12.4970715,41.892238],[12.4970835,41.8921967],[12.4970659,41.8921529],[12.4969987,41.8920649],[12.4969991,41.8920622],[12.4969771,41.8920572],[12.496952,41.892063],[12.4969282,41.8920509],[12.496892,41.8920509],[12.4968893,41.892046],[12.4968519,41.8920436],[12.4968492,41.8920521],[12.4968325,41.8920505],[12.4967826,41.8920523],[12.4968051,41.8920703],[12.4968871,41.8920682],[12.4969326,41.892074],[12.496965,41.8920931],[12.496997,41.8921178],[12.4970233,41.8921476],[12.4970345,41.892186],[12.4970314,41.8922299],[12.4970069,41.892265]]],[[[12.4981087,41.8926628],[12.4981083,41.8926623],[12.4981046,41.8926585],[12.4980805,41.8926711],[12.4980509,41.8926866],[12.4980789,41.8927185],[12.4980915,41.8927693],[12.4980758,41.8928198],[12.4980372,41.8928597],[12.4979877,41.8928835],[12.497913,41.8928934],[12.4978491,41.8928818],[12.4977943,41.8928521],[12.4977756,41.8928307],[12.4977459,41.8928462],[12.4977676,41.8928709],[12.4978336,41.8929067],[12.4979119,41.8929209],[12.4980013,41.8929091],[12.4980626,41.8928796],[12.4981094,41.8928312],[12.4981284,41.8927699],[12.4981159,41.8927192],[12.4981309,41.8927172],[12.4981428,41.8927115],[12.4981499,41.8927041],[12.4981404,41.8926986],[12.4981343,41.8927049],[12.4981264,41.8927087],[12.4981148,41.8927102],[12.4981136,41.89271],[12.4981132,41.8927083],[12.4980914,41.8926835],[12.4981161,41.8926706],[12.4981087,41.8926628]]]]}},{"type":"Feature","properties":{"class":"public","name":null,"name:en":null},"geometry":{"type":"MultiPolygon","coordinates":[[[[12.4791781,41.8635999],[12.4792218,41.8638886],[12.4792387,41.8638886],[12.4792469,41.8639574],[12.4793878,41.8639448],[12.4793754,41.8638777],[12.4796837,41.8638482],[12.4796971,41.863923],[12.479974,41.8638968],[12.4799723,41.8638662],[12.4802052,41.8638419],[12.4801806,41.8637297],[12.4801128,41.8637389],[12.4801053,41.8636921],[12.4799886,41.8637027],[12.4799637,41.863553],[12.4800925,41.8635429],[12.4800801,41.8634639],[12.4800675,41.8633638],[12.4793187,41.8634381],[12.4793303,41.8635032],[12.4792518,41.8635096],[12.4792603,41.8635596],[12.4792655,41.8635904],[12.4791781,41.8635999]]]]}},{"type":"Feature","properties":{"class":"public","name":null,"name:en":null},"geometry":{"type":"MultiPolygon","coordinates":[[[[12.4990187,41.8625052],[12.499039,41.8625083],[12.4992044,41.8626842],[12.4994778,41.8625502],[12.4997033,41.8623826],[12.4995571,41.8622701],[12.499446,41.8623435],[12.4994011,41.862312],[12.4994005,41.862297],[12.4993656,41.8623067],[12.4991024,41.862262],[12.4990187,41.8625052]]]]}},{"type":"Feature","properties":{"class":"ruin","name":"Terme di Caracalla","name:en":"Baths of Caracalla"},"geometry":{"type":"MultiPolygon","coordinates":[[[[12.491505,41.8803964],[12.4914089,41.8803357],[12.4912941,41.880297],[12.4911695,41.8802831],[12.4908614,41.8803045],[12.4907693,41.8803422],[12.4906151,41.880272],[12.4903199,41.8799537],[12.4902384,41.879655],[12.4902043,41.8796319],[12.4899042,41.8791442],[12.4899015,41.8790635],[12.4899362,41.879005],[12.4927328,41.8769576],[12.4927703,41.8769443],[12.4928123,41.8769568],[12.4928972,41.8770126],[12.4932795,41.8772637],[12.4933312,41.8772275],[12.4939095,41.8773586],[12.494131,41.8774803],[12.4942926,41.8777474],[12.4946178,41.8783729],[12.4945712,41.87842],[12.4948861,41.87866],[12.4948338,41.8787001],[12.4947803,41.8787412],[12.4947596,41.8789157],[12.4927061,41.8803929],[12.4923655,41.8806379],[12.4922846,41.8807026],[12.4923295,41.8807904],[12.4922342,41.8808386],[12.4921726,41.8808698],[12.4919635,41.8807253],[12.4919609,41.8806952],[12.4917564,41.8805317],[12.4917323,41.8805535],[12.491505,41.8803964]]]]}},{"type":"Feature","properties":{"class":"ruin","name":"Sepolcreto Ostiense","name:en":null},"geometry":{"type":"MultiPolygon","coordinates":[[[[12.4779001,41.8593003],[12.4779875,41.8597369],[12.4780084,41.8598411],[12.4780531,41.8605409],[12.4781262,41.860456],[12.4782512,41.8602885],[12.4783375,41.8601669],[12.4783458,41.8600773],[12.4783165,41.8599279],[12.478232,41.8596153],[12.4780001,41.8593583],[12.4779303,41.859281],[12.4779001,41.8593003]]]]}},{"type":"Feature","properties":{"class":"public","name":null,"name:en":null},"geometry":{"type":"MultiPolygon","coordinates":[[[[12.4794168,41.8650284],[12.4793883,41.8648111],[12.4794275,41.8647705],[12.4794659,41.8647424],[12.4794927,41.8647041],[12.4794966,41.8646706],[12.4794787,41.8646261],[12.4794716,41.8645836],[12.4794673,41.8645264],[12.4807704,41.8643955],[12.4808466,41.864811],[12.480379,41.8649442],[12.4803665,41.8649452],[12.479773,41.8649909],[12.4797531,41.8649924],[12.4794168,41.8650284]]]]}},{"type":"Feature","properties":{"class":"public","name":"Geologia","name:en":null},"geometry":{"type":"MultiPolygon","coordinates":[[[[12.5134896,41.9041097],[12.5136735,41.9037567],[12.5143655,41.9039476],[12.5142002,41.9042948],[12.5134896,41.9041097]]]]}},{"type":"Feature","properties":{"class":"ruin","name":"Auditoria di Adriano","name:en":"Auditorium of Hadrian"},"geometry":{"type":"MultiPolygon","coordinates":[[[[12.4829957,41.8959662],[12.4832377,41.8960317],[12.483259,41.8960349],[12.483289,41.8960353],[12.4833159,41.8960335],[12.4833385,41.8960264],[12.4833615,41.8960153],[12.4833875,41.8959966],[12.4835158,41.89579],[12.4832639,41.8957091],[12.4830936,41.895755],[12.4829957,41.8959662]]]]}}]}